{"v":"5.9.0","fr":60,"ip":0,"op":280,"w":1080,"h":1080,"nm":"Confused","ddd":0,"assets":[],"layers":[{"ddd":0,"ind":1,"ty":3,"nm":"Face","parent":8,"sr":1,"ks":{"o":{"a":0,"k":0,"ix":11},"r":{"a":0,"k":0,"ix":10},"p":{"a":1,"k":[{"i":{"x":0.34,"y":1},"o":{"x":0.66,"y":0},"t":0,"s":[-8.009,-17.675,0],"to":[0,0,0],"ti":[0,0,0]},{"i":{"x":0.34,"y":0.34},"o":{"x":0.66,"y":0.66},"t":30,"s":[-8,10,0],"to":[0,0,0],"ti":[0,0,0]},{"i":{"x":0.34,"y":1},"o":{"x":0.66,"y":0},"t":60,"s":[-8,10,0],"to":[0,0,0],"ti":[0,0,0]},{"i":{"x":0.34,"y":0.34},"o":{"x":0.66,"y":0.66},"t":100,"s":[-8.009,-17.675,0],"to":[0,0,0],"ti":[0,0,0]},{"i":{"x":0.34,"y":1},"o":{"x":0.66,"y":0},"t":130,"s":[-8.009,-17.675,0],"to":[0,0,0],"ti":[0,0,0]},{"i":{"x":0.34,"y":0.34},"o":{"x":0.66,"y":0.66},"t":160,"s":[56.507,-17.675,0],"to":[0,0,0],"ti":[0,0,0]},{"i":{"x":0.34,"y":1},"o":{"x":0.66,"y":0},"t":180,"s":[56.507,-17.675,0],"to":[0,0,0],"ti":[0,0,0]},{"i":{"x":0.34,"y":0.34},"o":{"x":0.66,"y":0.66},"t":210,"s":[-51.02,-17.675,0],"to":[0,0,0],"ti":[0,0,0]},{"i":{"x":0.34,"y":1},"o":{"x":0.66,"y":0},"t":230,"s":[-51.02,-17.675,0],"to":[0,0,0],"ti":[0,0,0]},{"t":260,"s":[-8.009,-17.675,0]}],"ix":2,"l":2},"a":{"a":0,"k":[50,50,0],"ix":1,"l":2},"s":{"a":1,"k":[{"i":{"x":[0.34,0.34,0.34],"y":[1,1,1]},"o":{"x":[0.66,0.66,0.66],"y":[0,0,0]},"t":0,"s":[95,95,100]},{"i":{"x":[0.34,0.34,0.34],"y":[1,1,1]},"o":{"x":[0.66,0.66,0.66],"y":[0,0,0]},"t":30,"s":[100,100,100]},{"i":{"x":[0.34,0.34,0.34],"y":[1,1,1]},"o":{"x":[0.66,0.66,0.66],"y":[0,0,0]},"t":60,"s":[100,100,100]},{"i":{"x":[0.34,0.34,0.34],"y":[1,1,1]},"o":{"x":[0.66,0.66,0.66],"y":[0,0,0]},"t":100,"s":[95,95,100]},{"t":130,"s":[95,95,100]}],"ix":6,"l":2}},"ao":0,"ip":0,"op":480,"st":0,"bm":0},{"ddd":0,"ind":2,"ty":4,"nm":"Mask","td":1,"sr":1,"ks":{"o":{"a":0,"k":100,"ix":11},"r":{"a":0,"k":0,"ix":10},"p":{"a":1,"k":[{"i":{"x":0.34,"y":1},"o":{"x":0.66,"y":0},"t":0,"s":[540,521.08,0],"to":[0,0,0],"ti":[0,0,0]},{"i":{"x":0.34,"y":0.34},"o":{"x":0.66,"y":0.66},"t":30,"s":[540,540,0],"to":[0,0,0],"ti":[0,0,0]},{"i":{"x":0.34,"y":1},"o":{"x":0.66,"y":0},"t":60,"s":[540,540,0],"to":[0,0,0],"ti":[0,0,0]},{"i":{"x":0.34,"y":0.34},"o":{"x":0.66,"y":0.66},"t":100,"s":[540,521.08,0],"to":[0,0,0],"ti":[0,0,0]},{"t":130,"s":[540,521.08,0]}],"ix":2,"l":2},"a":{"a":0,"k":[0,0,0],"ix":1,"l":2},"s":{"a":1,"k":[{"i":{"x":[0.34,0.34,0.34],"y":[1,1,1]},"o":{"x":[0.66,0.66,0.66],"y":[0,0,0]},"t":0,"s":[93,93,100]},{"i":{"x":[0.34,0.34,0.34],"y":[1,1,1]},"o":{"x":[0.66,0.66,0.66],"y":[0,0,0]},"t":30,"s":[100,100,100]},{"i":{"x":[0.34,0.34,0.34],"y":[1,1,1]},"o":{"x":[0.66,0.66,0.66],"y":[0,0,0]},"t":60,"s":[100,100,100]},{"i":{"x":[0.34,0.34,0.34],"y":[1,1,1]},"o":{"x":[0.66,0.66,0.66],"y":[0,0,0]},"t":100,"s":[93,93,100]},{"t":130,"s":[93,93,100]}],"ix":6,"l":2}},"ao":0,"shapes":[{"ty":"gr","it":[{"ind":0,"ty":"sh","ix":1,"ks":{"a":0,"k":{"i":[[-27.16,-64.311],[260.606,110.062],[27.16,64.311],[-260.605,-110.062]],"o":[[110.062,260.606],[-64.311,-27.16],[-110.062,-260.605],[64.311,27.16]],"v":[[270.784,-127.971],[-127.971,270.784],[-270.784,127.971],[127.971,-270.784]],"c":true},"ix":2},"nm":"Path 1","mn":"ADBE Vector Shape - Group","hd":false},{"ty":"st","c":{"a":0,"k":[0,0,0,1],"ix":3},"o":{"a":0,"k":100,"ix":4},"w":{"a":0,"k":10,"ix":5},"lc":1,"lj":1,"ml":10,"bm":0,"nm":"Stroke 1","mn":"ADBE Vector Graphic - Stroke","hd":false},{"ty":"fl","c":{"a":0,"k":[0.572549045086,0.305882364511,0.807843148708,1],"ix":4},"o":{"a":0,"k":100,"ix":5},"r":1,"bm":0,"nm":"Fill 1","mn":"ADBE Vector Graphic - Fill","hd":false},{"ty":"tr","p":{"a":0,"k":[0,0],"ix":2},"a":{"a":0,"k":[0,0],"ix":1},"s":{"a":0,"k":[100,100],"ix":3},"r":{"a":0,"k":0,"ix":6},"o":{"a":0,"k":100,"ix":7},"sk":{"a":0,"k":0,"ix":4},"sa":{"a":0,"k":0,"ix":5},"nm":"Transform"}],"nm":"smile","np":3,"cix":2,"bm":0,"ix":1,"mn":"ADBE Vector Group","hd":false}],"ip":0,"op":480,"st":0,"bm":0},{"ddd":0,"ind":3,"ty":4,"nm":"Brow 01 :M","parent":1,"tt":1,"sr":1,"ks":{"o":{"a":0,"k":100,"ix":11},"r":{"a":0,"k":0,"ix":10},"p":{"a":0,"k":[31.329,-120.877,0],"ix":2,"l":2},"a":{"a":0,"k":[516.056,353.673,0],"ix":1,"l":2},"s":{"a":0,"k":[113.186,113.186,100],"ix":6,"l":2}},"ao":0,"shapes":[{"ty":"gr","it":[{"ty":"gr","it":[{"ind":0,"ty":"sh","ix":1,"ks":{"a":0,"k":{"i":[[0,0],[-32.783,11.019],[-11.602,-4.54]],"o":[[8.929,-10.31],[46.425,-15.604],[0,0]],"v":[[-79.92,24.48],[-18,-17.28],[79.92,-14.4]],"c":false},"ix":2},"nm":"Path 1","mn":"ADBE Vector Shape - Group","hd":false},{"ty":"st","c":{"a":0,"k":[0,0,0,1],"ix":3},"o":{"a":0,"k":100,"ix":4},"w":{"a":0,"k":10,"ix":5},"lc":2,"lj":1,"ml":10,"bm":0,"nm":"Stroke 1","mn":"ADBE Vector Graphic - Stroke","hd":false},{"ty":"tr","p":{"a":0,"k":[0,0],"ix":2},"a":{"a":0,"k":[0,0],"ix":1},"s":{"a":0,"k":[100,100],"ix":3},"r":{"a":0,"k":0,"ix":6},"o":{"a":0,"k":100,"ix":7},"sk":{"a":0,"k":0,"ix":4},"sa":{"a":0,"k":0,"ix":5},"nm":"Transform"}],"nm":"Group 1","np":2,"cix":2,"bm":0,"ix":1,"mn":"ADBE Vector Group","hd":false},{"ty":"tr","p":{"a":1,"k":[{"i":{"x":0.34,"y":1},"o":{"x":0.66,"y":0},"t":0,"s":[648.05,318.225],"to":[0,0],"ti":[0,0]},{"i":{"x":0.34,"y":0.34},"o":{"x":0.66,"y":0.66},"t":30,"s":[641.424,342.079],"to":[0,0],"ti":[0,0]},{"i":{"x":0.34,"y":1},"o":{"x":0.66,"y":0},"t":60,"s":[641.424,342.079],"to":[0,0],"ti":[0,0]},{"i":{"x":0.34,"y":0.34},"o":{"x":0.66,"y":0.66},"t":100,"s":[648.05,318.225],"to":[0,0],"ti":[0,0]},{"t":130,"s":[648.05,318.225]}],"ix":2},"a":{"a":0,"k":[0,0],"ix":1},"s":{"a":0,"k":[88.35,88.35],"ix":3},"r":{"a":1,"k":[{"i":{"x":[0.34],"y":[1]},"o":{"x":[0.66],"y":[0]},"t":0,"s":[0]},{"i":{"x":[0.34],"y":[1]},"o":{"x":[0.66],"y":[0]},"t":30,"s":[7.05]},{"i":{"x":[0.34],"y":[1]},"o":{"x":[0.66],"y":[0]},"t":60,"s":[7.05]},{"i":{"x":[0.34],"y":[1]},"o":{"x":[0.66],"y":[0]},"t":100,"s":[0]},{"t":130,"s":[0]}],"ix":6},"o":{"a":0,"k":100,"ix":7},"sk":{"a":0,"k":0,"ix":4},"sa":{"a":0,"k":0,"ix":5},"nm":"Transform"}],"nm":"Brow 01","np":1,"cix":2,"bm":0,"ix":1,"mn":"ADBE Vector Group","hd":false},{"ty":"gr","it":[{"ty":"gr","it":[{"ind":0,"ty":"sh","ix":1,"ks":{"a":0,"k":{"i":[[0,0],[13.03,-8.496],[5.198,0.865],[14.119,7.603],[12.44,7.402],[6.695,4.939],[19.144,-2.37],[18.091,-8.959]],"o":[[9.388,19.609],[-8.783,5.727],[-8.954,-1.491],[-21.995,-11.844],[-17.964,-10.689],[-15.477,-11.419],[-10.288,1.273],[0,0]],"v":[[112.418,-20.959],[103.778,28.001],[77.858,30.881],[50.498,18.641],[15.938,1.361],[-16.462,-23.119],[-72.959,-30.053],[-117.262,-16.639]],"c":false},"ix":2},"nm":"Path 1","mn":"ADBE Vector Shape - Group","hd":false},{"ty":"st","c":{"a":0,"k":[0,0,0,1],"ix":3},"o":{"a":0,"k":100,"ix":4},"w":{"a":0,"k":10,"ix":5},"lc":2,"lj":1,"ml":10,"bm":0,"nm":"Stroke 1","mn":"ADBE Vector Graphic - Stroke","hd":false},{"ty":"tr","p":{"a":0,"k":[0,0],"ix":2},"a":{"a":0,"k":[0,0],"ix":1},"s":{"a":0,"k":[100,100],"ix":3},"r":{"a":0,"k":0,"ix":6},"o":{"a":0,"k":100,"ix":7},"sk":{"a":0,"k":0,"ix":4},"sa":{"a":0,"k":0,"ix":5},"nm":"Transform"}],"nm":"Group 1","np":2,"cix":2,"bm":0,"ix":1,"mn":"ADBE Vector Group","hd":false},{"ty":"tr","p":{"a":0,"k":[417.052,382.543],"ix":2},"a":{"a":0,"k":[0,0],"ix":1},"s":{"a":0,"k":[88.35,88.35],"ix":3},"r":{"a":0,"k":0,"ix":6},"o":{"a":0,"k":100,"ix":7},"sk":{"a":0,"k":0,"ix":4},"sa":{"a":0,"k":0,"ix":5},"nm":"Transform"}],"nm":"Brow 02","np":1,"cix":2,"bm":0,"ix":2,"mn":"ADBE Vector Group","hd":false}],"ip":0,"op":480,"st":0,"bm":0},{"ddd":0,"ind":4,"ty":4,"nm":"Eye 01","parent":1,"sr":1,"ks":{"o":{"a":0,"k":100,"ix":11},"r":{"a":0,"k":0,"ix":10},"p":{"a":1,"k":[{"i":{"x":0.34,"y":1},"o":{"x":0.66,"y":0},"t":0,"s":[151.731,-4.759,0],"to":[0,0,0],"ti":[0,0,0]},{"i":{"x":0.34,"y":0.34},"o":{"x":0.66,"y":0.66},"t":30,"s":[159.489,5.241,0],"to":[0,0,0],"ti":[0,0,0]},{"i":{"x":0.34,"y":1},"o":{"x":0.66,"y":0},"t":60,"s":[159.489,5.241,0],"to":[0,0,0],"ti":[0,0,0]},{"i":{"x":0.34,"y":0.34},"o":{"x":0.66,"y":0.66},"t":100,"s":[151.731,-4.759,0],"to":[0,0,0],"ti":[0,0,0]},{"i":{"x":0.34,"y":1},"o":{"x":0.66,"y":0},"t":130,"s":[151.731,-4.759,0],"to":[0,0,0],"ti":[0,0,0]},{"i":{"x":0.34,"y":0.34},"o":{"x":0.66,"y":0.66},"t":160,"s":[181.159,-4.759,0],"to":[0,0,0],"ti":[0,0,0]},{"i":{"x":0.34,"y":1},"o":{"x":0.66,"y":0},"t":180,"s":[181.159,-4.759,0],"to":[0,0,0],"ti":[0,0,0]},{"i":{"x":0.34,"y":0.34},"o":{"x":0.66,"y":0.66},"t":210,"s":[126.83,-4.759,0],"to":[0,0,0],"ti":[0,0,0]},{"i":{"x":0.34,"y":1},"o":{"x":0.66,"y":0},"t":230,"s":[126.83,-4.759,0],"to":[0,0,0],"ti":[0,0,0]},{"t":260,"s":[151.731,-4.759,0]}],"ix":2,"l":2},"a":{"a":0,"k":[591.08,489.96,0],"ix":1,"l":2},"s":{"a":1,"k":[{"i":{"x":[0.34,0.34,0.34],"y":[1,1,1]},"o":{"x":[0.66,0.66,0.66],"y":[0,0,0]},"t":0,"s":[90,90,100]},{"i":{"x":[0.34,0.34,0.34],"y":[1,1,1]},"o":{"x":[0.66,0.66,0.66],"y":[0,0,0]},"t":30,"s":[100,100,100]},{"i":{"x":[0.34,0.34,0.34],"y":[1,1,1]},"o":{"x":[0.66,0.66,0.66],"y":[0,0,0]},"t":60,"s":[100,100,100]},{"i":{"x":[0.34,0.34,0.34],"y":[1,1,1]},"o":{"x":[0.66,0.66,0.66],"y":[0,0,0]},"t":100,"s":[90,90,100]},{"i":{"x":[0.34,0.34,0.34],"y":[1,1,1]},"o":{"x":[0.66,0.66,0.66],"y":[0,0,0]},"t":130,"s":[90,90,100]},{"t":260,"s":[90,90,100]}],"ix":6,"l":2}},"ao":0,"shapes":[{"ty":"gr","it":[{"ind":0,"ty":"sh","ix":1,"ks":{"a":0,"k":{"i":[[0,-12.725],[8.748,0],[0,12.725],[-8.748,0]],"o":[[0,12.725],[-8.748,0],[0,-12.725],[8.748,0]],"v":[[15.84,0],[0,23.04],[-15.84,0],[0,-23.04]],"c":true},"ix":2},"nm":"Path 1","mn":"ADBE Vector Shape - Group","hd":false},{"ty":"fl","c":{"a":0,"k":[1,1,1,1],"ix":4},"o":{"a":0,"k":100,"ix":5},"r":1,"bm":0,"nm":"Fill 1","mn":"ADBE Vector Graphic - Fill","hd":false},{"ty":"tr","p":{"a":0,"k":[592.52,473.4],"ix":2},"a":{"a":0,"k":[0,0],"ix":1},"s":{"a":0,"k":[100,100],"ix":3},"r":{"a":0,"k":0,"ix":6},"o":{"a":0,"k":100,"ix":7},"sk":{"a":0,"k":0,"ix":4},"sa":{"a":0,"k":0,"ix":5},"nm":"Transform"}],"nm":"Group 1","np":2,"cix":2,"bm":0,"ix":1,"mn":"ADBE Vector Group","hd":false},{"ty":"gr","it":[{"ind":0,"ty":"sh","ix":1,"ks":{"a":0,"k":{"i":[[0,-29.823],[19.087,0],[0,29.823],[-19.087,0]],"o":[[0,29.823],[-19.087,0],[0,-29.823],[19.087,0]],"v":[[34.56,0],[0,54],[-34.56,0],[0,-54]],"c":true},"ix":2},"nm":"Path 1","mn":"ADBE Vector Shape - Group","hd":false},{"ty":"fl","c":{"a":0,"k":[0,0,0,1],"ix":4},"o":{"a":0,"k":100,"ix":5},"r":1,"bm":0,"nm":"Fill 1","mn":"ADBE Vector Graphic - Fill","hd":false},{"ty":"tr","p":{"a":0,"k":[591.08,489.96],"ix":2},"a":{"a":0,"k":[0,0],"ix":1},"s":{"a":0,"k":[100,100],"ix":3},"r":{"a":0,"k":0,"ix":6},"o":{"a":0,"k":100,"ix":7},"sk":{"a":0,"k":0,"ix":4},"sa":{"a":0,"k":0,"ix":5},"nm":"Transform"}],"nm":"Group 2","np":2,"cix":2,"bm":0,"ix":2,"mn":"ADBE Vector Group","hd":false}],"ip":0,"op":480,"st":0,"bm":0},{"ddd":0,"ind":5,"ty":4,"nm":"Eye 02","parent":1,"sr":1,"ks":{"o":{"a":0,"k":100,"ix":11},"r":{"a":0,"k":0,"ix":10},"p":{"a":1,"k":[{"i":{"x":0.34,"y":1},"o":{"x":0.66,"y":0},"t":0,"s":[-68.189,0.281,0],"to":[0,0,0],"ti":[0,0,0]},{"i":{"x":0.34,"y":0.34},"o":{"x":0.66,"y":0.66},"t":30,"s":[-84.871,5.281,0],"to":[0,0,0],"ti":[0,0,0]},{"i":{"x":0.34,"y":1},"o":{"x":0.66,"y":0},"t":60,"s":[-84.871,5.281,0],"to":[0,0,0],"ti":[0,0,0]},{"i":{"x":0.34,"y":0.34},"o":{"x":0.66,"y":0.66},"t":100,"s":[-68.189,0.281,0],"to":[0,0,0],"ti":[0,0,0]},{"i":{"x":0.34,"y":1},"o":{"x":0.66,"y":0},"t":130,"s":[-68.189,0.281,0],"to":[0,0,0],"ti":[0,0,0]},{"i":{"x":0.34,"y":0.34},"o":{"x":0.66,"y":0.66},"t":160,"s":[-43.289,0.281,0],"to":[0,0,0],"ti":[0,0,0]},{"i":{"x":0.34,"y":1},"o":{"x":0.66,"y":0},"t":180,"s":[-43.289,0.281,0],"to":[0,0,0],"ti":[0,0,0]},{"i":{"x":0.34,"y":0.34},"o":{"x":0.66,"y":0.66},"t":210,"s":[-106.673,0.281,0],"to":[0,0,0],"ti":[0,0,0]},{"i":{"x":0.34,"y":1},"o":{"x":0.66,"y":0},"t":230,"s":[-106.673,0.281,0],"to":[0,0,0],"ti":[0,0,0]},{"t":260,"s":[-68.189,0.281,0]}],"ix":2,"l":2},"a":{"a":0,"k":[401.72,495,0],"ix":1,"l":2},"s":{"a":1,"k":[{"i":{"x":[0.34,0.34,0.34],"y":[1,1,1]},"o":{"x":[0.66,0.66,0.66],"y":[0,0,0]},"t":0,"s":[95,95,100]},{"i":{"x":[0.34,0.34,0.34],"y":[1,1,1]},"o":{"x":[0.66,0.66,0.66],"y":[0,0,0]},"t":30,"s":[105,105,100]},{"i":{"x":[0.34,0.34,0.34],"y":[1,1,1]},"o":{"x":[0.66,0.66,0.66],"y":[0,0,0]},"t":60,"s":[105,105,100]},{"i":{"x":[0.34,0.34,0.34],"y":[1,1,1]},"o":{"x":[0.66,0.66,0.66],"y":[0,0,0]},"t":100,"s":[95,95,100]},{"i":{"x":[0.34,0.34,0.34],"y":[1,1,1]},"o":{"x":[0.66,0.66,0.66],"y":[0,0,0]},"t":130,"s":[95,95,100]},{"t":260,"s":[95,95,100]}],"ix":6,"l":2}},"ao":0,"shapes":[{"ty":"gr","it":[{"ind":0,"ty":"sh","ix":1,"ks":{"a":0,"k":{"i":[[0,-13.52],[8.748,0],[0,13.52],[-8.748,0]],"o":[[0,13.52],[-8.748,0],[0,-13.52],[8.748,0]],"v":[[15.84,0],[0,24.48],[-15.84,0],[0,-24.48]],"c":true},"ix":2},"nm":"Path 1","mn":"ADBE Vector Shape - Group","hd":false},{"ty":"fl","c":{"a":0,"k":[1,1,1,1],"ix":4},"o":{"a":0,"k":100,"ix":5},"r":1,"bm":0,"nm":"Fill 1","mn":"ADBE Vector Graphic - Fill","hd":false},{"ty":"tr","p":{"a":0,"k":[405.32,479.72],"ix":2},"a":{"a":0,"k":[0,0],"ix":1},"s":{"a":0,"k":[100,100],"ix":3},"r":{"a":0,"k":0,"ix":6},"o":{"a":0,"k":100,"ix":7},"sk":{"a":0,"k":0,"ix":4},"sa":{"a":0,"k":0,"ix":5},"nm":"Transform"}],"nm":"Group 1","np":2,"cix":2,"bm":0,"ix":1,"mn":"ADBE Vector Group","hd":false},{"ty":"gr","it":[{"ind":0,"ty":"sh","ix":1,"ks":{"a":0,"k":{"i":[[0,-27.835],[17.894,0],[0,27.835],[-17.894,0]],"o":[[0,27.835],[-17.894,0],[0,-27.835],[17.894,0]],"v":[[32.4,0],[0,50.4],[-32.4,0],[0,-50.4]],"c":true},"ix":2},"nm":"Path 1","mn":"ADBE Vector Shape - Group","hd":false},{"ty":"fl","c":{"a":0,"k":[0,0,0,1],"ix":4},"o":{"a":0,"k":100,"ix":5},"r":1,"bm":0,"nm":"Fill 1","mn":"ADBE Vector Graphic - Fill","hd":false},{"ty":"tr","p":{"a":0,"k":[401.72,495],"ix":2},"a":{"a":0,"k":[0,0],"ix":1},"s":{"a":0,"k":[100,100],"ix":3},"r":{"a":0,"k":0,"ix":6},"o":{"a":0,"k":100,"ix":7},"sk":{"a":0,"k":0,"ix":4},"sa":{"a":0,"k":0,"ix":5},"nm":"Transform"}],"nm":"Group 2","np":2,"cix":2,"bm":0,"ix":2,"mn":"ADBE Vector Group","hd":false}],"ip":0,"op":480,"st":0,"bm":0},{"ddd":0,"ind":6,"ty":4,"nm":"mouth","parent":1,"sr":1,"ks":{"o":{"a":0,"k":100,"ix":11},"r":{"a":0,"k":0,"ix":10},"p":{"a":0,"k":[41.6,238.998,0],"ix":2,"l":2},"a":{"a":0,"k":[0,0,0],"ix":1,"l":2},"s":{"a":1,"k":[{"i":{"x":[0.34,0.34,0.34],"y":[1,1,1]},"o":{"x":[0.66,0.66,0.66],"y":[0,0,0]},"t":0,"s":[100,100,100]},{"i":{"x":[0.34,0.34,0.34],"y":[1,1,1]},"o":{"x":[0.66,0.66,0.66],"y":[0,0,0]},"t":30,"s":[85,85,100]},{"i":{"x":[0.34,0.34,0.34],"y":[1,1,1]},"o":{"x":[0.66,0.66,0.66],"y":[0,0,0]},"t":60,"s":[85,85,100]},{"i":{"x":[0.34,0.34,0.34],"y":[1,1,1]},"o":{"x":[0.66,0.66,0.66],"y":[0,0,0]},"t":100,"s":[100,100,100]},{"t":130,"s":[100,100,100]}],"ix":6,"l":2}},"ao":0,"shapes":[{"ty":"gr","it":[{"ind":0,"ty":"sh","ix":1,"ks":{"a":1,"k":[{"i":{"x":0.34,"y":1},"o":{"x":0.66,"y":0},"t":0,"s":[{"i":[[0.28,-6.984],[0,0],[-14.995,0.947],[-38.335,2.422],[2.138,4.313],[10.646,3.583],[10.35,-3.392],[13.155,1.039],[10.72,0.847]],"o":[[0,0],[-0.485,12.111],[41.868,-2.645],[5.747,-0.363],[-4.23,-8.533],[-10.501,-3.534],[-12.54,4.11],[-10.72,-0.847],[-8.632,-0.682]],"v":[[-71.868,-2.34],[-71.882,-1.98],[-44.683,18.946],[63.907,12.084],[71.29,2.668],[48.169,-16.401],[15.603,-16.422],[-23.247,-11.441],[-55.406,-13.981]],"c":true}]},{"i":{"x":0.34,"y":1},"o":{"x":0.66,"y":0},"t":30,"s":[{"i":[[0.754,-6.949],[0,0],[-15.025,-0.075],[-38.411,-0.193],[1.84,4.449],[10.378,4.3],[10.879,0.531],[13.473,0.093],[10.826,-0.331]],"o":[[0,0],[-1.308,12.05],[41.951,0.21],[5.759,0.029],[-3.639,-8.802],[-10.236,-4.241],[-13.714,-0.669],[-10.753,-0.075],[-8.655,0.264]],"v":[[-71.542,-7.262],[-71.581,-6.904],[-45.869,15.824],[62.936,16.37],[70.943,7.478],[49.173,-13.12],[17.126,-18.594],[-22.267,-18.621],[-54.474,-18.491]],"c":true}]},{"i":{"x":0.34,"y":1},"o":{"x":0.66,"y":0},"t":60,"s":[{"i":[[0.754,-6.949],[0,0],[-15.025,-0.075],[-38.411,-0.193],[1.84,4.449],[10.378,4.3],[10.879,0.531],[13.473,0.093],[10.826,-0.331]],"o":[[0,0],[-1.308,12.05],[41.951,0.21],[5.759,0.029],[-3.639,-8.802],[-10.236,-4.241],[-13.714,-0.669],[-10.753,-0.075],[-8.655,0.264]],"v":[[-71.542,-7.262],[-71.581,-6.904],[-45.869,15.824],[62.936,16.37],[70.943,7.478],[49.173,-13.12],[17.126,-18.594],[-22.267,-18.621],[-54.474,-18.491]],"c":true}]},{"i":{"x":0.34,"y":1},"o":{"x":0.66,"y":0},"t":100,"s":[{"i":[[0.28,-6.984],[0,0],[-14.995,0.947],[-38.335,2.422],[2.138,4.313],[10.646,3.583],[10.35,-3.392],[13.155,1.039],[10.72,0.847]],"o":[[0,0],[-0.485,12.111],[41.868,-2.645],[5.747,-0.363],[-4.23,-8.533],[-10.501,-3.534],[-12.54,4.11],[-10.72,-0.847],[-8.632,-0.682]],"v":[[-71.868,-2.34],[-71.882,-1.98],[-44.683,18.946],[63.907,12.084],[71.29,2.668],[48.169,-16.401],[15.603,-16.422],[-23.247,-11.441],[-55.406,-13.981]],"c":true}]},{"t":130,"s":[{"i":[[0.28,-6.984],[0,0],[-14.995,0.947],[-38.335,2.422],[2.138,4.313],[10.646,3.583],[10.35,-3.392],[13.155,1.039],[10.72,0.847]],"o":[[0,0],[-0.485,12.111],[41.868,-2.645],[5.747,-0.363],[-4.23,-8.533],[-10.501,-3.534],[-12.54,4.11],[-10.72,-0.847],[-8.632,-0.682]],"v":[[-71.868,-2.34],[-71.882,-1.98],[-44.683,18.946],[63.907,12.084],[71.29,2.668],[48.169,-16.401],[15.603,-16.422],[-23.247,-11.441],[-55.406,-13.981]],"c":true}]}],"ix":2},"nm":"Path 1","mn":"ADBE Vector Shape - Group","hd":false},{"ty":"st","c":{"a":0,"k":[0,0,0,1],"ix":3},"o":{"a":0,"k":100,"ix":4},"w":{"a":0,"k":10,"ix":5},"lc":1,"lj":1,"ml":10,"bm":0,"nm":"Stroke 1","mn":"ADBE Vector Graphic - Stroke","hd":false},{"ty":"fl","c":{"a":0,"k":[1,1,1,1],"ix":4},"o":{"a":0,"k":100,"ix":5},"r":1,"bm":0,"nm":"Fill 1","mn":"ADBE Vector Graphic - Fill","hd":false},{"ty":"tr","p":{"a":0,"k":[0,0],"ix":2},"a":{"a":0,"k":[0,0],"ix":1},"s":{"a":0,"k":[100,100],"ix":3},"r":{"a":0,"k":0,"ix":6},"o":{"a":0,"k":100,"ix":7},"sk":{"a":0,"k":0,"ix":4},"sa":{"a":0,"k":0,"ix":5},"nm":"Transform"}],"nm":"mouth","np":3,"cix":2,"bm":0,"ix":1,"mn":"ADBE Vector Group","hd":false}],"ip":0,"op":480,"st":0,"bm":0},{"ddd":0,"ind":7,"ty":4,"nm":"Eye 3","parent":1,"sr":1,"ks":{"o":{"a":0,"k":100,"ix":11},"r":{"a":0,"k":0,"ix":10},"p":{"a":0,"k":[46.417,-7.829,0],"ix":2,"l":2},"a":{"a":0,"k":[505.008,486.89,0],"ix":1,"l":2},"s":{"a":0,"k":[100,100,100],"ix":6,"l":2}},"ao":0,"shapes":[{"ty":"gr","it":[{"ind":0,"ty":"sh","ix":1,"ks":{"a":0,"k":{"i":[[-6.151,-2.453],[-17.183,-21.252],[27.141,-44.69],[51.289,-7.952],[28.707,24.518],[-45.161,76.562],[-27.678,-2.32],[-0.707,-0.077]],"o":[[12.085,4.639],[30.032,37.143],[-3.73,6.143],[-3.004,0.466],[-35.712,-30.5],[14.111,-23.923],[0.699,0.059],[9.125,0.991]],"v":[[24.708,-112.696],[75.108,-76.696],[85.188,62.984],[4.548,117.705],[-74.652,100.425],[-68.826,-82.98],[-0.441,-118.659],[1.668,-118.456]],"c":true},"ix":2},"nm":"Path 1","mn":"ADBE Vector Shape - Group","hd":false},{"ty":"st","c":{"a":0,"k":[0,0,0,1],"ix":3},"o":{"a":0,"k":100,"ix":4},"w":{"a":0,"k":10,"ix":5},"lc":1,"lj":1,"ml":10,"bm":0,"nm":"Stroke 1","mn":"ADBE Vector Graphic - Stroke","hd":false},{"ty":"fl","c":{"a":0,"k":[1,1,1,1],"ix":4},"o":{"a":0,"k":100,"ix":5},"r":1,"bm":0,"nm":"Fill 1","mn":"ADBE Vector Graphic - Fill","hd":false},{"ty":"tr","p":{"a":0,"k":[639.812,485.296],"ix":2},"a":{"a":0,"k":[0,0],"ix":1},"s":{"a":0,"k":[100,100],"ix":3},"r":{"a":0,"k":0,"ix":6},"o":{"a":0,"k":100,"ix":7},"sk":{"a":0,"k":0,"ix":4},"sa":{"a":0,"k":0,"ix":5},"nm":"Transform"}],"nm":"Group 1","np":3,"cix":2,"bm":0,"ix":1,"mn":"ADBE Vector Group","hd":false},{"ty":"gr","it":[{"ind":0,"ty":"sh","ix":1,"ks":{"a":0,"k":{"i":[[-13.327,-5.955],[49.951,-49.408],[34.099,1.536],[3.419,4.835],[-45.261,63.921],[-6.507,3.029],[-5.142,-1.375],[-13.139,-9.813],[-16.857,-7.532]],"o":[[1.97,11.559],[-9.412,9.31],[-38.975,-1.756],[-30.63,-43.323],[1.893,-2.872],[9.457,-4.402],[12.387,3.311],[12.607,9.416],[13.327,5.955]],"v":[[92.462,-53.833],[56.462,84.407],[-11.219,116.087],[-77.458,75.767],[-52.979,-102.793],[-40.738,-113.593],[-16.978,-114.313],[13.621,-95.075],[52.48,-71.697]],"c":true},"ix":2},"nm":"Path 1","mn":"ADBE Vector Shape - Group","hd":false},{"ty":"st","c":{"a":0,"k":[0,0,0,1],"ix":3},"o":{"a":0,"k":100,"ix":4},"w":{"a":0,"k":10,"ix":5},"lc":1,"lj":1,"ml":10,"bm":0,"nm":"Stroke 1","mn":"ADBE Vector Graphic - Stroke","hd":false},{"ty":"fl","c":{"a":0,"k":[1,1,1,1],"ix":4},"o":{"a":0,"k":100,"ix":5},"r":1,"bm":0,"nm":"Fill 1","mn":"ADBE Vector Graphic - Fill","hd":false},{"ty":"tr","p":{"a":0,"k":[363.258,491.233],"ix":2},"a":{"a":0,"k":[0,0],"ix":1},"s":{"a":0,"k":[100,100],"ix":3},"r":{"a":0,"k":0,"ix":6},"o":{"a":0,"k":100,"ix":7},"sk":{"a":0,"k":0,"ix":4},"sa":{"a":0,"k":0,"ix":5},"nm":"Transform"}],"nm":"Group 2","np":3,"cix":2,"bm":0,"ix":2,"mn":"ADBE Vector Group","hd":false}],"ip":0,"op":480,"st":0,"bm":0},{"ddd":0,"ind":8,"ty":4,"nm":"smile","sr":1,"ks":{"o":{"a":0,"k":100,"ix":11},"r":{"a":0,"k":0,"ix":10},"p":{"a":1,"k":[{"i":{"x":0.34,"y":1},"o":{"x":0.66,"y":0},"t":0,"s":[540,521.08,0],"to":[0,0,0],"ti":[0,0,0]},{"i":{"x":0.34,"y":0.34},"o":{"x":0.66,"y":0.66},"t":30,"s":[540,540,0],"to":[0,0,0],"ti":[0,0,0]},{"i":{"x":0.34,"y":1},"o":{"x":0.66,"y":0},"t":60,"s":[540,540,0],"to":[0,0,0],"ti":[0,0,0]},{"i":{"x":0.34,"y":0.34},"o":{"x":0.66,"y":0.66},"t":100,"s":[540,521.08,0],"to":[0,0,0],"ti":[0,0,0]},{"t":130,"s":[540,521.08,0]}],"ix":2,"l":2},"a":{"a":0,"k":[0,0,0],"ix":1,"l":2},"s":{"a":1,"k":[{"i":{"x":[0.34,0.34,0.34],"y":[1,1,1]},"o":{"x":[0.66,0.66,0.66],"y":[0,0,0]},"t":0,"s":[93,93,100]},{"i":{"x":[0.34,0.34,0.34],"y":[1,1,1]},"o":{"x":[0.66,0.66,0.66],"y":[0,0,0]},"t":30,"s":[100,100,100]},{"i":{"x":[0.34,0.34,0.34],"y":[1,1,1]},"o":{"x":[0.66,0.66,0.66],"y":[0,0,0]},"t":60,"s":[100,100,100]},{"i":{"x":[0.34,0.34,0.34],"y":[1,1,1]},"o":{"x":[0.66,0.66,0.66],"y":[0,0,0]},"t":100,"s":[93,93,100]},{"t":130,"s":[93,93,100]}],"ix":6,"l":2}},"ao":0,"shapes":[{"ty":"gr","it":[{"ind":0,"ty":"sh","ix":1,"ks":{"a":0,"k":{"i":[[-27.16,-64.311],[260.606,110.062],[27.16,64.311],[-260.605,-110.062]],"o":[[110.062,260.606],[-64.311,-27.16],[-110.062,-260.605],[64.311,27.16]],"v":[[270.784,-127.971],[-127.971,270.784],[-270.784,127.971],[127.971,-270.784]],"c":true},"ix":2},"nm":"Path 1","mn":"ADBE Vector Shape - Group","hd":false},{"ty":"st","c":{"a":0,"k":[0,0,0,1],"ix":3},"o":{"a":0,"k":100,"ix":4},"w":{"a":0,"k":10,"ix":5},"lc":1,"lj":1,"ml":10,"bm":0,"nm":"Stroke 1","mn":"ADBE Vector Graphic - Stroke","hd":false},{"ty":"fl","c":{"a":0,"k":[0.572549045086,0.305882364511,0.807843148708,1],"ix":4},"o":{"a":0,"k":100,"ix":5},"r":1,"bm":0,"nm":"Fill 1","mn":"ADBE Vector Graphic - Fill","hd":false},{"ty":"tr","p":{"a":0,"k":[0,0],"ix":2},"a":{"a":0,"k":[0,0],"ix":1},"s":{"a":0,"k":[100,100],"ix":3},"r":{"a":0,"k":0,"ix":6},"o":{"a":0,"k":100,"ix":7},"sk":{"a":0,"k":0,"ix":4},"sa":{"a":0,"k":0,"ix":5},"nm":"Transform"}],"nm":"smile","np":3,"cix":2,"bm":0,"ix":1,"mn":"ADBE Vector Group","hd":false}],"ip":0,"op":480,"st":0,"bm":0},{"ddd":0,"ind":9,"ty":4,"nm":"Shadow","sr":1,"ks":{"o":{"a":0,"k":20,"ix":11},"r":{"a":0,"k":0,"ix":10},"p":{"a":1,"k":[{"i":{"x":0.34,"y":1},"o":{"x":0.66,"y":0},"t":0,"s":[535,935,0],"to":[0,2.364,0],"ti":[0,-5.289,0]},{"i":{"x":0.34,"y":1},"o":{"x":0.66,"y":0},"t":30,"s":[535,950.045,0],"to":[0,2.17,0],"ti":[0,-5.289,0]},{"i":{"x":0.34,"y":1},"o":{"x":0.66,"y":0},"t":60,"s":[535,950.045,0],"to":[0,2.17,0],"ti":[0,2.507,0]},{"i":{"x":0.34,"y":0.34},"o":{"x":0.66,"y":0.66},"t":100,"s":[535,935,0],"to":[0,0,0],"ti":[0,0,0]},{"t":130,"s":[535,935,0]}],"ix":2,"l":2},"a":{"a":0,"k":[-5,323,0],"ix":1,"l":2},"s":{"a":0,"k":[120,30,100],"ix":6,"l":2}},"ao":0,"shapes":[{"ty":"gr","it":[{"d":1,"ty":"el","s":{"a":0,"k":[398,398],"ix":2},"p":{"a":0,"k":[0,0],"ix":3},"nm":"Ellipse Path 1","mn":"ADBE Vector Shape - Ellipse","hd":false},{"ty":"gf","o":{"a":0,"k":100,"ix":10},"r":1,"bm":0,"g":{"p":3,"k":{"a":0,"k":[0,0,0,0,0.5,0,0,0,1,0,0,0,0,0.8,0.5,0.4,1,0],"ix":9}},"s":{"a":0,"k":[0,0],"ix":5},"e":{"a":0,"k":[170,0],"ix":6},"t":2,"h":{"a":0,"k":21.221,"ix":7},"a":{"a":0,"k":0,"ix":8},"nm":"Gradient Fill 1","mn":"ADBE Vector Graphic - G-Fill","hd":false},{"ty":"tr","p":{"a":0,"k":[-5,323],"ix":2},"a":{"a":0,"k":[0,0],"ix":1},"s":{"a":0,"k":[100,100],"ix":3},"r":{"a":0,"k":0,"ix":6},"o":{"a":0,"k":100,"ix":7},"sk":{"a":0,"k":0,"ix":4},"sa":{"a":0,"k":0,"ix":5},"nm":"Transform"}],"nm":"Ellipse 1","np":3,"cix":2,"bm":0,"ix":1,"mn":"ADBE Vector Group","hd":false}],"ip":0,"op":480,"st":0,"bm":0}],"markers":[]}