{"v":"4.8.0","meta":{"g":"LottieFiles AE 3.1.1","a":"","k":"","d":"","tc":""},"fr":30,"ip":0,"op":199,"w":1600,"h":1600,"nm":"Love Emoji","ddd":0,"assets":[],"layers":[{"ddd":0,"ind":1,"ty":3,"nm":"All-Ctrl","sr":1,"ks":{"o":{"a":0,"k":0,"ix":11},"r":{"a":1,"k":[{"i":{"x":[0.833],"y":[1.083]},"o":{"x":[0.42],"y":[0]},"t":37,"s":[0]},{"i":{"x":[0.833],"y":[1]},"o":{"x":[0.167],"y":[0.042]},"t":51.125,"s":[2]},{"i":{"x":[0.833],"y":[1]},"o":{"x":[0.167],"y":[0]},"t":65.25,"s":[-2]},{"i":{"x":[0.833],"y":[1]},"o":{"x":[0.167],"y":[0]},"t":79.375,"s":[2]},{"i":{"x":[0.833],"y":[1]},"o":{"x":[0.167],"y":[0]},"t":93.5,"s":[-2]},{"i":{"x":[0.833],"y":[1]},"o":{"x":[0.167],"y":[0]},"t":107.625,"s":[2]},{"i":{"x":[0.833],"y":[1]},"o":{"x":[0.167],"y":[0]},"t":121.75,"s":[-2]},{"i":{"x":[0.833],"y":[0.962]},"o":{"x":[0.167],"y":[0]},"t":135.875,"s":[2]},{"i":{"x":[0.58],"y":[1]},"o":{"x":[0.167],"y":[-0.091]},"t":150,"s":[-2]},{"t":167,"s":[0]}],"ix":10},"p":{"a":0,"k":[802,1314,0],"ix":2},"a":{"a":0,"k":[60,60,0],"ix":1},"s":{"a":0,"k":[100,100,100],"ix":6}},"ao":0,"ip":0,"op":199,"st":0,"bm":0},{"ddd":0,"ind":2,"ty":4,"nm":"Heart 6","sr":1,"ks":{"o":{"a":0,"k":100,"ix":11},"r":{"a":0,"k":39,"ix":10},"p":{"a":1,"k":[{"i":{"x":0.833,"y":0.764},"o":{"x":0.57,"y":0},"t":79.827,"s":[904.592,745.673,0],"to":[0,0,0],"ti":[-104.408,69.673,0]},{"i":{"x":0.43,"y":1},"o":{"x":0.167,"y":0.148},"t":94.621,"s":[904.592,589.673,0],"to":[118.408,-293.672,0],"ti":[-233.592,230.327,0]},{"t":128.7587890625,"s":[722.592,13.673,0]}],"ix":2},"a":{"a":0,"k":[108,99.5,0],"ix":1},"s":{"a":1,"k":[{"i":{"x":[0.833,0.833,0.833],"y":[0.926,0.926,-8.307]},"o":{"x":[0.57,0.57,0.57],"y":[0,0,0]},"t":79.827,"s":[0,0,100]},{"i":{"x":[0.833,0.833,0.833],"y":[0.865,0.865,3.962]},"o":{"x":[0.167,0.167,0.167],"y":[-0.246,-0.246,6.981]},"t":88.931,"s":[111,111,100]},{"i":{"x":[0.43,0.43,0.43],"y":[1,1,1]},"o":{"x":[0.167,0.167,0.167],"y":[0.176,0.176,-13.326]},"t":95.759,"s":[86,86,100]},{"t":126.482421875,"s":[0,0,100]}],"ix":6}},"ao":0,"shapes":[{"ty":"gr","it":[{"ind":0,"ty":"sh","ix":1,"ks":{"a":0,"k":{"i":[[-4.97,-10.848],[0,0],[13.075,1.587],[32.005,59.707]],"o":[[28.771,62.818],[0,0],[22.386,-28.29],[6.426,5.732]],"v":[[16.092,-58.778],[-23.097,83.46],[-44.863,81.772],[-1.205,-83.46]],"c":true},"ix":2},"nm":"Path 1","mn":"ADBE Vector Shape - Group","hd":false},{"ty":"fl","c":{"a":0,"k":[0.737254901961,0.20000001496,0.301960784314,1],"ix":4},"o":{"a":0,"k":100,"ix":5},"r":1,"bm":0,"nm":"Fill 1","mn":"ADBE Vector Graphic - Fill","hd":false},{"ty":"tr","p":{"a":0,"k":[170.66,114.783],"ix":2},"a":{"a":0,"k":[0,0],"ix":1},"s":{"a":0,"k":[100,100],"ix":3},"r":{"a":0,"k":0,"ix":6},"o":{"a":0,"k":100,"ix":7},"sk":{"a":0,"k":0,"ix":4},"sa":{"a":0,"k":0,"ix":5},"nm":"Transform"}],"nm":"Group 1","np":2,"cix":2,"bm":0,"ix":1,"mn":"ADBE Vector Group","hd":false},{"ty":"gr","it":[{"ind":0,"ty":"sh","ix":1,"ks":{"a":0,"k":{"i":[[-8.16,-7.046],[11.006,-8.526],[7.93,8.458],[-8.923,8.025]],"o":[[10.03,8.662],[-8.396,6.505],[-8.67,-9.248],[8.099,-7.285]],"v":[[15.949,-18.125],[13.067,17.865],[-17.309,16.713],[-13.996,-16.171]],"c":true},"ix":2},"nm":"Path 1","mn":"ADBE Vector Shape - Group","hd":false},{"ty":"fl","c":{"a":0,"k":[0.945098099054,0.376470618154,0.439215716194,1],"ix":4},"o":{"a":0,"k":100,"ix":5},"r":1,"bm":0,"nm":"Fill 1","mn":"ADBE Vector Graphic - Fill","hd":false},{"ty":"tr","p":{"a":0,"k":[123.481,56.827],"ix":2},"a":{"a":0,"k":[0,0],"ix":1},"s":{"a":0,"k":[100,100],"ix":3},"r":{"a":0,"k":0,"ix":6},"o":{"a":0,"k":100,"ix":7},"sk":{"a":0,"k":0,"ix":4},"sa":{"a":0,"k":0,"ix":5},"nm":"Transform"}],"nm":"Group 2","np":2,"cix":2,"bm":0,"ix":2,"mn":"ADBE Vector Group","hd":false},{"ty":"gr","it":[{"ind":0,"ty":"sh","ix":1,"ks":{"a":0,"k":{"i":[[-13.554,-14.614],[19.271,-14.296],[12.887,18.261],[-17.287,14.103]],"o":[[16.002,17.252],[-18.209,13.509],[-11.564,-16.387],[17.338,-14.146]],"v":[[28.801,-27.954],[25.364,34.307],[-33.232,22.647],[-27.516,-33.669]],"c":true},"ix":2},"nm":"Path 1","mn":"ADBE Vector Shape - Group","hd":false},{"ty":"fl","c":{"a":0,"k":[0.945098099054,0.376470618154,0.439215716194,1],"ix":4},"o":{"a":0,"k":100,"ix":5},"r":1,"bm":0,"nm":"Fill 1","mn":"ADBE Vector Graphic - Fill","hd":false},{"ty":"tr","p":{"a":0,"k":[55.79,110.804],"ix":2},"a":{"a":0,"k":[0,0],"ix":1},"s":{"a":0,"k":[100,100],"ix":3},"r":{"a":0,"k":0,"ix":6},"o":{"a":0,"k":100,"ix":7},"sk":{"a":0,"k":0,"ix":4},"sa":{"a":0,"k":0,"ix":5},"nm":"Transform"}],"nm":"Group 3","np":2,"cix":2,"bm":0,"ix":3,"mn":"ADBE Vector Group","hd":false},{"ty":"gr","it":[{"ind":0,"ty":"sh","ix":1,"ks":{"a":0,"k":{"i":[[-4.97,-10.848],[0,0],[13.075,1.587],[20.277,44.344],[-14.686,11.98],[-18.464,-21.128],[-34.243,-30.729]],"o":[[28.771,62.818],[0,0],[-32.294,-3.981],[-13.652,-29.784],[19.174,-15.64],[-5.815,-41.286],[6.426,5.732]],"v":[[78.674,-43.413],[39.485,98.825],[17.719,97.137],[-93.793,35.535],[-85.998,-27.924],[-15.625,-21.511],[61.377,-68.096]],"c":true},"ix":2},"nm":"Path 1","mn":"ADBE Vector Shape - Group","hd":false},{"ty":"fl","c":{"a":0,"k":[0.886274569642,0.211764720842,0.282352941176,1],"ix":4},"o":{"a":0,"k":100,"ix":5},"r":1,"bm":0,"nm":"Fill 1","mn":"ADBE Vector Graphic - Fill","hd":false},{"ty":"tr","p":{"a":0,"k":[108.078,99.418],"ix":2},"a":{"a":0,"k":[0,0],"ix":1},"s":{"a":0,"k":[100,100],"ix":3},"r":{"a":0,"k":0,"ix":6},"o":{"a":0,"k":100,"ix":7},"sk":{"a":0,"k":0,"ix":4},"sa":{"a":0,"k":0,"ix":5},"nm":"Transform"}],"nm":"Group 4","np":2,"cix":2,"bm":0,"ix":4,"mn":"ADBE Vector Group","hd":false}],"ip":75,"op":128,"st":75,"bm":0},{"ddd":0,"ind":3,"ty":4,"nm":"Heart 14","sr":1,"ks":{"o":{"a":0,"k":100,"ix":11},"r":{"a":0,"k":39,"ix":10},"p":{"a":1,"k":[{"i":{"x":0.833,"y":0.764},"o":{"x":0.57,"y":0},"t":123.069,"s":[1127.592,851.673,0],"to":[0,0,0],"ti":[-104.408,69.673,0]},{"i":{"x":0.43,"y":1},"o":{"x":0.167,"y":0.148},"t":137.862,"s":[1127.592,695.673,0],"to":[118.408,-293.672,0],"ti":[-233.592,230.327,0]},{"t":172,"s":[945.592,119.673,0]}],"ix":2},"a":{"a":0,"k":[108,99.5,0],"ix":1},"s":{"a":1,"k":[{"i":{"x":[0.833,0.833,0.833],"y":[0.92,0.92,-8.524]},"o":{"x":[0.57,0.57,0.57],"y":[0,0,0]},"t":123.069,"s":[0,0,100]},{"i":{"x":[0.833,0.833,0.833],"y":[0.813,0.813,4.05]},"o":{"x":[0.167,0.167,0.167],"y":[-0.369,-0.369,7.143]},"t":132.173,"s":[154,154,100]},{"i":{"x":[0.43,0.43,0.43],"y":[1,1,1]},"o":{"x":[0.167,0.167,0.167],"y":[0.163,0.163,-13.726]},"t":139,"s":[129,129,100]},{"t":169.724609375,"s":[0,0,100]}],"ix":6}},"ao":0,"shapes":[{"ty":"gr","it":[{"ind":0,"ty":"sh","ix":1,"ks":{"a":0,"k":{"i":[[-4.97,-10.848],[0,0],[13.075,1.587],[32.005,59.707]],"o":[[28.771,62.818],[0,0],[22.386,-28.29],[6.426,5.732]],"v":[[16.092,-58.778],[-23.097,83.46],[-44.863,81.772],[-1.205,-83.46]],"c":true},"ix":2},"nm":"Path 1","mn":"ADBE Vector Shape - Group","hd":false},{"ty":"fl","c":{"a":0,"k":[0.737254901961,0.20000001496,0.301960784314,1],"ix":4},"o":{"a":0,"k":100,"ix":5},"r":1,"bm":0,"nm":"Fill 1","mn":"ADBE Vector Graphic - Fill","hd":false},{"ty":"tr","p":{"a":0,"k":[170.66,114.783],"ix":2},"a":{"a":0,"k":[0,0],"ix":1},"s":{"a":0,"k":[100,100],"ix":3},"r":{"a":0,"k":0,"ix":6},"o":{"a":0,"k":100,"ix":7},"sk":{"a":0,"k":0,"ix":4},"sa":{"a":0,"k":0,"ix":5},"nm":"Transform"}],"nm":"Group 1","np":2,"cix":2,"bm":0,"ix":1,"mn":"ADBE Vector Group","hd":false},{"ty":"gr","it":[{"ind":0,"ty":"sh","ix":1,"ks":{"a":0,"k":{"i":[[-8.16,-7.046],[11.006,-8.526],[7.93,8.458],[-8.923,8.025]],"o":[[10.03,8.662],[-8.396,6.505],[-8.67,-9.248],[8.099,-7.285]],"v":[[15.949,-18.125],[13.067,17.865],[-17.309,16.713],[-13.996,-16.171]],"c":true},"ix":2},"nm":"Path 1","mn":"ADBE Vector Shape - Group","hd":false},{"ty":"fl","c":{"a":0,"k":[0.945098099054,0.376470618154,0.439215716194,1],"ix":4},"o":{"a":0,"k":100,"ix":5},"r":1,"bm":0,"nm":"Fill 1","mn":"ADBE Vector Graphic - Fill","hd":false},{"ty":"tr","p":{"a":0,"k":[123.481,56.827],"ix":2},"a":{"a":0,"k":[0,0],"ix":1},"s":{"a":0,"k":[100,100],"ix":3},"r":{"a":0,"k":0,"ix":6},"o":{"a":0,"k":100,"ix":7},"sk":{"a":0,"k":0,"ix":4},"sa":{"a":0,"k":0,"ix":5},"nm":"Transform"}],"nm":"Group 2","np":2,"cix":2,"bm":0,"ix":2,"mn":"ADBE Vector Group","hd":false},{"ty":"gr","it":[{"ind":0,"ty":"sh","ix":1,"ks":{"a":0,"k":{"i":[[-13.554,-14.614],[19.271,-14.296],[12.887,18.261],[-17.287,14.103]],"o":[[16.002,17.252],[-18.209,13.509],[-11.564,-16.387],[17.338,-14.146]],"v":[[28.801,-27.954],[25.364,34.307],[-33.232,22.647],[-27.516,-33.669]],"c":true},"ix":2},"nm":"Path 1","mn":"ADBE Vector Shape - Group","hd":false},{"ty":"fl","c":{"a":0,"k":[0.945098099054,0.376470618154,0.439215716194,1],"ix":4},"o":{"a":0,"k":100,"ix":5},"r":1,"bm":0,"nm":"Fill 1","mn":"ADBE Vector Graphic - Fill","hd":false},{"ty":"tr","p":{"a":0,"k":[55.79,110.804],"ix":2},"a":{"a":0,"k":[0,0],"ix":1},"s":{"a":0,"k":[100,100],"ix":3},"r":{"a":0,"k":0,"ix":6},"o":{"a":0,"k":100,"ix":7},"sk":{"a":0,"k":0,"ix":4},"sa":{"a":0,"k":0,"ix":5},"nm":"Transform"}],"nm":"Group 3","np":2,"cix":2,"bm":0,"ix":3,"mn":"ADBE Vector Group","hd":false},{"ty":"gr","it":[{"ind":0,"ty":"sh","ix":1,"ks":{"a":0,"k":{"i":[[-4.97,-10.848],[0,0],[13.075,1.587],[20.277,44.344],[-14.686,11.98],[-18.464,-21.128],[-34.243,-30.729]],"o":[[28.771,62.818],[0,0],[-32.294,-3.981],[-13.652,-29.784],[19.174,-15.64],[-5.815,-41.286],[6.426,5.732]],"v":[[78.674,-43.413],[39.485,98.825],[17.719,97.137],[-93.793,35.535],[-85.998,-27.924],[-15.625,-21.511],[61.377,-68.096]],"c":true},"ix":2},"nm":"Path 1","mn":"ADBE Vector Shape - Group","hd":false},{"ty":"fl","c":{"a":0,"k":[0.886274569642,0.211764720842,0.282352941176,1],"ix":4},"o":{"a":0,"k":100,"ix":5},"r":1,"bm":0,"nm":"Fill 1","mn":"ADBE Vector Graphic - Fill","hd":false},{"ty":"tr","p":{"a":0,"k":[108.078,99.418],"ix":2},"a":{"a":0,"k":[0,0],"ix":1},"s":{"a":0,"k":[100,100],"ix":3},"r":{"a":0,"k":0,"ix":6},"o":{"a":0,"k":100,"ix":7},"sk":{"a":0,"k":0,"ix":4},"sa":{"a":0,"k":0,"ix":5},"nm":"Transform"}],"nm":"Group 4","np":2,"cix":2,"bm":0,"ix":4,"mn":"ADBE Vector Group","hd":false}],"ip":113,"op":171,"st":113,"bm":0},{"ddd":0,"ind":4,"ty":4,"nm":"Heart 2","sr":1,"ks":{"o":{"a":0,"k":100,"ix":11},"r":{"a":0,"k":39,"ix":10},"p":{"a":1,"k":[{"i":{"x":0.833,"y":0.764},"o":{"x":0.57,"y":0},"t":47.966,"s":[1127.592,851.673,0],"to":[0,0,0],"ti":[-104.408,69.673,0]},{"i":{"x":0.43,"y":1},"o":{"x":0.167,"y":0.148},"t":62.759,"s":[1127.592,695.673,0],"to":[118.408,-293.672,0],"ti":[-233.592,230.327,0]},{"t":96.896484375,"s":[945.592,119.673,0]}],"ix":2},"a":{"a":0,"k":[108,99.5,0],"ix":1},"s":{"a":1,"k":[{"i":{"x":[0.833,0.833,0.833],"y":[0.92,0.92,-8.524]},"o":{"x":[0.57,0.57,0.57],"y":[0,0,0]},"t":47.966,"s":[0,0,100]},{"i":{"x":[0.833,0.833,0.833],"y":[0.813,0.813,4.05]},"o":{"x":[0.167,0.167,0.167],"y":[-0.369,-0.369,7.143]},"t":57.069,"s":[154,154,100]},{"i":{"x":[0.43,0.43,0.43],"y":[1,1,1]},"o":{"x":[0.167,0.167,0.167],"y":[0.163,0.163,-13.726]},"t":63.896,"s":[129,129,100]},{"t":94.62109375,"s":[0,0,100]}],"ix":6}},"ao":0,"shapes":[{"ty":"gr","it":[{"ind":0,"ty":"sh","ix":1,"ks":{"a":0,"k":{"i":[[-4.97,-10.848],[0,0],[13.075,1.587],[32.005,59.707]],"o":[[28.771,62.818],[0,0],[22.386,-28.29],[6.426,5.732]],"v":[[16.092,-58.778],[-23.097,83.46],[-44.863,81.772],[-1.205,-83.46]],"c":true},"ix":2},"nm":"Path 1","mn":"ADBE Vector Shape - Group","hd":false},{"ty":"fl","c":{"a":0,"k":[0.737254901961,0.20000001496,0.301960784314,1],"ix":4},"o":{"a":0,"k":100,"ix":5},"r":1,"bm":0,"nm":"Fill 1","mn":"ADBE Vector Graphic - Fill","hd":false},{"ty":"tr","p":{"a":0,"k":[170.66,114.783],"ix":2},"a":{"a":0,"k":[0,0],"ix":1},"s":{"a":0,"k":[100,100],"ix":3},"r":{"a":0,"k":0,"ix":6},"o":{"a":0,"k":100,"ix":7},"sk":{"a":0,"k":0,"ix":4},"sa":{"a":0,"k":0,"ix":5},"nm":"Transform"}],"nm":"Group 1","np":2,"cix":2,"bm":0,"ix":1,"mn":"ADBE Vector Group","hd":false},{"ty":"gr","it":[{"ind":0,"ty":"sh","ix":1,"ks":{"a":0,"k":{"i":[[-8.16,-7.046],[11.006,-8.526],[7.93,8.458],[-8.923,8.025]],"o":[[10.03,8.662],[-8.396,6.505],[-8.67,-9.248],[8.099,-7.285]],"v":[[15.949,-18.125],[13.067,17.865],[-17.309,16.713],[-13.996,-16.171]],"c":true},"ix":2},"nm":"Path 1","mn":"ADBE Vector Shape - Group","hd":false},{"ty":"fl","c":{"a":0,"k":[0.945098099054,0.376470618154,0.439215716194,1],"ix":4},"o":{"a":0,"k":100,"ix":5},"r":1,"bm":0,"nm":"Fill 1","mn":"ADBE Vector Graphic - Fill","hd":false},{"ty":"tr","p":{"a":0,"k":[123.481,56.827],"ix":2},"a":{"a":0,"k":[0,0],"ix":1},"s":{"a":0,"k":[100,100],"ix":3},"r":{"a":0,"k":0,"ix":6},"o":{"a":0,"k":100,"ix":7},"sk":{"a":0,"k":0,"ix":4},"sa":{"a":0,"k":0,"ix":5},"nm":"Transform"}],"nm":"Group 2","np":2,"cix":2,"bm":0,"ix":2,"mn":"ADBE Vector Group","hd":false},{"ty":"gr","it":[{"ind":0,"ty":"sh","ix":1,"ks":{"a":0,"k":{"i":[[-13.554,-14.614],[19.271,-14.296],[12.887,18.261],[-17.287,14.103]],"o":[[16.002,17.252],[-18.209,13.509],[-11.564,-16.387],[17.338,-14.146]],"v":[[28.801,-27.954],[25.364,34.307],[-33.232,22.647],[-27.516,-33.669]],"c":true},"ix":2},"nm":"Path 1","mn":"ADBE Vector Shape - Group","hd":false},{"ty":"fl","c":{"a":0,"k":[0.945098099054,0.376470618154,0.439215716194,1],"ix":4},"o":{"a":0,"k":100,"ix":5},"r":1,"bm":0,"nm":"Fill 1","mn":"ADBE Vector Graphic - Fill","hd":false},{"ty":"tr","p":{"a":0,"k":[55.79,110.804],"ix":2},"a":{"a":0,"k":[0,0],"ix":1},"s":{"a":0,"k":[100,100],"ix":3},"r":{"a":0,"k":0,"ix":6},"o":{"a":0,"k":100,"ix":7},"sk":{"a":0,"k":0,"ix":4},"sa":{"a":0,"k":0,"ix":5},"nm":"Transform"}],"nm":"Group 3","np":2,"cix":2,"bm":0,"ix":3,"mn":"ADBE Vector Group","hd":false},{"ty":"gr","it":[{"ind":0,"ty":"sh","ix":1,"ks":{"a":0,"k":{"i":[[-4.97,-10.848],[0,0],[13.075,1.587],[20.277,44.344],[-14.686,11.98],[-18.464,-21.128],[-34.243,-30.729]],"o":[[28.771,62.818],[0,0],[-32.294,-3.981],[-13.652,-29.784],[19.174,-15.64],[-5.815,-41.286],[6.426,5.732]],"v":[[78.674,-43.413],[39.485,98.825],[17.719,97.137],[-93.793,35.535],[-85.998,-27.924],[-15.625,-21.511],[61.377,-68.096]],"c":true},"ix":2},"nm":"Path 1","mn":"ADBE Vector Shape - Group","hd":false},{"ty":"fl","c":{"a":0,"k":[0.886274569642,0.211764720842,0.282352941176,1],"ix":4},"o":{"a":0,"k":100,"ix":5},"r":1,"bm":0,"nm":"Fill 1","mn":"ADBE Vector Graphic - Fill","hd":false},{"ty":"tr","p":{"a":0,"k":[108.078,99.418],"ix":2},"a":{"a":0,"k":[0,0],"ix":1},"s":{"a":0,"k":[100,100],"ix":3},"r":{"a":0,"k":0,"ix":6},"o":{"a":0,"k":100,"ix":7},"sk":{"a":0,"k":0,"ix":4},"sa":{"a":0,"k":0,"ix":5},"nm":"Transform"}],"nm":"Group 4","np":2,"cix":2,"bm":0,"ix":4,"mn":"ADBE Vector Group","hd":false}],"ip":47,"op":96,"st":47,"bm":0},{"ddd":0,"ind":5,"ty":4,"nm":"Heart 5","sr":1,"ks":{"o":{"a":0,"k":100,"ix":11},"r":{"a":0,"k":0,"ix":10},"p":{"a":1,"k":[{"i":{"x":0.43,"y":1},"o":{"x":0.57,"y":0},"t":93.482,"s":[495.593,784.673,0],"to":[0,0,0],"ti":[99.592,36.673,0]},{"i":{"x":0.43,"y":1},"o":{"x":0.57,"y":0},"t":106.759,"s":[495.593,628.673,0],"to":[-45.592,-214.673,0],"ti":[122.408,265.328,0]},{"t":139,"s":[642.592,138.673,0]}],"ix":2},"a":{"a":0,"k":[108,99.5,0],"ix":1},"s":{"a":1,"k":[{"i":{"x":[0.833,0.833,0.833],"y":[0.931,0.931,-7.261]},"o":{"x":[0.57,0.57,0.57],"y":[0,0,0]},"t":93.482,"s":[0,0,100]},{"i":{"x":[0.833,0.833,0.833],"y":[0.8,0.8,4.305]},"o":{"x":[0.167,0.167,0.167],"y":[-0.417,-0.417,8.261]},"t":101.448,"s":[114,114,100]},{"i":{"x":[0.43,0.43,0.43],"y":[1,1,1]},"o":{"x":[0.167,0.167,0.167],"y":[0.16,0.16,-13.217]},"t":109.414,"s":[95,95,100]},{"t":141.275390625,"s":[0,0,100]}],"ix":6}},"ao":0,"shapes":[{"ty":"gr","it":[{"ind":0,"ty":"sh","ix":1,"ks":{"a":0,"k":{"i":[[-4.97,-10.848],[0,0],[13.075,1.587],[32.005,59.707]],"o":[[28.771,62.818],[0,0],[22.386,-28.29],[6.426,5.732]],"v":[[16.092,-58.778],[-23.097,83.46],[-44.863,81.772],[-1.205,-83.46]],"c":true},"ix":2},"nm":"Path 1","mn":"ADBE Vector Shape - Group","hd":false},{"ty":"fl","c":{"a":0,"k":[0.737254901961,0.20000001496,0.301960784314,1],"ix":4},"o":{"a":0,"k":100,"ix":5},"r":1,"bm":0,"nm":"Fill 1","mn":"ADBE Vector Graphic - Fill","hd":false},{"ty":"tr","p":{"a":0,"k":[170.66,114.783],"ix":2},"a":{"a":0,"k":[0,0],"ix":1},"s":{"a":0,"k":[100,100],"ix":3},"r":{"a":0,"k":0,"ix":6},"o":{"a":0,"k":100,"ix":7},"sk":{"a":0,"k":0,"ix":4},"sa":{"a":0,"k":0,"ix":5},"nm":"Transform"}],"nm":"Group 1","np":2,"cix":2,"bm":0,"ix":1,"mn":"ADBE Vector Group","hd":false},{"ty":"gr","it":[{"ind":0,"ty":"sh","ix":1,"ks":{"a":0,"k":{"i":[[-8.16,-7.046],[11.006,-8.526],[7.93,8.458],[-8.923,8.025]],"o":[[10.03,8.662],[-8.396,6.505],[-8.67,-9.248],[8.099,-7.285]],"v":[[15.949,-18.125],[13.067,17.865],[-17.309,16.713],[-13.996,-16.171]],"c":true},"ix":2},"nm":"Path 1","mn":"ADBE Vector Shape - Group","hd":false},{"ty":"fl","c":{"a":0,"k":[0.945098099054,0.376470618154,0.439215716194,1],"ix":4},"o":{"a":0,"k":100,"ix":5},"r":1,"bm":0,"nm":"Fill 1","mn":"ADBE Vector Graphic - Fill","hd":false},{"ty":"tr","p":{"a":0,"k":[123.481,56.827],"ix":2},"a":{"a":0,"k":[0,0],"ix":1},"s":{"a":0,"k":[100,100],"ix":3},"r":{"a":0,"k":0,"ix":6},"o":{"a":0,"k":100,"ix":7},"sk":{"a":0,"k":0,"ix":4},"sa":{"a":0,"k":0,"ix":5},"nm":"Transform"}],"nm":"Group 2","np":2,"cix":2,"bm":0,"ix":2,"mn":"ADBE Vector Group","hd":false},{"ty":"gr","it":[{"ind":0,"ty":"sh","ix":1,"ks":{"a":0,"k":{"i":[[-13.554,-14.614],[-0.644,-10.062],[10.951,-8.123],[12.887,18.261],[-17.287,14.103]],"o":[[6.909,7.449],[0.848,13.243],[-18.209,13.509],[-11.564,-16.387],[17.338,-14.146]],"v":[[28.801,-27.954],[40.249,-0.484],[25.364,34.307],[-33.232,22.647],[-27.516,-33.669]],"c":true},"ix":2},"nm":"Path 1","mn":"ADBE Vector Shape - Group","hd":false},{"ty":"fl","c":{"a":0,"k":[0.945098099054,0.376470618154,0.439215716194,1],"ix":4},"o":{"a":0,"k":100,"ix":5},"r":1,"bm":0,"nm":"Fill 1","mn":"ADBE Vector Graphic - Fill","hd":false},{"ty":"tr","p":{"a":0,"k":[55.79,110.804],"ix":2},"a":{"a":0,"k":[0,0],"ix":1},"s":{"a":0,"k":[100,100],"ix":3},"r":{"a":0,"k":0,"ix":6},"o":{"a":0,"k":100,"ix":7},"sk":{"a":0,"k":0,"ix":4},"sa":{"a":0,"k":0,"ix":5},"nm":"Transform"}],"nm":"Group 3","np":2,"cix":2,"bm":0,"ix":3,"mn":"ADBE Vector Group","hd":false},{"ty":"gr","it":[{"ind":0,"ty":"sh","ix":1,"ks":{"a":0,"k":{"i":[[-4.97,-10.848],[0,0],[13.075,1.587],[20.277,44.344],[-14.686,11.98],[-18.464,-21.128],[-34.243,-30.729]],"o":[[28.771,62.818],[0,0],[-32.294,-3.981],[-13.652,-29.784],[19.174,-15.64],[-5.815,-41.286],[6.426,5.732]],"v":[[78.674,-43.413],[39.485,98.825],[17.719,97.137],[-93.793,35.535],[-85.998,-27.924],[-15.625,-21.511],[61.377,-68.096]],"c":true},"ix":2},"nm":"Path 1","mn":"ADBE Vector Shape - Group","hd":false},{"ty":"fl","c":{"a":0,"k":[0.886274569642,0.211764720842,0.282352941176,1],"ix":4},"o":{"a":0,"k":100,"ix":5},"r":1,"bm":0,"nm":"Fill 1","mn":"ADBE Vector Graphic - Fill","hd":false},{"ty":"tr","p":{"a":0,"k":[108.078,99.418],"ix":2},"a":{"a":0,"k":[0,0],"ix":1},"s":{"a":0,"k":[100,100],"ix":3},"r":{"a":0,"k":0,"ix":6},"o":{"a":0,"k":100,"ix":7},"sk":{"a":0,"k":0,"ix":4},"sa":{"a":0,"k":0,"ix":5},"nm":"Transform"}],"nm":"Group 4","np":2,"cix":2,"bm":0,"ix":4,"mn":"ADBE Vector Group","hd":false}],"ip":84,"op":142,"st":89,"bm":0},{"ddd":0,"ind":6,"ty":4,"nm":"Heart 13","sr":1,"ks":{"o":{"a":0,"k":100,"ix":11},"r":{"a":0,"k":0,"ix":10},"p":{"a":1,"k":[{"i":{"x":0.43,"y":1},"o":{"x":0.57,"y":0},"t":119.655,"s":[495.593,784.673,0],"to":[0,0,0],"ti":[99.592,36.673,0]},{"i":{"x":0.43,"y":1},"o":{"x":0.57,"y":0},"t":132.932,"s":[495.593,628.673,0],"to":[-45.592,-214.673,0],"ti":[122.408,265.328,0]},{"t":165.1728515625,"s":[642.592,138.673,0]}],"ix":2},"a":{"a":0,"k":[108,99.5,0],"ix":1},"s":{"a":1,"k":[{"i":{"x":[0.833,0.833,0.833],"y":[0.927,0.927,-7.334]},"o":{"x":[0.57,0.57,0.57],"y":[0,0,0]},"t":119.655,"s":[0,0,100]},{"i":{"x":[0.833,0.833,0.833],"y":[0.74,0.74,4.402]},"o":{"x":[0.167,0.167,0.167],"y":[-0.566,-0.566,8.333]},"t":127.621,"s":[148,148,100]},{"i":{"x":[0.43,0.43,0.43],"y":[1,1,1]},"o":{"x":[0.167,0.167,0.167],"y":[0.153,0.153,-13.609]},"t":135.586,"s":[129,129,100]},{"t":167.4482421875,"s":[0,0,100]}],"ix":6}},"ao":0,"shapes":[{"ty":"gr","it":[{"ind":0,"ty":"sh","ix":1,"ks":{"a":0,"k":{"i":[[-4.97,-10.848],[0,0],[13.075,1.587],[32.005,59.707]],"o":[[28.771,62.818],[0,0],[22.386,-28.29],[6.426,5.732]],"v":[[16.092,-58.778],[-23.097,83.46],[-44.863,81.772],[-1.205,-83.46]],"c":true},"ix":2},"nm":"Path 1","mn":"ADBE Vector Shape - Group","hd":false},{"ty":"fl","c":{"a":0,"k":[0.737254901961,0.20000001496,0.301960784314,1],"ix":4},"o":{"a":0,"k":100,"ix":5},"r":1,"bm":0,"nm":"Fill 1","mn":"ADBE Vector Graphic - Fill","hd":false},{"ty":"tr","p":{"a":0,"k":[170.66,114.783],"ix":2},"a":{"a":0,"k":[0,0],"ix":1},"s":{"a":0,"k":[100,100],"ix":3},"r":{"a":0,"k":0,"ix":6},"o":{"a":0,"k":100,"ix":7},"sk":{"a":0,"k":0,"ix":4},"sa":{"a":0,"k":0,"ix":5},"nm":"Transform"}],"nm":"Group 1","np":2,"cix":2,"bm":0,"ix":1,"mn":"ADBE Vector Group","hd":false},{"ty":"gr","it":[{"ind":0,"ty":"sh","ix":1,"ks":{"a":0,"k":{"i":[[-8.16,-7.046],[11.006,-8.526],[7.93,8.458],[-8.923,8.025]],"o":[[10.03,8.662],[-8.396,6.505],[-8.67,-9.248],[8.099,-7.285]],"v":[[15.949,-18.125],[13.067,17.865],[-17.309,16.713],[-13.996,-16.171]],"c":true},"ix":2},"nm":"Path 1","mn":"ADBE Vector Shape - Group","hd":false},{"ty":"fl","c":{"a":0,"k":[0.945098099054,0.376470618154,0.439215716194,1],"ix":4},"o":{"a":0,"k":100,"ix":5},"r":1,"bm":0,"nm":"Fill 1","mn":"ADBE Vector Graphic - Fill","hd":false},{"ty":"tr","p":{"a":0,"k":[123.481,56.827],"ix":2},"a":{"a":0,"k":[0,0],"ix":1},"s":{"a":0,"k":[100,100],"ix":3},"r":{"a":0,"k":0,"ix":6},"o":{"a":0,"k":100,"ix":7},"sk":{"a":0,"k":0,"ix":4},"sa":{"a":0,"k":0,"ix":5},"nm":"Transform"}],"nm":"Group 2","np":2,"cix":2,"bm":0,"ix":2,"mn":"ADBE Vector Group","hd":false},{"ty":"gr","it":[{"ind":0,"ty":"sh","ix":1,"ks":{"a":0,"k":{"i":[[-13.554,-14.614],[-0.644,-10.062],[10.951,-8.123],[12.887,18.261],[-17.287,14.103]],"o":[[6.909,7.449],[0.848,13.243],[-18.209,13.509],[-11.564,-16.387],[17.338,-14.146]],"v":[[28.801,-27.954],[40.249,-0.484],[25.364,34.307],[-33.232,22.647],[-27.516,-33.669]],"c":true},"ix":2},"nm":"Path 1","mn":"ADBE Vector Shape - Group","hd":false},{"ty":"fl","c":{"a":0,"k":[0.945098099054,0.376470618154,0.439215716194,1],"ix":4},"o":{"a":0,"k":100,"ix":5},"r":1,"bm":0,"nm":"Fill 1","mn":"ADBE Vector Graphic - Fill","hd":false},{"ty":"tr","p":{"a":0,"k":[55.79,110.804],"ix":2},"a":{"a":0,"k":[0,0],"ix":1},"s":{"a":0,"k":[100,100],"ix":3},"r":{"a":0,"k":0,"ix":6},"o":{"a":0,"k":100,"ix":7},"sk":{"a":0,"k":0,"ix":4},"sa":{"a":0,"k":0,"ix":5},"nm":"Transform"}],"nm":"Group 3","np":2,"cix":2,"bm":0,"ix":3,"mn":"ADBE Vector Group","hd":false},{"ty":"gr","it":[{"ind":0,"ty":"sh","ix":1,"ks":{"a":0,"k":{"i":[[-4.97,-10.848],[0,0],[13.075,1.587],[20.277,44.344],[-14.686,11.98],[-18.464,-21.128],[-34.243,-30.729]],"o":[[28.771,62.818],[0,0],[-32.294,-3.981],[-13.652,-29.784],[19.174,-15.64],[-5.815,-41.286],[6.426,5.732]],"v":[[78.674,-43.413],[39.485,98.825],[17.719,97.137],[-93.793,35.535],[-85.998,-27.924],[-15.625,-21.511],[61.377,-68.096]],"c":true},"ix":2},"nm":"Path 1","mn":"ADBE Vector Shape - Group","hd":false},{"ty":"fl","c":{"a":0,"k":[0.886274569642,0.211764720842,0.282352941176,1],"ix":4},"o":{"a":0,"k":100,"ix":5},"r":1,"bm":0,"nm":"Fill 1","mn":"ADBE Vector Graphic - Fill","hd":false},{"ty":"tr","p":{"a":0,"k":[108.078,99.418],"ix":2},"a":{"a":0,"k":[0,0],"ix":1},"s":{"a":0,"k":[100,100],"ix":3},"r":{"a":0,"k":0,"ix":6},"o":{"a":0,"k":100,"ix":7},"sk":{"a":0,"k":0,"ix":4},"sa":{"a":0,"k":0,"ix":5},"nm":"Transform"}],"nm":"Group 4","np":2,"cix":2,"bm":0,"ix":4,"mn":"ADBE Vector Group","hd":false}],"ip":107,"op":168,"st":112,"bm":0},{"ddd":0,"ind":7,"ty":4,"nm":"Heart","sr":1,"ks":{"o":{"a":0,"k":100,"ix":11},"r":{"a":0,"k":0,"ix":10},"p":{"a":1,"k":[{"i":{"x":0.43,"y":1},"o":{"x":0.57,"y":0},"t":40,"s":[495.593,784.673,0],"to":[0,0,0],"ti":[99.592,36.673,0]},{"i":{"x":0.43,"y":1},"o":{"x":0.57,"y":0},"t":53.276,"s":[495.593,628.673,0],"to":[-45.592,-214.673,0],"ti":[122.408,265.328,0]},{"t":85.517578125,"s":[642.592,138.673,0]}],"ix":2},"a":{"a":0,"k":[108,99.5,0],"ix":1},"s":{"a":1,"k":[{"i":{"x":[0.833,0.833,0.833],"y":[0.927,0.927,-7.334]},"o":{"x":[0.57,0.57,0.57],"y":[0,0,0]},"t":40,"s":[0,0,100]},{"i":{"x":[0.833,0.833,0.833],"y":[0.74,0.74,4.402]},"o":{"x":[0.167,0.167,0.167],"y":[-0.566,-0.566,8.333]},"t":47.966,"s":[148,148,100]},{"i":{"x":[0.43,0.43,0.43],"y":[1,1,1]},"o":{"x":[0.167,0.167,0.167],"y":[0.153,0.153,-13.609]},"t":55.931,"s":[129,129,100]},{"t":87.79296875,"s":[0,0,100]}],"ix":6}},"ao":0,"shapes":[{"ty":"gr","it":[{"ind":0,"ty":"sh","ix":1,"ks":{"a":0,"k":{"i":[[-4.97,-10.848],[0,0],[13.075,1.587],[32.005,59.707]],"o":[[28.771,62.818],[0,0],[22.386,-28.29],[6.426,5.732]],"v":[[16.092,-58.778],[-23.097,83.46],[-44.863,81.772],[-1.205,-83.46]],"c":true},"ix":2},"nm":"Path 1","mn":"ADBE Vector Shape - Group","hd":false},{"ty":"fl","c":{"a":0,"k":[0.737254901961,0.20000001496,0.301960784314,1],"ix":4},"o":{"a":0,"k":100,"ix":5},"r":1,"bm":0,"nm":"Fill 1","mn":"ADBE Vector Graphic - Fill","hd":false},{"ty":"tr","p":{"a":0,"k":[170.66,114.783],"ix":2},"a":{"a":0,"k":[0,0],"ix":1},"s":{"a":0,"k":[100,100],"ix":3},"r":{"a":0,"k":0,"ix":6},"o":{"a":0,"k":100,"ix":7},"sk":{"a":0,"k":0,"ix":4},"sa":{"a":0,"k":0,"ix":5},"nm":"Transform"}],"nm":"Group 1","np":2,"cix":2,"bm":0,"ix":1,"mn":"ADBE Vector Group","hd":false},{"ty":"gr","it":[{"ind":0,"ty":"sh","ix":1,"ks":{"a":0,"k":{"i":[[-8.16,-7.046],[11.006,-8.526],[7.93,8.458],[-8.923,8.025]],"o":[[10.03,8.662],[-8.396,6.505],[-8.67,-9.248],[8.099,-7.285]],"v":[[15.949,-18.125],[13.067,17.865],[-17.309,16.713],[-13.996,-16.171]],"c":true},"ix":2},"nm":"Path 1","mn":"ADBE Vector Shape - Group","hd":false},{"ty":"fl","c":{"a":0,"k":[0.945098099054,0.376470618154,0.439215716194,1],"ix":4},"o":{"a":0,"k":100,"ix":5},"r":1,"bm":0,"nm":"Fill 1","mn":"ADBE Vector Graphic - Fill","hd":false},{"ty":"tr","p":{"a":0,"k":[123.481,56.827],"ix":2},"a":{"a":0,"k":[0,0],"ix":1},"s":{"a":0,"k":[100,100],"ix":3},"r":{"a":0,"k":0,"ix":6},"o":{"a":0,"k":100,"ix":7},"sk":{"a":0,"k":0,"ix":4},"sa":{"a":0,"k":0,"ix":5},"nm":"Transform"}],"nm":"Group 2","np":2,"cix":2,"bm":0,"ix":2,"mn":"ADBE Vector Group","hd":false},{"ty":"gr","it":[{"ind":0,"ty":"sh","ix":1,"ks":{"a":0,"k":{"i":[[-13.554,-14.614],[-0.644,-10.062],[10.951,-8.123],[12.887,18.261],[-17.287,14.103]],"o":[[6.909,7.449],[0.848,13.243],[-18.209,13.509],[-11.564,-16.387],[17.338,-14.146]],"v":[[28.801,-27.954],[40.249,-0.484],[25.364,34.307],[-33.232,22.647],[-27.516,-33.669]],"c":true},"ix":2},"nm":"Path 1","mn":"ADBE Vector Shape - Group","hd":false},{"ty":"fl","c":{"a":0,"k":[0.945098099054,0.376470618154,0.439215716194,1],"ix":4},"o":{"a":0,"k":100,"ix":5},"r":1,"bm":0,"nm":"Fill 1","mn":"ADBE Vector Graphic - Fill","hd":false},{"ty":"tr","p":{"a":0,"k":[55.79,110.804],"ix":2},"a":{"a":0,"k":[0,0],"ix":1},"s":{"a":0,"k":[100,100],"ix":3},"r":{"a":0,"k":0,"ix":6},"o":{"a":0,"k":100,"ix":7},"sk":{"a":0,"k":0,"ix":4},"sa":{"a":0,"k":0,"ix":5},"nm":"Transform"}],"nm":"Group 3","np":2,"cix":2,"bm":0,"ix":3,"mn":"ADBE Vector Group","hd":false},{"ty":"gr","it":[{"ind":0,"ty":"sh","ix":1,"ks":{"a":0,"k":{"i":[[-4.97,-10.848],[0,0],[13.075,1.587],[20.277,44.344],[-14.686,11.98],[-18.464,-21.128],[-34.243,-30.729]],"o":[[28.771,62.818],[0,0],[-32.294,-3.981],[-13.652,-29.784],[19.174,-15.64],[-5.815,-41.286],[6.426,5.732]],"v":[[78.674,-43.413],[39.485,98.825],[17.719,97.137],[-93.793,35.535],[-85.998,-27.924],[-15.625,-21.511],[61.377,-68.096]],"c":true},"ix":2},"nm":"Path 1","mn":"ADBE Vector Shape - Group","hd":false},{"ty":"fl","c":{"a":0,"k":[0.886274569642,0.211764720842,0.282352941176,1],"ix":4},"o":{"a":0,"k":100,"ix":5},"r":1,"bm":0,"nm":"Fill 1","mn":"ADBE Vector Graphic - Fill","hd":false},{"ty":"tr","p":{"a":0,"k":[108.078,99.418],"ix":2},"a":{"a":0,"k":[0,0],"ix":1},"s":{"a":0,"k":[100,100],"ix":3},"r":{"a":0,"k":0,"ix":6},"o":{"a":0,"k":100,"ix":7},"sk":{"a":0,"k":0,"ix":4},"sa":{"a":0,"k":0,"ix":5},"nm":"Transform"}],"nm":"Group 4","np":2,"cix":2,"bm":0,"ix":4,"mn":"ADBE Vector Group","hd":false}],"ip":37,"op":89,"st":42,"bm":0},{"ddd":0,"ind":8,"ty":3,"nm":"Face Ctrl","parent":1,"sr":1,"ks":{"o":{"a":0,"k":0,"ix":11},"r":{"a":0,"k":0,"ix":10},"p":{"a":1,"k":[{"i":{"x":0.43,"y":1},"o":{"x":0.57,"y":0},"t":13,"s":[59.968,-371.802,0],"to":[0,0,0],"ti":[0,0,0]},{"i":{"x":0.833,"y":0.82},"o":{"x":0.373,"y":0},"t":33,"s":[59.968,-402.802,0],"to":[0,0,0],"ti":[0,0,0]},{"i":{"x":0.833,"y":0.833},"o":{"x":0.167,"y":0.154},"t":49,"s":[59.968,-409.802,0],"to":[0,0,0],"ti":[0,0,0]},{"i":{"x":0.833,"y":0.833},"o":{"x":0.167,"y":0.167},"t":63,"s":[59.968,-402.618,0],"to":[0,0,0],"ti":[0,0,0]},{"i":{"x":0.833,"y":0.839},"o":{"x":0.167,"y":0.167},"t":77,"s":[59.968,-409.802,0],"to":[0,0,0],"ti":[0,0,0]},{"i":{"x":0.833,"y":0.828},"o":{"x":0.167,"y":0.172},"t":91,"s":[59.968,-402.618,0],"to":[0,0,0],"ti":[0,0,0]},{"i":{"x":0.833,"y":0.833},"o":{"x":0.167,"y":0.161},"t":106,"s":[59.968,-409.802,0],"to":[0,0,0],"ti":[0,0,0]},{"i":{"x":0.833,"y":0.833},"o":{"x":0.167,"y":0.167},"t":120,"s":[59.968,-402.618,0],"to":[0,0,0],"ti":[0,0,0]},{"i":{"x":0.833,"y":0.92},"o":{"x":0.167,"y":0.167},"t":134,"s":[59.968,-409.802,0],"to":[0,0,0],"ti":[0,0,0]},{"i":{"x":0.38,"y":1},"o":{"x":0.047,"y":1},"t":148,"s":[59.968,-402.618,0],"to":[0,0,0],"ti":[0,0,0]},{"i":{"x":0.43,"y":1},"o":{"x":0.57,"y":0},"t":164,"s":[59.968,-402.802,0],"to":[0,0,0],"ti":[0,0,0]},{"t":184,"s":[59.968,-371.802,0]}],"ix":2},"a":{"a":0,"k":[60,60,0],"ix":1},"s":{"a":0,"k":[100,100,100],"ix":6}},"ao":0,"ip":0,"op":199,"st":0,"bm":0},{"ddd":0,"ind":9,"ty":4,"nm":"Specular","parent":8,"sr":1,"ks":{"o":{"a":0,"k":100,"ix":11},"r":{"a":0,"k":0,"ix":10},"p":{"a":0,"k":[59.355,-156.72,0],"ix":2},"a":{"a":0,"k":[95,24,0],"ix":1},"s":{"a":0,"k":[129,129,100],"ix":6}},"ao":0,"shapes":[{"ty":"gr","it":[{"ind":0,"ty":"sh","ix":1,"ks":{"a":0,"k":{"i":[[0,-12.627],[52.211,0],[0,12.627],[-52.211,0]],"o":[[0,12.627],[-52.211,0],[0,-12.627],[52.211,0]],"v":[[94.537,5.632],[0,22.864],[-94.537,5.632],[0,-22.864]],"c":true},"ix":2},"nm":"Path 1","mn":"ADBE Vector Shape - Group","hd":false},{"ty":"fl","c":{"a":0,"k":[0.992156922583,0.917647118662,0.317647058824,1],"ix":4},"o":{"a":0,"k":100,"ix":5},"r":1,"bm":0,"nm":"Fill 1","mn":"ADBE Vector Graphic - Fill","hd":false},{"ty":"tr","p":{"a":0,"k":[95.21,23.91],"ix":2},"a":{"a":0,"k":[0,0],"ix":1},"s":{"a":0,"k":[100,100],"ix":3},"r":{"a":0,"k":0,"ix":6},"o":{"a":0,"k":100,"ix":7},"sk":{"a":0,"k":0,"ix":4},"sa":{"a":0,"k":0,"ix":5},"nm":"Transform"}],"nm":"Group 1","np":2,"cix":2,"bm":0,"ix":1,"mn":"ADBE Vector Group","hd":false}],"ip":0,"op":199,"st":0,"bm":0},{"ddd":0,"ind":10,"ty":4,"nm":"L-Eye ","parent":8,"sr":1,"ks":{"o":{"a":0,"k":100,"ix":11},"r":{"a":0,"k":0,"ix":10},"p":{"a":0,"k":[230.365,58.065,0],"ix":2},"a":{"a":0,"k":[56,65.5,0],"ix":1},"s":{"a":0,"k":[-129,129,100],"ix":6}},"ao":0,"shapes":[{"ty":"gr","it":[{"ind":0,"ty":"sh","ix":1,"ks":{"a":1,"k":[{"i":{"x":0.833,"y":1},"o":{"x":0.167,"y":0},"t":0,"s":[{"i":[[30.91,-6.885],[-12.713,-31.49],[-22.802,5.719],[8.689,27.968]],"o":[[-28.285,6.301],[10.902,27.004],[23.431,-5.876],[-8.861,-28.525]],"v":[[-17.535,-57.709],[-42.47,20.084],[18.171,58.875],[46.494,-8.871]],"c":true}]},{"i":{"x":0.833,"y":1},"o":{"x":0.167,"y":0},"t":5,"s":[{"i":[[31.657,-0.81],[0.213,-7.318],[-24.999,0.23],[1.629,5.281]],"o":[[-31.267,0.801],[-0.166,5.689],[24.156,-0.222],[-2.368,-7.677]],"v":[[-0.432,6.376],[-47.425,-2.001],[-0.304,12.373],[44.773,-3.918]],"c":true}]},{"i":{"x":0.43,"y":1},"o":{"x":0.57,"y":0},"t":13,"s":[{"i":[[30.91,-6.885],[-12.713,-31.49],[-22.802,5.719],[8.689,27.968]],"o":[[-28.285,6.301],[10.902,27.004],[23.431,-5.876],[-8.861,-28.525]],"v":[[-17.535,-57.709],[-42.47,20.084],[18.171,58.875],[46.494,-8.871]],"c":true}]},{"i":{"x":0.43,"y":1},"o":{"x":0.167,"y":0},"t":33,"s":[{"i":[[41.52,-7.068],[-6.948,-9.869],[-39.973,6.108],[-3.031,2.261]],"o":[[-41.265,7.024],[4.195,5.959],[44.465,-6.794],[10.733,-8.008]],"v":[[-12.263,-52.171],[-76.37,4.007],[-5.757,-10.877],[66.767,-16.068]],"c":true}]},{"i":{"x":0.43,"y":1},"o":{"x":0.57,"y":0},"t":160,"s":[{"i":[[41.52,-7.068],[-6.948,-9.869],[-39.973,6.108],[-3.031,2.261]],"o":[[-41.265,7.024],[4.195,5.959],[44.465,-6.794],[10.733,-8.008]],"v":[[-12.263,-52.171],[-76.37,4.007],[-5.757,-10.877],[66.767,-16.068]],"c":true}]},{"t":180,"s":[{"i":[[30.91,-6.885],[-12.713,-31.49],[-22.802,5.719],[8.689,27.968]],"o":[[-28.285,6.301],[10.902,27.004],[23.431,-5.876],[-8.861,-28.525]],"v":[[-17.535,-57.709],[-42.47,20.084],[18.171,58.875],[46.494,-8.871]],"c":true}]}],"ix":2},"nm":"Path 1","mn":"ADBE Vector Shape - Group","hd":false},{"ty":"gf","o":{"a":0,"k":100,"ix":10},"r":1,"bm":0,"g":{"p":3,"k":{"a":0,"k":[0,0.584,0.219,0.183,0.48,0.467,0.194,0.16,0.812,0.349,0.169,0.137],"ix":9}},"s":{"a":0,"k":[24.031,82.946],"ix":5},"e":{"a":0,"k":[-24.031,-61.628],"ix":6},"t":1,"nm":"Gradient Fill 1","mn":"ADBE Vector Graphic - G-Fill","hd":false},{"ty":"tr","p":{"a":0,"k":[55.786,65.29],"ix":2},"a":{"a":0,"k":[0,0],"ix":1},"s":{"a":0,"k":[100,100],"ix":3},"r":{"a":0,"k":0,"ix":6},"o":{"a":0,"k":100,"ix":7},"sk":{"a":0,"k":0,"ix":4},"sa":{"a":0,"k":0,"ix":5},"nm":"Transform"}],"nm":"Group 1","np":2,"cix":2,"bm":0,"ix":1,"mn":"ADBE Vector Group","hd":false},{"ty":"gs","o":{"a":0,"k":100,"ix":9},"w":{"a":0,"k":20,"ix":10},"g":{"p":3,"k":{"a":0,"k":[0.205,0.988,0.878,0.2,0.603,0.986,0.822,0.163,1,0.984,0.765,0.125],"ix":8}},"s":{"a":0,"k":[0,0],"ix":4},"e":{"a":0,"k":[-473,415],"ix":5},"t":2,"h":{"a":0,"k":100,"ix":6},"a":{"a":0,"k":27,"ix":7},"lc":1,"lj":1,"ml":4,"ml2":{"a":0,"k":4,"ix":13},"bm":0,"nm":"Gradient Stroke 1","mn":"ADBE Vector Graphic - G-Stroke","hd":false}],"ip":0,"op":199,"st":0,"bm":0},{"ddd":0,"ind":11,"ty":4,"nm":"R-Eye","parent":8,"sr":1,"ks":{"o":{"a":0,"k":100,"ix":11},"r":{"a":0,"k":0,"ix":10},"p":{"a":0,"k":[-109.635,58.065,0],"ix":2},"a":{"a":0,"k":[56,65.5,0],"ix":1},"s":{"a":0,"k":[129,129,100],"ix":6}},"ao":0,"shapes":[{"ty":"gr","it":[{"ind":0,"ty":"sh","ix":1,"ks":{"a":1,"k":[{"i":{"x":0.833,"y":1},"o":{"x":0.167,"y":0},"t":0,"s":[{"i":[[30.91,-6.885],[-12.713,-31.49],[-22.802,5.719],[8.689,27.968]],"o":[[-28.285,6.301],[10.902,27.004],[23.431,-5.876],[-8.861,-28.525]],"v":[[-17.535,-57.709],[-42.47,20.084],[18.171,58.875],[46.494,-8.871]],"c":true}]},{"i":{"x":0.833,"y":1},"o":{"x":0.167,"y":0},"t":5,"s":[{"i":[[29.308,-11.994],[-2.398,-6.917],[-23.29,9.088],[3.397,4.358]],"o":[[-28.947,11.847],[1.864,5.378],[22.504,-8.782],[-4.939,-6.336]],"v":[[2.428,5.312],[-44.479,14.16],[4.676,10.873],[41.035,-20.357]],"c":true}]},{"i":{"x":0.43,"y":1},"o":{"x":0.57,"y":0},"t":13,"s":[{"i":[[30.91,-6.885],[-12.713,-31.49],[-22.802,5.719],[8.689,27.968]],"o":[[-28.285,6.301],[10.902,27.004],[23.431,-5.876],[-8.861,-28.525]],"v":[[-17.535,-57.709],[-42.47,20.084],[18.171,58.875],[46.494,-8.871]],"c":true}]},{"i":{"x":0.43,"y":1},"o":{"x":0.167,"y":0},"t":33,"s":[{"i":[[36.785,-20.511],[-9.842,-6.986],[-35.647,19.09],[-2.103,3.143]],"o":[[-36.56,20.385],[5.943,4.218],[39.653,-21.236],[7.448,-11.129]],"v":[[-20.445,-48.304],[-62.146,26.039],[-0.54,-11.544],[66.1,-40.627]],"c":true}]},{"i":{"x":0.43,"y":1},"o":{"x":0.57,"y":0},"t":160,"s":[{"i":[[36.785,-20.511],[-9.842,-6.986],[-35.647,19.09],[-2.103,3.143]],"o":[[-36.56,20.385],[5.943,4.218],[39.653,-21.236],[7.448,-11.129]],"v":[[-20.445,-48.304],[-62.146,26.039],[-0.54,-11.544],[66.1,-40.627]],"c":true}]},{"t":180,"s":[{"i":[[30.91,-6.885],[-12.713,-31.49],[-22.802,5.719],[8.689,27.968]],"o":[[-28.285,6.301],[10.902,27.004],[23.431,-5.876],[-8.861,-28.525]],"v":[[-17.535,-57.709],[-42.47,20.084],[18.171,58.875],[46.494,-8.871]],"c":true}]}],"ix":2},"nm":"Path 1","mn":"ADBE Vector Shape - Group","hd":false},{"ty":"gf","o":{"a":0,"k":100,"ix":10},"r":1,"bm":0,"g":{"p":3,"k":{"a":0,"k":[0,0.584,0.219,0.183,0.48,0.467,0.194,0.16,0.812,0.349,0.169,0.137],"ix":9}},"s":{"a":0,"k":[30.331,92.859],"ix":5},"e":{"a":0,"k":[-31.12,-71.276],"ix":6},"t":2,"h":{"a":0,"k":3.751,"ix":7},"a":{"a":0,"k":48.824,"ix":8},"nm":"Gradient Fill 1","mn":"ADBE Vector Graphic - G-Fill","hd":false},{"ty":"tr","p":{"a":0,"k":[55.786,65.29],"ix":2},"a":{"a":0,"k":[0,0],"ix":1},"s":{"a":0,"k":[100,100],"ix":3},"r":{"a":0,"k":18.998,"ix":6},"o":{"a":0,"k":100,"ix":7},"sk":{"a":0,"k":0,"ix":4},"sa":{"a":0,"k":0,"ix":5},"nm":"Transform"}],"nm":"Group 1","np":2,"cix":2,"bm":0,"ix":1,"mn":"ADBE Vector Group","hd":false},{"ty":"gs","o":{"a":0,"k":100,"ix":9},"w":{"a":0,"k":20,"ix":10},"g":{"p":3,"k":{"a":0,"k":[0.205,0.988,0.878,0.2,0.603,0.986,0.822,0.163,1,0.984,0.765,0.125],"ix":8}},"s":{"a":0,"k":[0,0],"ix":4},"e":{"a":0,"k":[702,-423],"ix":5},"t":2,"h":{"a":0,"k":-100,"ix":6},"a":{"a":0,"k":127,"ix":7},"lc":1,"lj":1,"ml":4,"ml2":{"a":0,"k":4,"ix":13},"bm":0,"nm":"Gradient Stroke 1","mn":"ADBE Vector Graphic - G-Stroke","hd":false}],"ip":0,"op":199,"st":0,"bm":0},{"ddd":0,"ind":12,"ty":4,"nm":"Mouth","parent":8,"sr":1,"ks":{"o":{"a":0,"k":100,"ix":11},"r":{"a":0,"k":0,"ix":10},"p":{"a":0,"k":[67.095,276.72,0],"ix":2},"a":{"a":0,"k":[126,50,0],"ix":1},"s":{"a":0,"k":[129,129,100],"ix":6}},"ao":0,"shapes":[{"ty":"gr","it":[{"ind":0,"ty":"sh","ix":1,"ks":{"a":1,"k":[{"i":{"x":0.43,"y":1},"o":{"x":0.57,"y":0},"t":19,"s":[{"i":[[-12.079,11.589],[-72.233,0],[-12.289,-11.79],[84.224,0]],"o":[[12.289,-11.79],[72.233,0],[12.088,11.589],[-84.215,0]],"v":[[-113.251,-37.381],[-0.005,5.173],[113.242,-37.381],[-0.005,49.171]],"c":true}]},{"i":{"x":0.833,"y":0.833},"o":{"x":0.167,"y":0},"t":40,"s":[{"i":[[-18.92,-1.099],[-89.674,0],[-19.877,1.562],[104.56,0]],"o":[[20.218,1.174],[89.674,0],[18.902,-1.485],[-104.548,0]],"v":[[-140.96,-52.885],[-0.358,-0.641],[140.22,-52.885],[-0.358,29.791]],"c":true}]},{"i":{"x":0.43,"y":1},"o":{"x":0.167,"y":0.167},"t":53,"s":[{"i":[[-18.92,-1.099],[-89.674,0],[-19.877,1.562],[104.56,0]],"o":[[20.218,1.174],[89.674,0],[18.902,-1.485],[-104.548,0]],"v":[[-135.751,-53.044],[0.061,-6.177],[133.02,-52.664],[-0.439,36.235]],"c":true}]},{"i":{"x":0.833,"y":0.833},"o":{"x":0.167,"y":0},"t":66,"s":[{"i":[[-18.92,-1.099],[-89.674,0],[-19.877,1.562],[104.56,0]],"o":[[20.218,1.174],[89.674,0],[18.902,-1.485],[-104.548,0]],"v":[[-140.96,-52.885],[-0.358,-0.641],[140.22,-52.885],[-0.358,29.791]],"c":true}]},{"i":{"x":0.43,"y":1},"o":{"x":0.167,"y":0.167},"t":79,"s":[{"i":[[-18.92,-1.099],[-89.674,0],[-19.877,1.562],[104.56,0]],"o":[[20.218,1.174],[89.674,0],[18.902,-1.485],[-104.548,0]],"v":[[-135.751,-53.044],[0.061,-6.177],[133.02,-52.664],[-0.439,36.235]],"c":true}]},{"i":{"x":0.833,"y":0.833},"o":{"x":0.167,"y":0},"t":90,"s":[{"i":[[-18.92,-1.099],[-89.674,0],[-19.877,1.562],[104.56,0]],"o":[[20.218,1.174],[89.674,0],[18.902,-1.485],[-104.548,0]],"v":[[-140.96,-52.885],[-0.358,-0.641],[140.22,-52.885],[-0.358,29.791]],"c":true}]},{"i":{"x":0.43,"y":1},"o":{"x":0.167,"y":0.167},"t":103,"s":[{"i":[[-18.92,-1.099],[-89.674,0],[-19.877,1.562],[104.56,0]],"o":[[20.218,1.174],[89.674,0],[18.902,-1.485],[-104.548,0]],"v":[[-135.751,-53.044],[0.061,-6.177],[133.02,-52.664],[-0.439,36.235]],"c":true}]},{"i":{"x":0.833,"y":0.833},"o":{"x":0.167,"y":0},"t":115,"s":[{"i":[[-18.92,-1.099],[-89.674,0],[-19.877,1.562],[104.56,0]],"o":[[20.218,1.174],[89.674,0],[18.902,-1.485],[-104.548,0]],"v":[[-140.96,-52.885],[-0.358,-0.641],[140.22,-52.885],[-0.358,29.791]],"c":true}]},{"i":{"x":0.43,"y":1},"o":{"x":0.167,"y":0.167},"t":128,"s":[{"i":[[-18.92,-1.099],[-89.674,0],[-19.877,1.562],[104.56,0]],"o":[[20.218,1.174],[89.674,0],[18.902,-1.485],[-104.548,0]],"v":[[-135.751,-53.044],[0.061,-6.177],[133.02,-52.664],[-0.439,36.235]],"c":true}]},{"i":{"x":0.833,"y":0.833},"o":{"x":0.167,"y":0},"t":139,"s":[{"i":[[-18.92,-1.099],[-89.674,0],[-19.877,1.562],[104.56,0]],"o":[[20.218,1.174],[89.674,0],[18.902,-1.485],[-104.548,0]],"v":[[-140.96,-52.885],[-0.358,-0.641],[140.22,-52.885],[-0.358,29.791]],"c":true}]},{"i":{"x":0.43,"y":1},"o":{"x":0.167,"y":0.167},"t":152,"s":[{"i":[[-18.92,-1.099],[-89.674,0],[-19.877,1.562],[104.56,0]],"o":[[20.218,1.174],[89.674,0],[18.902,-1.485],[-104.548,0]],"v":[[-135.751,-53.044],[0.061,-6.177],[133.02,-52.664],[-0.439,36.235]],"c":true}]},{"i":{"x":0.43,"y":1},"o":{"x":0.57,"y":0},"t":169,"s":[{"i":[[-18.92,-1.099],[-89.674,0],[-19.877,1.562],[104.56,0]],"o":[[20.218,1.174],[89.674,0],[18.902,-1.485],[-104.548,0]],"v":[[-140.96,-52.885],[-0.358,-0.641],[140.22,-52.885],[-0.358,29.791]],"c":true}]},{"t":190,"s":[{"i":[[-12.079,11.589],[-72.233,0],[-12.289,-11.79],[84.224,0]],"o":[[12.289,-11.79],[72.233,0],[12.088,11.589],[-84.215,0]],"v":[[-113.251,-37.381],[-0.005,5.173],[113.242,-37.381],[-0.005,49.171]],"c":true}]}],"ix":2},"nm":"Path 1","mn":"ADBE Vector Shape - Group","hd":false},{"ty":"gf","o":{"a":0,"k":100,"ix":10},"r":1,"bm":0,"g":{"p":3,"k":{"a":0,"k":[0,0.565,0.19,0.162,0.48,0.459,0.18,0.149,0.812,0.353,0.169,0.137],"ix":9}},"s":{"a":0,"k":[-1.55,93.023],"ix":5},"e":{"a":0,"k":[2.326,-46.512],"ix":6},"t":2,"h":{"a":0,"k":0,"ix":7},"a":{"a":0,"k":0,"ix":8},"nm":"Gradient Fill 1","mn":"ADBE Vector Graphic - G-Fill","hd":false},{"ty":"tr","p":{"a":0,"k":[125.787,49.837],"ix":2},"a":{"a":0,"k":[0,0],"ix":1},"s":{"a":0,"k":[100,100],"ix":3},"r":{"a":0,"k":0,"ix":6},"o":{"a":0,"k":100,"ix":7},"sk":{"a":0,"k":0,"ix":4},"sa":{"a":0,"k":0,"ix":5},"nm":"Transform"}],"nm":"Group 1","np":2,"cix":2,"bm":0,"ix":1,"mn":"ADBE Vector Group","hd":false}],"ip":0,"op":199,"st":0,"bm":0},{"ddd":0,"ind":13,"ty":4,"nm":"R-Cheeks","parent":8,"sr":1,"ks":{"o":{"a":1,"k":[{"i":{"x":[0.43],"y":[1]},"o":{"x":[0.57],"y":[0]},"t":15,"s":[0]},{"i":{"x":[0.43],"y":[1]},"o":{"x":[0.167],"y":[0]},"t":52,"s":[100]},{"i":{"x":[0.43],"y":[1]},"o":{"x":[0.57],"y":[0]},"t":158,"s":[100]},{"t":195,"s":[0]}],"ix":11},"r":{"a":0,"k":0,"ix":10},"p":{"a":1,"k":[{"i":{"x":0.833,"y":1},"o":{"x":0.57,"y":0},"t":0,"s":[-177.94,180.615,0],"to":[0,0,0],"ti":[0,0,0]},{"i":{"x":0.623,"y":1},"o":{"x":0.57,"y":0},"t":24,"s":[-179.94,180.615,0],"to":[0,0,0],"ti":[0,0,0]},{"i":{"x":0.706,"y":1},"o":{"x":0.377,"y":0},"t":52,"s":[-179.94,167.615,0],"to":[0,0,0],"ti":[0,0,0]},{"i":{"x":0.623,"y":1},"o":{"x":0.325,"y":0},"t":65,"s":[-179.94,180.615,0],"to":[0,0,0],"ti":[0,0,0]},{"i":{"x":0.706,"y":1},"o":{"x":0,"y":0},"t":78,"s":[-179.94,167.615,0],"to":[0,0,0],"ti":[0,0,0]},{"i":{"x":0.623,"y":1},"o":{"x":0.294,"y":0},"t":91,"s":[-179.94,180.615,0],"to":[0,0,0],"ti":[0,0,0]},{"i":{"x":0.706,"y":1},"o":{"x":0,"y":0},"t":103,"s":[-179.94,167.615,0],"to":[0,0,0],"ti":[0,0,0]},{"i":{"x":0.623,"y":1},"o":{"x":0.245,"y":0},"t":116,"s":[-179.94,180.615,0],"to":[0,0,0],"ti":[0,0,0]},{"i":{"x":1,"y":1},"o":{"x":0,"y":0},"t":128,"s":[-179.94,167.615,0],"to":[0,0,0],"ti":[0,0,0]},{"i":{"x":0.43,"y":1},"o":{"x":0.321,"y":0},"t":141,"s":[-179.94,167.615,0],"to":[0,0,0],"ti":[0,0,0]},{"i":{"x":0.634,"y":0.634},"o":{"x":0.327,"y":0.327},"t":152,"s":[-179.94,180.615,0],"to":[0,0,0],"ti":[0,0,0]},{"i":{"x":0.43,"y":0.43},"o":{"x":0.57,"y":0.57},"t":167,"s":[-179.94,180.615,0],"to":[0,0,0],"ti":[0,0,0]},{"t":195,"s":[-179.94,180.615,0]}],"ix":2},"a":{"a":0,"k":[57.5,40.5,0],"ix":1},"s":{"a":0,"k":[129,129,100],"ix":6}},"ao":0,"shapes":[{"ty":"gr","it":[{"ind":0,"ty":"sh","ix":1,"ks":{"a":0,"k":{"i":[[-4.602,-18.042],[-28.812,7.348],[4.602,18.041],[28.811,-7.348]],"o":[[4.602,18.041],[28.812,-7.349],[-4.602,-18.04],[-28.813,7.349]],"v":[[-52.168,13.306],[8.332,32.667],[52.168,-13.306],[-8.332,-32.666]],"c":true},"ix":2},"nm":"Path 1","mn":"ADBE Vector Shape - Group","hd":false},{"ty":"fl","c":{"a":0,"k":[0.996078491211,0.545098039216,0.545098039216,1],"ix":4},"o":{"a":0,"k":100,"ix":5},"r":1,"bm":0,"nm":"Fill 1","mn":"ADBE Vector Graphic - Fill","hd":false},{"ty":"tr","p":{"a":0,"k":[57.825,40.729],"ix":2},"a":{"a":0,"k":[0,0],"ix":1},"s":{"a":0,"k":[100,100],"ix":3},"r":{"a":0,"k":0,"ix":6},"o":{"a":0,"k":100,"ix":7},"sk":{"a":0,"k":0,"ix":4},"sa":{"a":0,"k":0,"ix":5},"nm":"Transform"}],"nm":"Group 1","np":2,"cix":2,"bm":0,"ix":1,"mn":"ADBE Vector Group","hd":false}],"ip":0,"op":199,"st":0,"bm":0},{"ddd":0,"ind":14,"ty":4,"nm":"L-Cheeks","parent":8,"sr":1,"ks":{"o":{"a":1,"k":[{"i":{"x":[0.43],"y":[1]},"o":{"x":[0.57],"y":[0]},"t":15,"s":[0]},{"i":{"x":[0.43],"y":[1]},"o":{"x":[0.167],"y":[0]},"t":52,"s":[100]},{"i":{"x":[0.43],"y":[1]},"o":{"x":[0.57],"y":[0]},"t":158,"s":[100]},{"t":195,"s":[0]}],"ix":11},"r":{"a":0,"k":0,"ix":10},"p":{"a":1,"k":[{"i":{"x":0.623,"y":1},"o":{"x":0.57,"y":0},"t":24,"s":[299.94,180.615,0],"to":[0,0,0],"ti":[0,0,0]},{"i":{"x":0.706,"y":1},"o":{"x":0.377,"y":0},"t":52,"s":[299.94,167.615,0],"to":[0,0,0],"ti":[0,0,0]},{"i":{"x":0.623,"y":1},"o":{"x":0.325,"y":0},"t":65,"s":[299.94,180.615,0],"to":[0,0,0],"ti":[0,0,0]},{"i":{"x":0.706,"y":1},"o":{"x":0,"y":0},"t":78,"s":[299.94,167.615,0],"to":[0,0,0],"ti":[0,0,0]},{"i":{"x":0.623,"y":1},"o":{"x":0.294,"y":0},"t":91,"s":[299.94,180.615,0],"to":[0,0,0],"ti":[0,0,0]},{"i":{"x":0.706,"y":1},"o":{"x":0,"y":0},"t":103,"s":[299.94,167.615,0],"to":[0,0,0],"ti":[0,0,0]},{"i":{"x":0.623,"y":1},"o":{"x":0.245,"y":0},"t":116,"s":[299.94,180.615,0],"to":[0,0,0],"ti":[0,0,0]},{"i":{"x":1,"y":1},"o":{"x":0,"y":0},"t":128,"s":[299.94,167.615,0],"to":[0,0,0],"ti":[0,0,0]},{"i":{"x":0.43,"y":1},"o":{"x":0.321,"y":0},"t":141,"s":[299.94,167.615,0],"to":[0,0,0],"ti":[0,0,0]},{"i":{"x":0.634,"y":0.634},"o":{"x":0.327,"y":0.327},"t":152,"s":[299.94,180.615,0],"to":[0,0,0],"ti":[0,0,0]},{"i":{"x":0.43,"y":0.43},"o":{"x":0.57,"y":0.57},"t":167,"s":[299.94,180.615,0],"to":[0,0,0],"ti":[0,0,0]},{"t":195,"s":[299.94,180.615,0]}],"ix":2},"a":{"a":0,"k":[57.5,40.5,0],"ix":1},"s":{"a":0,"k":[129,129,100],"ix":6}},"ao":0,"shapes":[{"ty":"gr","it":[{"ind":0,"ty":"sh","ix":1,"ks":{"a":0,"k":{"i":[[4.602,-18.042],[28.812,7.348],[-4.602,18.041],[-28.811,-7.348]],"o":[[-4.602,18.041],[-28.813,-7.349],[4.602,-18.04],[28.812,7.349]],"v":[[52.169,13.306],[-8.331,32.667],[-52.168,-13.306],[8.332,-32.666]],"c":true},"ix":2},"nm":"Path 1","mn":"ADBE Vector Shape - Group","hd":false},{"ty":"fl","c":{"a":0,"k":[0.996078491211,0.545098039216,0.545098039216,1],"ix":4},"o":{"a":0,"k":100,"ix":5},"r":1,"bm":0,"nm":"Fill 1","mn":"ADBE Vector Graphic - Fill","hd":false},{"ty":"tr","p":{"a":0,"k":[57.638,40.729],"ix":2},"a":{"a":0,"k":[0,0],"ix":1},"s":{"a":0,"k":[100,100],"ix":3},"r":{"a":0,"k":0,"ix":6},"o":{"a":0,"k":100,"ix":7},"sk":{"a":0,"k":0,"ix":4},"sa":{"a":0,"k":0,"ix":5},"nm":"Transform"}],"nm":"Group 1","np":2,"cix":2,"bm":0,"ix":1,"mn":"ADBE Vector Group","hd":false}],"ip":0,"op":199,"st":0,"bm":0},{"ddd":0,"ind":15,"ty":4,"nm":"Shadow","parent":1,"sr":1,"ks":{"o":{"a":0,"k":100,"ix":11},"r":{"a":0,"k":0,"ix":10},"p":{"a":0,"k":[58.033,-84.172,0],"ix":2},"a":{"a":0,"k":[296,116,0],"ix":1},"s":{"a":0,"k":[129,129,100],"ix":6}},"ao":0,"shapes":[{"ty":"gr","it":[{"ind":0,"ty":"sh","ix":1,"ks":{"a":0,"k":{"i":[[2.907,-14.403],[131.415,3.636],[28.475,139.308],[-221.411,0]],"o":[[-28.197,139.72],[-131.21,3.63],[-2.985,-14.599],[221.411,0]],"v":[[292.281,-100.899],[-0.032,111.666],[-292.203,-100.248],[-0.032,41.9]],"c":true},"ix":2},"nm":"Path 1","mn":"ADBE Vector Shape - Group","hd":false},{"ty":"fl","c":{"a":0,"k":[0.992156922583,0.61568627451,0.149019607843,1],"ix":4},"o":{"a":0,"k":100,"ix":5},"r":1,"bm":0,"nm":"Fill 1","mn":"ADBE Vector Graphic - Fill","hd":false},{"ty":"tr","p":{"a":0,"k":[296.331,115.648],"ix":2},"a":{"a":0,"k":[0,0],"ix":1},"s":{"a":0,"k":[100,100],"ix":3},"r":{"a":0,"k":0,"ix":6},"o":{"a":0,"k":100,"ix":7},"sk":{"a":0,"k":0,"ix":4},"sa":{"a":0,"k":0,"ix":5},"nm":"Transform"}],"nm":"Group 1","np":2,"cix":2,"bm":0,"ix":1,"mn":"ADBE Vector Group","hd":false}],"ip":0,"op":199,"st":0,"bm":0},{"ddd":0,"ind":16,"ty":4,"nm":"Head","parent":1,"sr":1,"ks":{"o":{"a":0,"k":100,"ix":11},"r":{"a":0,"k":0,"ix":10},"p":{"a":0,"k":[58.033,-302.827,0],"ix":2},"a":{"a":0,"k":[302,285.5,0],"ix":1},"s":{"a":0,"k":[129,129,100],"ix":6}},"ao":0,"shapes":[{"ty":"gr","it":[{"ind":0,"ty":"sh","ix":1,"ks":{"a":0,"k":{"i":[[3.812,-105.46],[144.961,4.009],[6.099,168.307],[-221.411,0]],"o":[[-6.099,168.307],[-144.96,4.009],[-3.822,-105.46],[221.411,0]],"v":[[297.586,23.232],[0,281.002],[-297.575,23.232],[0,-285.011]],"c":true},"ix":2},"nm":"Path 1","mn":"ADBE Vector Shape - Group","hd":false},{"ty":"gf","o":{"a":0,"k":100,"ix":10},"r":1,"bm":0,"g":{"p":3,"k":{"a":0,"k":[0,0.988,0.859,0.169,0.48,0.984,0.794,0.137,0.812,0.98,0.729,0.106],"ix":9}},"s":{"a":0,"k":[1.55,-283.721],"ix":5},"e":{"a":0,"k":[2.326,229.457],"ix":6},"t":1,"nm":"Gradient Fill 1","mn":"ADBE Vector Graphic - G-Fill","hd":false},{"ty":"tr","p":{"a":0,"k":[302.299,285.312],"ix":2},"a":{"a":0,"k":[0,0],"ix":1},"s":{"a":0,"k":[100,100],"ix":3},"r":{"a":0,"k":0,"ix":6},"o":{"a":0,"k":100,"ix":7},"sk":{"a":0,"k":0,"ix":4},"sa":{"a":0,"k":0,"ix":5},"nm":"Transform"}],"nm":"Group 1","np":2,"cix":2,"bm":0,"ix":1,"mn":"ADBE Vector Group","hd":false}],"ip":0,"op":199,"st":0,"bm":0},{"ddd":0,"ind":17,"ty":4,"nm":"Heart 10","sr":1,"ks":{"o":{"a":0,"k":100,"ix":11},"r":{"a":0,"k":30,"ix":10},"p":{"a":1,"k":[{"i":{"x":0.833,"y":0.813},"o":{"x":0.57,"y":0},"t":81,"s":[754.592,745.673,0],"to":[0,0,0],"ti":[-125.408,152.673,0]},{"i":{"x":0.43,"y":1},"o":{"x":0.167,"y":0.152},"t":95,"s":[754.592,472.673,0],"to":[95.612,-116.399,0],"ti":[-99.592,125.327,0]},{"t":111,"s":[708.592,78.673,0]}],"ix":2},"a":{"a":0,"k":[108,99.5,0],"ix":1},"s":{"a":1,"k":[{"i":{"x":[0.833,0.833,0.833],"y":[1,1,1]},"o":{"x":[0.57,0.57,0.57],"y":[0,0,0]},"t":81,"s":[0,0,100]},{"i":{"x":[0.43,0.43,0.43],"y":[1,1,1]},"o":{"x":[0.167,0.167,0.167],"y":[0,0,0]},"t":92,"s":[81,81,100]},{"t":110,"s":[0,0,100]}],"ix":6}},"ao":0,"shapes":[{"ty":"gr","it":[{"ind":0,"ty":"sh","ix":1,"ks":{"a":0,"k":{"i":[[-4.97,-10.848],[0,0],[13.075,1.587],[32.005,59.707]],"o":[[28.771,62.818],[0,0],[22.386,-28.29],[6.426,5.732]],"v":[[16.092,-58.778],[-23.097,83.46],[-44.863,81.772],[-1.205,-83.46]],"c":true},"ix":2},"nm":"Path 1","mn":"ADBE Vector Shape - Group","hd":false},{"ty":"fl","c":{"a":0,"k":[0.737254901961,0.20000001496,0.301960784314,1],"ix":4},"o":{"a":0,"k":100,"ix":5},"r":1,"bm":0,"nm":"Fill 1","mn":"ADBE Vector Graphic - Fill","hd":false},{"ty":"tr","p":{"a":0,"k":[170.66,114.783],"ix":2},"a":{"a":0,"k":[0,0],"ix":1},"s":{"a":0,"k":[100,100],"ix":3},"r":{"a":0,"k":0,"ix":6},"o":{"a":0,"k":100,"ix":7},"sk":{"a":0,"k":0,"ix":4},"sa":{"a":0,"k":0,"ix":5},"nm":"Transform"}],"nm":"Group 1","np":2,"cix":2,"bm":0,"ix":1,"mn":"ADBE Vector Group","hd":false},{"ty":"gr","it":[{"ind":0,"ty":"sh","ix":1,"ks":{"a":0,"k":{"i":[[-8.16,-7.046],[11.006,-8.526],[7.93,8.458],[-8.923,8.025]],"o":[[10.03,8.662],[-8.396,6.505],[-8.67,-9.248],[8.099,-7.285]],"v":[[15.949,-18.125],[13.067,17.865],[-17.309,16.713],[-13.996,-16.171]],"c":true},"ix":2},"nm":"Path 1","mn":"ADBE Vector Shape - Group","hd":false},{"ty":"fl","c":{"a":0,"k":[0.945098099054,0.376470618154,0.439215716194,1],"ix":4},"o":{"a":0,"k":100,"ix":5},"r":1,"bm":0,"nm":"Fill 1","mn":"ADBE Vector Graphic - Fill","hd":false},{"ty":"tr","p":{"a":0,"k":[123.481,56.827],"ix":2},"a":{"a":0,"k":[0,0],"ix":1},"s":{"a":0,"k":[100,100],"ix":3},"r":{"a":0,"k":0,"ix":6},"o":{"a":0,"k":100,"ix":7},"sk":{"a":0,"k":0,"ix":4},"sa":{"a":0,"k":0,"ix":5},"nm":"Transform"}],"nm":"Group 2","np":2,"cix":2,"bm":0,"ix":2,"mn":"ADBE Vector Group","hd":false},{"ty":"gr","it":[{"ind":0,"ty":"sh","ix":1,"ks":{"a":0,"k":{"i":[[-13.554,-14.614],[19.271,-14.296],[12.887,18.261],[-17.287,14.103]],"o":[[16.002,17.252],[-18.209,13.509],[-11.564,-16.387],[17.338,-14.146]],"v":[[28.801,-27.954],[25.364,34.307],[-33.232,22.647],[-27.516,-33.669]],"c":true},"ix":2},"nm":"Path 1","mn":"ADBE Vector Shape - Group","hd":false},{"ty":"fl","c":{"a":0,"k":[0.945098099054,0.376470618154,0.439215716194,1],"ix":4},"o":{"a":0,"k":100,"ix":5},"r":1,"bm":0,"nm":"Fill 1","mn":"ADBE Vector Graphic - Fill","hd":false},{"ty":"tr","p":{"a":0,"k":[55.79,110.804],"ix":2},"a":{"a":0,"k":[0,0],"ix":1},"s":{"a":0,"k":[100,100],"ix":3},"r":{"a":0,"k":0,"ix":6},"o":{"a":0,"k":100,"ix":7},"sk":{"a":0,"k":0,"ix":4},"sa":{"a":0,"k":0,"ix":5},"nm":"Transform"}],"nm":"Group 3","np":2,"cix":2,"bm":0,"ix":3,"mn":"ADBE Vector Group","hd":false},{"ty":"gr","it":[{"ind":0,"ty":"sh","ix":1,"ks":{"a":0,"k":{"i":[[-4.97,-10.848],[0,0],[13.075,1.587],[20.277,44.344],[-14.686,11.98],[-18.464,-21.128],[-34.243,-30.729]],"o":[[28.771,62.818],[0,0],[-32.294,-3.981],[-13.652,-29.784],[19.174,-15.64],[-5.815,-41.286],[6.426,5.732]],"v":[[78.674,-43.413],[39.485,98.825],[17.719,97.137],[-93.793,35.535],[-85.998,-27.924],[-15.625,-21.511],[61.377,-68.096]],"c":true},"ix":2},"nm":"Path 1","mn":"ADBE Vector Shape - Group","hd":false},{"ty":"fl","c":{"a":0,"k":[0.886274569642,0.211764720842,0.282352941176,1],"ix":4},"o":{"a":0,"k":100,"ix":5},"r":1,"bm":0,"nm":"Fill 1","mn":"ADBE Vector Graphic - Fill","hd":false},{"ty":"tr","p":{"a":0,"k":[108.078,99.418],"ix":2},"a":{"a":0,"k":[0,0],"ix":1},"s":{"a":0,"k":[100,100],"ix":3},"r":{"a":0,"k":0,"ix":6},"o":{"a":0,"k":100,"ix":7},"sk":{"a":0,"k":0,"ix":4},"sa":{"a":0,"k":0,"ix":5},"nm":"Transform"}],"nm":"Group 4","np":2,"cix":2,"bm":0,"ix":4,"mn":"ADBE Vector Group","hd":false}],"ip":81,"op":112,"st":81,"bm":0},{"ddd":0,"ind":18,"ty":4,"nm":"Heart 16","sr":1,"ks":{"o":{"a":0,"k":100,"ix":11},"r":{"a":0,"k":30,"ix":10},"p":{"a":1,"k":[{"i":{"x":0.833,"y":0.813},"o":{"x":0.57,"y":0},"t":114,"s":[754.592,745.673,0],"to":[0,0,0],"ti":[-125.408,152.673,0]},{"i":{"x":0.43,"y":1},"o":{"x":0.167,"y":0.152},"t":128,"s":[754.592,472.673,0],"to":[95.612,-116.399,0],"ti":[-99.592,125.327,0]},{"t":144,"s":[708.592,78.673,0]}],"ix":2},"a":{"a":0,"k":[108,99.5,0],"ix":1},"s":{"a":1,"k":[{"i":{"x":[0.833,0.833,0.833],"y":[1,1,1]},"o":{"x":[0.57,0.57,0.57],"y":[0,0,0]},"t":114,"s":[0,0,100]},{"i":{"x":[0.43,0.43,0.43],"y":[1,1,1]},"o":{"x":[0.167,0.167,0.167],"y":[0,0,0]},"t":125,"s":[81,81,100]},{"t":143,"s":[0,0,100]}],"ix":6}},"ao":0,"shapes":[{"ty":"gr","it":[{"ind":0,"ty":"sh","ix":1,"ks":{"a":0,"k":{"i":[[-4.97,-10.848],[0,0],[13.075,1.587],[32.005,59.707]],"o":[[28.771,62.818],[0,0],[22.386,-28.29],[6.426,5.732]],"v":[[16.092,-58.778],[-23.097,83.46],[-44.863,81.772],[-1.205,-83.46]],"c":true},"ix":2},"nm":"Path 1","mn":"ADBE Vector Shape - Group","hd":false},{"ty":"fl","c":{"a":0,"k":[0.737254901961,0.20000001496,0.301960784314,1],"ix":4},"o":{"a":0,"k":100,"ix":5},"r":1,"bm":0,"nm":"Fill 1","mn":"ADBE Vector Graphic - Fill","hd":false},{"ty":"tr","p":{"a":0,"k":[170.66,114.783],"ix":2},"a":{"a":0,"k":[0,0],"ix":1},"s":{"a":0,"k":[100,100],"ix":3},"r":{"a":0,"k":0,"ix":6},"o":{"a":0,"k":100,"ix":7},"sk":{"a":0,"k":0,"ix":4},"sa":{"a":0,"k":0,"ix":5},"nm":"Transform"}],"nm":"Group 1","np":2,"cix":2,"bm":0,"ix":1,"mn":"ADBE Vector Group","hd":false},{"ty":"gr","it":[{"ind":0,"ty":"sh","ix":1,"ks":{"a":0,"k":{"i":[[-8.16,-7.046],[11.006,-8.526],[7.93,8.458],[-8.923,8.025]],"o":[[10.03,8.662],[-8.396,6.505],[-8.67,-9.248],[8.099,-7.285]],"v":[[15.949,-18.125],[13.067,17.865],[-17.309,16.713],[-13.996,-16.171]],"c":true},"ix":2},"nm":"Path 1","mn":"ADBE Vector Shape - Group","hd":false},{"ty":"fl","c":{"a":0,"k":[0.945098099054,0.376470618154,0.439215716194,1],"ix":4},"o":{"a":0,"k":100,"ix":5},"r":1,"bm":0,"nm":"Fill 1","mn":"ADBE Vector Graphic - Fill","hd":false},{"ty":"tr","p":{"a":0,"k":[123.481,56.827],"ix":2},"a":{"a":0,"k":[0,0],"ix":1},"s":{"a":0,"k":[100,100],"ix":3},"r":{"a":0,"k":0,"ix":6},"o":{"a":0,"k":100,"ix":7},"sk":{"a":0,"k":0,"ix":4},"sa":{"a":0,"k":0,"ix":5},"nm":"Transform"}],"nm":"Group 2","np":2,"cix":2,"bm":0,"ix":2,"mn":"ADBE Vector Group","hd":false},{"ty":"gr","it":[{"ind":0,"ty":"sh","ix":1,"ks":{"a":0,"k":{"i":[[-13.554,-14.614],[19.271,-14.296],[12.887,18.261],[-17.287,14.103]],"o":[[16.002,17.252],[-18.209,13.509],[-11.564,-16.387],[17.338,-14.146]],"v":[[28.801,-27.954],[25.364,34.307],[-33.232,22.647],[-27.516,-33.669]],"c":true},"ix":2},"nm":"Path 1","mn":"ADBE Vector Shape - Group","hd":false},{"ty":"fl","c":{"a":0,"k":[0.945098099054,0.376470618154,0.439215716194,1],"ix":4},"o":{"a":0,"k":100,"ix":5},"r":1,"bm":0,"nm":"Fill 1","mn":"ADBE Vector Graphic - Fill","hd":false},{"ty":"tr","p":{"a":0,"k":[55.79,110.804],"ix":2},"a":{"a":0,"k":[0,0],"ix":1},"s":{"a":0,"k":[100,100],"ix":3},"r":{"a":0,"k":0,"ix":6},"o":{"a":0,"k":100,"ix":7},"sk":{"a":0,"k":0,"ix":4},"sa":{"a":0,"k":0,"ix":5},"nm":"Transform"}],"nm":"Group 3","np":2,"cix":2,"bm":0,"ix":3,"mn":"ADBE Vector Group","hd":false},{"ty":"gr","it":[{"ind":0,"ty":"sh","ix":1,"ks":{"a":0,"k":{"i":[[-4.97,-10.848],[0,0],[13.075,1.587],[20.277,44.344],[-14.686,11.98],[-18.464,-21.128],[-34.243,-30.729]],"o":[[28.771,62.818],[0,0],[-32.294,-3.981],[-13.652,-29.784],[19.174,-15.64],[-5.815,-41.286],[6.426,5.732]],"v":[[78.674,-43.413],[39.485,98.825],[17.719,97.137],[-93.793,35.535],[-85.998,-27.924],[-15.625,-21.511],[61.377,-68.096]],"c":true},"ix":2},"nm":"Path 1","mn":"ADBE Vector Shape - Group","hd":false},{"ty":"fl","c":{"a":0,"k":[0.886274569642,0.211764720842,0.282352941176,1],"ix":4},"o":{"a":0,"k":100,"ix":5},"r":1,"bm":0,"nm":"Fill 1","mn":"ADBE Vector Graphic - Fill","hd":false},{"ty":"tr","p":{"a":0,"k":[108.078,99.418],"ix":2},"a":{"a":0,"k":[0,0],"ix":1},"s":{"a":0,"k":[100,100],"ix":3},"r":{"a":0,"k":0,"ix":6},"o":{"a":0,"k":100,"ix":7},"sk":{"a":0,"k":0,"ix":4},"sa":{"a":0,"k":0,"ix":5},"nm":"Transform"}],"nm":"Group 4","np":2,"cix":2,"bm":0,"ix":4,"mn":"ADBE Vector Group","hd":false}],"ip":114,"op":145,"st":114,"bm":0},{"ddd":0,"ind":19,"ty":4,"nm":"Heart 8","sr":1,"ks":{"o":{"a":0,"k":100,"ix":11},"r":{"a":0,"k":30,"ix":10},"p":{"a":1,"k":[{"i":{"x":0.833,"y":0.813},"o":{"x":0.57,"y":0},"t":66,"s":[754.592,745.673,0],"to":[0,0,0],"ti":[-125.408,152.673,0]},{"i":{"x":0.43,"y":1},"o":{"x":0.167,"y":0.152},"t":80,"s":[754.592,472.673,0],"to":[95.612,-116.399,0],"ti":[-99.592,125.327,0]},{"t":96,"s":[708.592,78.673,0]}],"ix":2},"a":{"a":0,"k":[108,99.5,0],"ix":1},"s":{"a":1,"k":[{"i":{"x":[0.833,0.833,0.833],"y":[1,1,1]},"o":{"x":[0.57,0.57,0.57],"y":[0,0,0]},"t":66,"s":[0,0,100]},{"i":{"x":[0.43,0.43,0.43],"y":[1,1,1]},"o":{"x":[0.167,0.167,0.167],"y":[0,0,0]},"t":77,"s":[81,81,100]},{"t":95,"s":[0,0,100]}],"ix":6}},"ao":0,"shapes":[{"ty":"gr","it":[{"ind":0,"ty":"sh","ix":1,"ks":{"a":0,"k":{"i":[[-4.97,-10.848],[0,0],[13.075,1.587],[32.005,59.707]],"o":[[28.771,62.818],[0,0],[22.386,-28.29],[6.426,5.732]],"v":[[16.092,-58.778],[-23.097,83.46],[-44.863,81.772],[-1.205,-83.46]],"c":true},"ix":2},"nm":"Path 1","mn":"ADBE Vector Shape - Group","hd":false},{"ty":"fl","c":{"a":0,"k":[0.737254901961,0.20000001496,0.301960784314,1],"ix":4},"o":{"a":0,"k":100,"ix":5},"r":1,"bm":0,"nm":"Fill 1","mn":"ADBE Vector Graphic - Fill","hd":false},{"ty":"tr","p":{"a":0,"k":[170.66,114.783],"ix":2},"a":{"a":0,"k":[0,0],"ix":1},"s":{"a":0,"k":[100,100],"ix":3},"r":{"a":0,"k":0,"ix":6},"o":{"a":0,"k":100,"ix":7},"sk":{"a":0,"k":0,"ix":4},"sa":{"a":0,"k":0,"ix":5},"nm":"Transform"}],"nm":"Group 1","np":2,"cix":2,"bm":0,"ix":1,"mn":"ADBE Vector Group","hd":false},{"ty":"gr","it":[{"ind":0,"ty":"sh","ix":1,"ks":{"a":0,"k":{"i":[[-8.16,-7.046],[11.006,-8.526],[7.93,8.458],[-8.923,8.025]],"o":[[10.03,8.662],[-8.396,6.505],[-8.67,-9.248],[8.099,-7.285]],"v":[[15.949,-18.125],[13.067,17.865],[-17.309,16.713],[-13.996,-16.171]],"c":true},"ix":2},"nm":"Path 1","mn":"ADBE Vector Shape - Group","hd":false},{"ty":"fl","c":{"a":0,"k":[0.945098099054,0.376470618154,0.439215716194,1],"ix":4},"o":{"a":0,"k":100,"ix":5},"r":1,"bm":0,"nm":"Fill 1","mn":"ADBE Vector Graphic - Fill","hd":false},{"ty":"tr","p":{"a":0,"k":[123.481,56.827],"ix":2},"a":{"a":0,"k":[0,0],"ix":1},"s":{"a":0,"k":[100,100],"ix":3},"r":{"a":0,"k":0,"ix":6},"o":{"a":0,"k":100,"ix":7},"sk":{"a":0,"k":0,"ix":4},"sa":{"a":0,"k":0,"ix":5},"nm":"Transform"}],"nm":"Group 2","np":2,"cix":2,"bm":0,"ix":2,"mn":"ADBE Vector Group","hd":false},{"ty":"gr","it":[{"ind":0,"ty":"sh","ix":1,"ks":{"a":0,"k":{"i":[[-13.554,-14.614],[19.271,-14.296],[12.887,18.261],[-17.287,14.103]],"o":[[16.002,17.252],[-18.209,13.509],[-11.564,-16.387],[17.338,-14.146]],"v":[[28.801,-27.954],[25.364,34.307],[-33.232,22.647],[-27.516,-33.669]],"c":true},"ix":2},"nm":"Path 1","mn":"ADBE Vector Shape - Group","hd":false},{"ty":"fl","c":{"a":0,"k":[0.945098099054,0.376470618154,0.439215716194,1],"ix":4},"o":{"a":0,"k":100,"ix":5},"r":1,"bm":0,"nm":"Fill 1","mn":"ADBE Vector Graphic - Fill","hd":false},{"ty":"tr","p":{"a":0,"k":[55.79,110.804],"ix":2},"a":{"a":0,"k":[0,0],"ix":1},"s":{"a":0,"k":[100,100],"ix":3},"r":{"a":0,"k":0,"ix":6},"o":{"a":0,"k":100,"ix":7},"sk":{"a":0,"k":0,"ix":4},"sa":{"a":0,"k":0,"ix":5},"nm":"Transform"}],"nm":"Group 3","np":2,"cix":2,"bm":0,"ix":3,"mn":"ADBE Vector Group","hd":false},{"ty":"gr","it":[{"ind":0,"ty":"sh","ix":1,"ks":{"a":0,"k":{"i":[[-4.97,-10.848],[0,0],[13.075,1.587],[20.277,44.344],[-14.686,11.98],[-18.464,-21.128],[-34.243,-30.729]],"o":[[28.771,62.818],[0,0],[-32.294,-3.981],[-13.652,-29.784],[19.174,-15.64],[-5.815,-41.286],[6.426,5.732]],"v":[[78.674,-43.413],[39.485,98.825],[17.719,97.137],[-93.793,35.535],[-85.998,-27.924],[-15.625,-21.511],[61.377,-68.096]],"c":true},"ix":2},"nm":"Path 1","mn":"ADBE Vector Shape - Group","hd":false},{"ty":"fl","c":{"a":0,"k":[0.886274569642,0.211764720842,0.282352941176,1],"ix":4},"o":{"a":0,"k":100,"ix":5},"r":1,"bm":0,"nm":"Fill 1","mn":"ADBE Vector Graphic - Fill","hd":false},{"ty":"tr","p":{"a":0,"k":[108.078,99.418],"ix":2},"a":{"a":0,"k":[0,0],"ix":1},"s":{"a":0,"k":[100,100],"ix":3},"r":{"a":0,"k":0,"ix":6},"o":{"a":0,"k":100,"ix":7},"sk":{"a":0,"k":0,"ix":4},"sa":{"a":0,"k":0,"ix":5},"nm":"Transform"}],"nm":"Group 4","np":2,"cix":2,"bm":0,"ix":4,"mn":"ADBE Vector Group","hd":false}],"ip":66,"op":97,"st":66,"bm":0},{"ddd":0,"ind":20,"ty":4,"nm":"Heart 12","sr":1,"ks":{"o":{"a":0,"k":100,"ix":11},"r":{"a":0,"k":30,"ix":10},"p":{"a":1,"k":[{"i":{"x":0.833,"y":0.813},"o":{"x":0.57,"y":0},"t":97,"s":[754.592,745.673,0],"to":[0,0,0],"ti":[-125.408,152.673,0]},{"i":{"x":0.43,"y":1},"o":{"x":0.167,"y":0.152},"t":111,"s":[754.592,472.673,0],"to":[95.612,-116.399,0],"ti":[-99.592,125.327,0]},{"t":127,"s":[708.592,78.673,0]}],"ix":2},"a":{"a":0,"k":[108,99.5,0],"ix":1},"s":{"a":1,"k":[{"i":{"x":[0.833,0.833,0.833],"y":[1,1,1]},"o":{"x":[0.57,0.57,0.57],"y":[0,0,0]},"t":97,"s":[0,0,100]},{"i":{"x":[0.43,0.43,0.43],"y":[1,1,1]},"o":{"x":[0.167,0.167,0.167],"y":[0,0,0]},"t":108,"s":[81,81,100]},{"t":126,"s":[0,0,100]}],"ix":6}},"ao":0,"shapes":[{"ty":"gr","it":[{"ind":0,"ty":"sh","ix":1,"ks":{"a":0,"k":{"i":[[-4.97,-10.848],[0,0],[13.075,1.587],[32.005,59.707]],"o":[[28.771,62.818],[0,0],[22.386,-28.29],[6.426,5.732]],"v":[[16.092,-58.778],[-23.097,83.46],[-44.863,81.772],[-1.205,-83.46]],"c":true},"ix":2},"nm":"Path 1","mn":"ADBE Vector Shape - Group","hd":false},{"ty":"fl","c":{"a":0,"k":[0.737254901961,0.20000001496,0.301960784314,1],"ix":4},"o":{"a":0,"k":100,"ix":5},"r":1,"bm":0,"nm":"Fill 1","mn":"ADBE Vector Graphic - Fill","hd":false},{"ty":"tr","p":{"a":0,"k":[170.66,114.783],"ix":2},"a":{"a":0,"k":[0,0],"ix":1},"s":{"a":0,"k":[100,100],"ix":3},"r":{"a":0,"k":0,"ix":6},"o":{"a":0,"k":100,"ix":7},"sk":{"a":0,"k":0,"ix":4},"sa":{"a":0,"k":0,"ix":5},"nm":"Transform"}],"nm":"Group 1","np":2,"cix":2,"bm":0,"ix":1,"mn":"ADBE Vector Group","hd":false},{"ty":"gr","it":[{"ind":0,"ty":"sh","ix":1,"ks":{"a":0,"k":{"i":[[-8.16,-7.046],[11.006,-8.526],[7.93,8.458],[-8.923,8.025]],"o":[[10.03,8.662],[-8.396,6.505],[-8.67,-9.248],[8.099,-7.285]],"v":[[15.949,-18.125],[13.067,17.865],[-17.309,16.713],[-13.996,-16.171]],"c":true},"ix":2},"nm":"Path 1","mn":"ADBE Vector Shape - Group","hd":false},{"ty":"fl","c":{"a":0,"k":[0.945098099054,0.376470618154,0.439215716194,1],"ix":4},"o":{"a":0,"k":100,"ix":5},"r":1,"bm":0,"nm":"Fill 1","mn":"ADBE Vector Graphic - Fill","hd":false},{"ty":"tr","p":{"a":0,"k":[123.481,56.827],"ix":2},"a":{"a":0,"k":[0,0],"ix":1},"s":{"a":0,"k":[100,100],"ix":3},"r":{"a":0,"k":0,"ix":6},"o":{"a":0,"k":100,"ix":7},"sk":{"a":0,"k":0,"ix":4},"sa":{"a":0,"k":0,"ix":5},"nm":"Transform"}],"nm":"Group 2","np":2,"cix":2,"bm":0,"ix":2,"mn":"ADBE Vector Group","hd":false},{"ty":"gr","it":[{"ind":0,"ty":"sh","ix":1,"ks":{"a":0,"k":{"i":[[-13.554,-14.614],[19.271,-14.296],[12.887,18.261],[-17.287,14.103]],"o":[[16.002,17.252],[-18.209,13.509],[-11.564,-16.387],[17.338,-14.146]],"v":[[28.801,-27.954],[25.364,34.307],[-33.232,22.647],[-27.516,-33.669]],"c":true},"ix":2},"nm":"Path 1","mn":"ADBE Vector Shape - Group","hd":false},{"ty":"fl","c":{"a":0,"k":[0.945098099054,0.376470618154,0.439215716194,1],"ix":4},"o":{"a":0,"k":100,"ix":5},"r":1,"bm":0,"nm":"Fill 1","mn":"ADBE Vector Graphic - Fill","hd":false},{"ty":"tr","p":{"a":0,"k":[55.79,110.804],"ix":2},"a":{"a":0,"k":[0,0],"ix":1},"s":{"a":0,"k":[100,100],"ix":3},"r":{"a":0,"k":0,"ix":6},"o":{"a":0,"k":100,"ix":7},"sk":{"a":0,"k":0,"ix":4},"sa":{"a":0,"k":0,"ix":5},"nm":"Transform"}],"nm":"Group 3","np":2,"cix":2,"bm":0,"ix":3,"mn":"ADBE Vector Group","hd":false},{"ty":"gr","it":[{"ind":0,"ty":"sh","ix":1,"ks":{"a":0,"k":{"i":[[-4.97,-10.848],[0,0],[13.075,1.587],[20.277,44.344],[-14.686,11.98],[-18.464,-21.128],[-34.243,-30.729]],"o":[[28.771,62.818],[0,0],[-32.294,-3.981],[-13.652,-29.784],[19.174,-15.64],[-5.815,-41.286],[6.426,5.732]],"v":[[78.674,-43.413],[39.485,98.825],[17.719,97.137],[-93.793,35.535],[-85.998,-27.924],[-15.625,-21.511],[61.377,-68.096]],"c":true},"ix":2},"nm":"Path 1","mn":"ADBE Vector Shape - Group","hd":false},{"ty":"fl","c":{"a":0,"k":[0.886274569642,0.211764720842,0.282352941176,1],"ix":4},"o":{"a":0,"k":100,"ix":5},"r":1,"bm":0,"nm":"Fill 1","mn":"ADBE Vector Graphic - Fill","hd":false},{"ty":"tr","p":{"a":0,"k":[108.078,99.418],"ix":2},"a":{"a":0,"k":[0,0],"ix":1},"s":{"a":0,"k":[100,100],"ix":3},"r":{"a":0,"k":0,"ix":6},"o":{"a":0,"k":100,"ix":7},"sk":{"a":0,"k":0,"ix":4},"sa":{"a":0,"k":0,"ix":5},"nm":"Transform"}],"nm":"Group 4","np":2,"cix":2,"bm":0,"ix":4,"mn":"ADBE Vector Group","hd":false}],"ip":97,"op":128,"st":97,"bm":0},{"ddd":0,"ind":21,"ty":4,"nm":"Heart 4","sr":1,"ks":{"o":{"a":0,"k":100,"ix":11},"r":{"a":0,"k":30,"ix":10},"p":{"a":1,"k":[{"i":{"x":0.833,"y":0.813},"o":{"x":0.57,"y":0},"t":46,"s":[754.592,745.673,0],"to":[0,0,0],"ti":[-125.408,152.673,0]},{"i":{"x":0.43,"y":1},"o":{"x":0.167,"y":0.152},"t":60,"s":[754.592,472.673,0],"to":[95.612,-116.399,0],"ti":[-99.592,125.327,0]},{"t":76,"s":[708.592,78.673,0]}],"ix":2},"a":{"a":0,"k":[108,99.5,0],"ix":1},"s":{"a":1,"k":[{"i":{"x":[0.833,0.833,0.833],"y":[1,1,1]},"o":{"x":[0.57,0.57,0.57],"y":[0,0,0]},"t":46,"s":[0,0,100]},{"i":{"x":[0.43,0.43,0.43],"y":[1,1,1]},"o":{"x":[0.167,0.167,0.167],"y":[0,0,0]},"t":57,"s":[81,81,100]},{"t":75,"s":[0,0,100]}],"ix":6}},"ao":0,"shapes":[{"ty":"gr","it":[{"ind":0,"ty":"sh","ix":1,"ks":{"a":0,"k":{"i":[[-4.97,-10.848],[0,0],[13.075,1.587],[32.005,59.707]],"o":[[28.771,62.818],[0,0],[22.386,-28.29],[6.426,5.732]],"v":[[16.092,-58.778],[-23.097,83.46],[-44.863,81.772],[-1.205,-83.46]],"c":true},"ix":2},"nm":"Path 1","mn":"ADBE Vector Shape - Group","hd":false},{"ty":"fl","c":{"a":0,"k":[0.737254901961,0.20000001496,0.301960784314,1],"ix":4},"o":{"a":0,"k":100,"ix":5},"r":1,"bm":0,"nm":"Fill 1","mn":"ADBE Vector Graphic - Fill","hd":false},{"ty":"tr","p":{"a":0,"k":[170.66,114.783],"ix":2},"a":{"a":0,"k":[0,0],"ix":1},"s":{"a":0,"k":[100,100],"ix":3},"r":{"a":0,"k":0,"ix":6},"o":{"a":0,"k":100,"ix":7},"sk":{"a":0,"k":0,"ix":4},"sa":{"a":0,"k":0,"ix":5},"nm":"Transform"}],"nm":"Group 1","np":2,"cix":2,"bm":0,"ix":1,"mn":"ADBE Vector Group","hd":false},{"ty":"gr","it":[{"ind":0,"ty":"sh","ix":1,"ks":{"a":0,"k":{"i":[[-8.16,-7.046],[11.006,-8.526],[7.93,8.458],[-8.923,8.025]],"o":[[10.03,8.662],[-8.396,6.505],[-8.67,-9.248],[8.099,-7.285]],"v":[[15.949,-18.125],[13.067,17.865],[-17.309,16.713],[-13.996,-16.171]],"c":true},"ix":2},"nm":"Path 1","mn":"ADBE Vector Shape - Group","hd":false},{"ty":"fl","c":{"a":0,"k":[0.945098099054,0.376470618154,0.439215716194,1],"ix":4},"o":{"a":0,"k":100,"ix":5},"r":1,"bm":0,"nm":"Fill 1","mn":"ADBE Vector Graphic - Fill","hd":false},{"ty":"tr","p":{"a":0,"k":[123.481,56.827],"ix":2},"a":{"a":0,"k":[0,0],"ix":1},"s":{"a":0,"k":[100,100],"ix":3},"r":{"a":0,"k":0,"ix":6},"o":{"a":0,"k":100,"ix":7},"sk":{"a":0,"k":0,"ix":4},"sa":{"a":0,"k":0,"ix":5},"nm":"Transform"}],"nm":"Group 2","np":2,"cix":2,"bm":0,"ix":2,"mn":"ADBE Vector Group","hd":false},{"ty":"gr","it":[{"ind":0,"ty":"sh","ix":1,"ks":{"a":0,"k":{"i":[[-13.554,-14.614],[19.271,-14.296],[12.887,18.261],[-17.287,14.103]],"o":[[16.002,17.252],[-18.209,13.509],[-11.564,-16.387],[17.338,-14.146]],"v":[[28.801,-27.954],[25.364,34.307],[-33.232,22.647],[-27.516,-33.669]],"c":true},"ix":2},"nm":"Path 1","mn":"ADBE Vector Shape - Group","hd":false},{"ty":"fl","c":{"a":0,"k":[0.945098099054,0.376470618154,0.439215716194,1],"ix":4},"o":{"a":0,"k":100,"ix":5},"r":1,"bm":0,"nm":"Fill 1","mn":"ADBE Vector Graphic - Fill","hd":false},{"ty":"tr","p":{"a":0,"k":[55.79,110.804],"ix":2},"a":{"a":0,"k":[0,0],"ix":1},"s":{"a":0,"k":[100,100],"ix":3},"r":{"a":0,"k":0,"ix":6},"o":{"a":0,"k":100,"ix":7},"sk":{"a":0,"k":0,"ix":4},"sa":{"a":0,"k":0,"ix":5},"nm":"Transform"}],"nm":"Group 3","np":2,"cix":2,"bm":0,"ix":3,"mn":"ADBE Vector Group","hd":false},{"ty":"gr","it":[{"ind":0,"ty":"sh","ix":1,"ks":{"a":0,"k":{"i":[[-4.97,-10.848],[0,0],[13.075,1.587],[20.277,44.344],[-14.686,11.98],[-18.464,-21.128],[-34.243,-30.729]],"o":[[28.771,62.818],[0,0],[-32.294,-3.981],[-13.652,-29.784],[19.174,-15.64],[-5.815,-41.286],[6.426,5.732]],"v":[[78.674,-43.413],[39.485,98.825],[17.719,97.137],[-93.793,35.535],[-85.998,-27.924],[-15.625,-21.511],[61.377,-68.096]],"c":true},"ix":2},"nm":"Path 1","mn":"ADBE Vector Shape - Group","hd":false},{"ty":"fl","c":{"a":0,"k":[0.886274569642,0.211764720842,0.282352941176,1],"ix":4},"o":{"a":0,"k":100,"ix":5},"r":1,"bm":0,"nm":"Fill 1","mn":"ADBE Vector Graphic - Fill","hd":false},{"ty":"tr","p":{"a":0,"k":[108.078,99.418],"ix":2},"a":{"a":0,"k":[0,0],"ix":1},"s":{"a":0,"k":[100,100],"ix":3},"r":{"a":0,"k":0,"ix":6},"o":{"a":0,"k":100,"ix":7},"sk":{"a":0,"k":0,"ix":4},"sa":{"a":0,"k":0,"ix":5},"nm":"Transform"}],"nm":"Group 4","np":2,"cix":2,"bm":0,"ix":4,"mn":"ADBE Vector Group","hd":false}],"ip":46,"op":77,"st":46,"bm":0},{"ddd":0,"ind":22,"ty":4,"nm":"Heart 9","sr":1,"ks":{"o":{"a":0,"k":100,"ix":11},"r":{"a":0,"k":30,"ix":10},"p":{"a":1,"k":[{"i":{"x":0.833,"y":0.813},"o":{"x":0.57,"y":0},"t":86,"s":[972.592,745.673,0],"to":[0,0,0],"ti":[-125.408,152.673,0]},{"i":{"x":0.43,"y":1},"o":{"x":0.167,"y":0.152},"t":100,"s":[972.592,472.673,0],"to":[95.612,-116.399,0],"ti":[-99.592,125.327,0]},{"t":116,"s":[926.592,78.673,0]}],"ix":2},"a":{"a":0,"k":[108,99.5,0],"ix":1},"s":{"a":1,"k":[{"i":{"x":[0.833,0.833,0.833],"y":[1,1,1]},"o":{"x":[0.57,0.57,0.57],"y":[0,0,0]},"t":86,"s":[0,0,100]},{"i":{"x":[0.43,0.43,0.43],"y":[1,1,1]},"o":{"x":[0.167,0.167,0.167],"y":[0,0,0]},"t":97,"s":[81,81,100]},{"t":115,"s":[0,0,100]}],"ix":6}},"ao":0,"shapes":[{"ty":"gr","it":[{"ind":0,"ty":"sh","ix":1,"ks":{"a":0,"k":{"i":[[-4.97,-10.848],[0,0],[13.075,1.587],[32.005,59.707]],"o":[[28.771,62.818],[0,0],[22.386,-28.29],[6.426,5.732]],"v":[[16.092,-58.778],[-23.097,83.46],[-44.863,81.772],[-1.205,-83.46]],"c":true},"ix":2},"nm":"Path 1","mn":"ADBE Vector Shape - Group","hd":false},{"ty":"fl","c":{"a":0,"k":[0.737254901961,0.20000001496,0.301960784314,1],"ix":4},"o":{"a":0,"k":100,"ix":5},"r":1,"bm":0,"nm":"Fill 1","mn":"ADBE Vector Graphic - Fill","hd":false},{"ty":"tr","p":{"a":0,"k":[170.66,114.783],"ix":2},"a":{"a":0,"k":[0,0],"ix":1},"s":{"a":0,"k":[100,100],"ix":3},"r":{"a":0,"k":0,"ix":6},"o":{"a":0,"k":100,"ix":7},"sk":{"a":0,"k":0,"ix":4},"sa":{"a":0,"k":0,"ix":5},"nm":"Transform"}],"nm":"Group 1","np":2,"cix":2,"bm":0,"ix":1,"mn":"ADBE Vector Group","hd":false},{"ty":"gr","it":[{"ind":0,"ty":"sh","ix":1,"ks":{"a":0,"k":{"i":[[-8.16,-7.046],[11.006,-8.526],[7.93,8.458],[-8.923,8.025]],"o":[[10.03,8.662],[-8.396,6.505],[-8.67,-9.248],[8.099,-7.285]],"v":[[15.949,-18.125],[13.067,17.865],[-17.309,16.713],[-13.996,-16.171]],"c":true},"ix":2},"nm":"Path 1","mn":"ADBE Vector Shape - Group","hd":false},{"ty":"fl","c":{"a":0,"k":[0.945098099054,0.376470618154,0.439215716194,1],"ix":4},"o":{"a":0,"k":100,"ix":5},"r":1,"bm":0,"nm":"Fill 1","mn":"ADBE Vector Graphic - Fill","hd":false},{"ty":"tr","p":{"a":0,"k":[123.481,56.827],"ix":2},"a":{"a":0,"k":[0,0],"ix":1},"s":{"a":0,"k":[100,100],"ix":3},"r":{"a":0,"k":0,"ix":6},"o":{"a":0,"k":100,"ix":7},"sk":{"a":0,"k":0,"ix":4},"sa":{"a":0,"k":0,"ix":5},"nm":"Transform"}],"nm":"Group 2","np":2,"cix":2,"bm":0,"ix":2,"mn":"ADBE Vector Group","hd":false},{"ty":"gr","it":[{"ind":0,"ty":"sh","ix":1,"ks":{"a":0,"k":{"i":[[-13.554,-14.614],[19.271,-14.296],[12.887,18.261],[-17.287,14.103]],"o":[[16.002,17.252],[-18.209,13.509],[-11.564,-16.387],[17.338,-14.146]],"v":[[28.801,-27.954],[25.364,34.307],[-33.232,22.647],[-27.516,-33.669]],"c":true},"ix":2},"nm":"Path 1","mn":"ADBE Vector Shape - Group","hd":false},{"ty":"fl","c":{"a":0,"k":[0.945098099054,0.376470618154,0.439215716194,1],"ix":4},"o":{"a":0,"k":100,"ix":5},"r":1,"bm":0,"nm":"Fill 1","mn":"ADBE Vector Graphic - Fill","hd":false},{"ty":"tr","p":{"a":0,"k":[55.79,110.804],"ix":2},"a":{"a":0,"k":[0,0],"ix":1},"s":{"a":0,"k":[100,100],"ix":3},"r":{"a":0,"k":0,"ix":6},"o":{"a":0,"k":100,"ix":7},"sk":{"a":0,"k":0,"ix":4},"sa":{"a":0,"k":0,"ix":5},"nm":"Transform"}],"nm":"Group 3","np":2,"cix":2,"bm":0,"ix":3,"mn":"ADBE Vector Group","hd":false},{"ty":"gr","it":[{"ind":0,"ty":"sh","ix":1,"ks":{"a":0,"k":{"i":[[-4.97,-10.848],[0,0],[13.075,1.587],[20.277,44.344],[-14.686,11.98],[-18.464,-21.128],[-34.243,-30.729]],"o":[[28.771,62.818],[0,0],[-32.294,-3.981],[-13.652,-29.784],[19.174,-15.64],[-5.815,-41.286],[6.426,5.732]],"v":[[78.674,-43.413],[39.485,98.825],[17.719,97.137],[-93.793,35.535],[-85.998,-27.924],[-15.625,-21.511],[61.377,-68.096]],"c":true},"ix":2},"nm":"Path 1","mn":"ADBE Vector Shape - Group","hd":false},{"ty":"fl","c":{"a":0,"k":[0.886274569642,0.211764720842,0.282352941176,1],"ix":4},"o":{"a":0,"k":100,"ix":5},"r":1,"bm":0,"nm":"Fill 1","mn":"ADBE Vector Graphic - Fill","hd":false},{"ty":"tr","p":{"a":0,"k":[108.078,99.418],"ix":2},"a":{"a":0,"k":[0,0],"ix":1},"s":{"a":0,"k":[100,100],"ix":3},"r":{"a":0,"k":0,"ix":6},"o":{"a":0,"k":100,"ix":7},"sk":{"a":0,"k":0,"ix":4},"sa":{"a":0,"k":0,"ix":5},"nm":"Transform"}],"nm":"Group 4","np":2,"cix":2,"bm":0,"ix":4,"mn":"ADBE Vector Group","hd":false}],"ip":86,"op":117,"st":86,"bm":0},{"ddd":0,"ind":23,"ty":4,"nm":"Heart 15","sr":1,"ks":{"o":{"a":0,"k":100,"ix":11},"r":{"a":0,"k":30,"ix":10},"p":{"a":1,"k":[{"i":{"x":0.833,"y":0.813},"o":{"x":0.57,"y":0},"t":114,"s":[972.592,745.673,0],"to":[0,0,0],"ti":[-125.408,152.673,0]},{"i":{"x":0.43,"y":1},"o":{"x":0.167,"y":0.152},"t":128,"s":[972.592,472.673,0],"to":[95.612,-116.399,0],"ti":[-99.592,125.327,0]},{"t":144,"s":[926.592,78.673,0]}],"ix":2},"a":{"a":0,"k":[108,99.5,0],"ix":1},"s":{"a":1,"k":[{"i":{"x":[0.833,0.833,0.833],"y":[1,1,1]},"o":{"x":[0.57,0.57,0.57],"y":[0,0,0]},"t":114,"s":[0,0,100]},{"i":{"x":[0.43,0.43,0.43],"y":[1,1,1]},"o":{"x":[0.167,0.167,0.167],"y":[0,0,0]},"t":125,"s":[81,81,100]},{"t":143,"s":[0,0,100]}],"ix":6}},"ao":0,"shapes":[{"ty":"gr","it":[{"ind":0,"ty":"sh","ix":1,"ks":{"a":0,"k":{"i":[[-4.97,-10.848],[0,0],[13.075,1.587],[32.005,59.707]],"o":[[28.771,62.818],[0,0],[22.386,-28.29],[6.426,5.732]],"v":[[16.092,-58.778],[-23.097,83.46],[-44.863,81.772],[-1.205,-83.46]],"c":true},"ix":2},"nm":"Path 1","mn":"ADBE Vector Shape - Group","hd":false},{"ty":"fl","c":{"a":0,"k":[0.737254901961,0.20000001496,0.301960784314,1],"ix":4},"o":{"a":0,"k":100,"ix":5},"r":1,"bm":0,"nm":"Fill 1","mn":"ADBE Vector Graphic - Fill","hd":false},{"ty":"tr","p":{"a":0,"k":[170.66,114.783],"ix":2},"a":{"a":0,"k":[0,0],"ix":1},"s":{"a":0,"k":[100,100],"ix":3},"r":{"a":0,"k":0,"ix":6},"o":{"a":0,"k":100,"ix":7},"sk":{"a":0,"k":0,"ix":4},"sa":{"a":0,"k":0,"ix":5},"nm":"Transform"}],"nm":"Group 1","np":2,"cix":2,"bm":0,"ix":1,"mn":"ADBE Vector Group","hd":false},{"ty":"gr","it":[{"ind":0,"ty":"sh","ix":1,"ks":{"a":0,"k":{"i":[[-8.16,-7.046],[11.006,-8.526],[7.93,8.458],[-8.923,8.025]],"o":[[10.03,8.662],[-8.396,6.505],[-8.67,-9.248],[8.099,-7.285]],"v":[[15.949,-18.125],[13.067,17.865],[-17.309,16.713],[-13.996,-16.171]],"c":true},"ix":2},"nm":"Path 1","mn":"ADBE Vector Shape - Group","hd":false},{"ty":"fl","c":{"a":0,"k":[0.945098099054,0.376470618154,0.439215716194,1],"ix":4},"o":{"a":0,"k":100,"ix":5},"r":1,"bm":0,"nm":"Fill 1","mn":"ADBE Vector Graphic - Fill","hd":false},{"ty":"tr","p":{"a":0,"k":[123.481,56.827],"ix":2},"a":{"a":0,"k":[0,0],"ix":1},"s":{"a":0,"k":[100,100],"ix":3},"r":{"a":0,"k":0,"ix":6},"o":{"a":0,"k":100,"ix":7},"sk":{"a":0,"k":0,"ix":4},"sa":{"a":0,"k":0,"ix":5},"nm":"Transform"}],"nm":"Group 2","np":2,"cix":2,"bm":0,"ix":2,"mn":"ADBE Vector Group","hd":false},{"ty":"gr","it":[{"ind":0,"ty":"sh","ix":1,"ks":{"a":0,"k":{"i":[[-13.554,-14.614],[19.271,-14.296],[12.887,18.261],[-17.287,14.103]],"o":[[16.002,17.252],[-18.209,13.509],[-11.564,-16.387],[17.338,-14.146]],"v":[[28.801,-27.954],[25.364,34.307],[-33.232,22.647],[-27.516,-33.669]],"c":true},"ix":2},"nm":"Path 1","mn":"ADBE Vector Shape - Group","hd":false},{"ty":"fl","c":{"a":0,"k":[0.945098099054,0.376470618154,0.439215716194,1],"ix":4},"o":{"a":0,"k":100,"ix":5},"r":1,"bm":0,"nm":"Fill 1","mn":"ADBE Vector Graphic - Fill","hd":false},{"ty":"tr","p":{"a":0,"k":[55.79,110.804],"ix":2},"a":{"a":0,"k":[0,0],"ix":1},"s":{"a":0,"k":[100,100],"ix":3},"r":{"a":0,"k":0,"ix":6},"o":{"a":0,"k":100,"ix":7},"sk":{"a":0,"k":0,"ix":4},"sa":{"a":0,"k":0,"ix":5},"nm":"Transform"}],"nm":"Group 3","np":2,"cix":2,"bm":0,"ix":3,"mn":"ADBE Vector Group","hd":false},{"ty":"gr","it":[{"ind":0,"ty":"sh","ix":1,"ks":{"a":0,"k":{"i":[[-4.97,-10.848],[0,0],[13.075,1.587],[20.277,44.344],[-14.686,11.98],[-18.464,-21.128],[-34.243,-30.729]],"o":[[28.771,62.818],[0,0],[-32.294,-3.981],[-13.652,-29.784],[19.174,-15.64],[-5.815,-41.286],[6.426,5.732]],"v":[[78.674,-43.413],[39.485,98.825],[17.719,97.137],[-93.793,35.535],[-85.998,-27.924],[-15.625,-21.511],[61.377,-68.096]],"c":true},"ix":2},"nm":"Path 1","mn":"ADBE Vector Shape - Group","hd":false},{"ty":"fl","c":{"a":0,"k":[0.886274569642,0.211764720842,0.282352941176,1],"ix":4},"o":{"a":0,"k":100,"ix":5},"r":1,"bm":0,"nm":"Fill 1","mn":"ADBE Vector Graphic - Fill","hd":false},{"ty":"tr","p":{"a":0,"k":[108.078,99.418],"ix":2},"a":{"a":0,"k":[0,0],"ix":1},"s":{"a":0,"k":[100,100],"ix":3},"r":{"a":0,"k":0,"ix":6},"o":{"a":0,"k":100,"ix":7},"sk":{"a":0,"k":0,"ix":4},"sa":{"a":0,"k":0,"ix":5},"nm":"Transform"}],"nm":"Group 4","np":2,"cix":2,"bm":0,"ix":4,"mn":"ADBE Vector Group","hd":false}],"ip":114,"op":145,"st":114,"bm":0},{"ddd":0,"ind":24,"ty":4,"nm":"Heart 7","sr":1,"ks":{"o":{"a":0,"k":100,"ix":11},"r":{"a":0,"k":30,"ix":10},"p":{"a":1,"k":[{"i":{"x":0.833,"y":0.813},"o":{"x":0.57,"y":0},"t":55,"s":[972.592,745.673,0],"to":[0,0,0],"ti":[-125.408,152.673,0]},{"i":{"x":0.43,"y":1},"o":{"x":0.167,"y":0.152},"t":69,"s":[972.592,472.673,0],"to":[95.612,-116.399,0],"ti":[-99.592,125.327,0]},{"t":85,"s":[926.592,78.673,0]}],"ix":2},"a":{"a":0,"k":[108,99.5,0],"ix":1},"s":{"a":1,"k":[{"i":{"x":[0.833,0.833,0.833],"y":[1,1,1]},"o":{"x":[0.57,0.57,0.57],"y":[0,0,0]},"t":55,"s":[0,0,100]},{"i":{"x":[0.43,0.43,0.43],"y":[1,1,1]},"o":{"x":[0.167,0.167,0.167],"y":[0,0,0]},"t":66,"s":[81,81,100]},{"t":84,"s":[0,0,100]}],"ix":6}},"ao":0,"shapes":[{"ty":"gr","it":[{"ind":0,"ty":"sh","ix":1,"ks":{"a":0,"k":{"i":[[-4.97,-10.848],[0,0],[13.075,1.587],[32.005,59.707]],"o":[[28.771,62.818],[0,0],[22.386,-28.29],[6.426,5.732]],"v":[[16.092,-58.778],[-23.097,83.46],[-44.863,81.772],[-1.205,-83.46]],"c":true},"ix":2},"nm":"Path 1","mn":"ADBE Vector Shape - Group","hd":false},{"ty":"fl","c":{"a":0,"k":[0.737254901961,0.20000001496,0.301960784314,1],"ix":4},"o":{"a":0,"k":100,"ix":5},"r":1,"bm":0,"nm":"Fill 1","mn":"ADBE Vector Graphic - Fill","hd":false},{"ty":"tr","p":{"a":0,"k":[170.66,114.783],"ix":2},"a":{"a":0,"k":[0,0],"ix":1},"s":{"a":0,"k":[100,100],"ix":3},"r":{"a":0,"k":0,"ix":6},"o":{"a":0,"k":100,"ix":7},"sk":{"a":0,"k":0,"ix":4},"sa":{"a":0,"k":0,"ix":5},"nm":"Transform"}],"nm":"Group 1","np":2,"cix":2,"bm":0,"ix":1,"mn":"ADBE Vector Group","hd":false},{"ty":"gr","it":[{"ind":0,"ty":"sh","ix":1,"ks":{"a":0,"k":{"i":[[-8.16,-7.046],[11.006,-8.526],[7.93,8.458],[-8.923,8.025]],"o":[[10.03,8.662],[-8.396,6.505],[-8.67,-9.248],[8.099,-7.285]],"v":[[15.949,-18.125],[13.067,17.865],[-17.309,16.713],[-13.996,-16.171]],"c":true},"ix":2},"nm":"Path 1","mn":"ADBE Vector Shape - Group","hd":false},{"ty":"fl","c":{"a":0,"k":[0.945098099054,0.376470618154,0.439215716194,1],"ix":4},"o":{"a":0,"k":100,"ix":5},"r":1,"bm":0,"nm":"Fill 1","mn":"ADBE Vector Graphic - Fill","hd":false},{"ty":"tr","p":{"a":0,"k":[123.481,56.827],"ix":2},"a":{"a":0,"k":[0,0],"ix":1},"s":{"a":0,"k":[100,100],"ix":3},"r":{"a":0,"k":0,"ix":6},"o":{"a":0,"k":100,"ix":7},"sk":{"a":0,"k":0,"ix":4},"sa":{"a":0,"k":0,"ix":5},"nm":"Transform"}],"nm":"Group 2","np":2,"cix":2,"bm":0,"ix":2,"mn":"ADBE Vector Group","hd":false},{"ty":"gr","it":[{"ind":0,"ty":"sh","ix":1,"ks":{"a":0,"k":{"i":[[-13.554,-14.614],[19.271,-14.296],[12.887,18.261],[-17.287,14.103]],"o":[[16.002,17.252],[-18.209,13.509],[-11.564,-16.387],[17.338,-14.146]],"v":[[28.801,-27.954],[25.364,34.307],[-33.232,22.647],[-27.516,-33.669]],"c":true},"ix":2},"nm":"Path 1","mn":"ADBE Vector Shape - Group","hd":false},{"ty":"fl","c":{"a":0,"k":[0.945098099054,0.376470618154,0.439215716194,1],"ix":4},"o":{"a":0,"k":100,"ix":5},"r":1,"bm":0,"nm":"Fill 1","mn":"ADBE Vector Graphic - Fill","hd":false},{"ty":"tr","p":{"a":0,"k":[55.79,110.804],"ix":2},"a":{"a":0,"k":[0,0],"ix":1},"s":{"a":0,"k":[100,100],"ix":3},"r":{"a":0,"k":0,"ix":6},"o":{"a":0,"k":100,"ix":7},"sk":{"a":0,"k":0,"ix":4},"sa":{"a":0,"k":0,"ix":5},"nm":"Transform"}],"nm":"Group 3","np":2,"cix":2,"bm":0,"ix":3,"mn":"ADBE Vector Group","hd":false},{"ty":"gr","it":[{"ind":0,"ty":"sh","ix":1,"ks":{"a":0,"k":{"i":[[-4.97,-10.848],[0,0],[13.075,1.587],[20.277,44.344],[-14.686,11.98],[-18.464,-21.128],[-34.243,-30.729]],"o":[[28.771,62.818],[0,0],[-32.294,-3.981],[-13.652,-29.784],[19.174,-15.64],[-5.815,-41.286],[6.426,5.732]],"v":[[78.674,-43.413],[39.485,98.825],[17.719,97.137],[-93.793,35.535],[-85.998,-27.924],[-15.625,-21.511],[61.377,-68.096]],"c":true},"ix":2},"nm":"Path 1","mn":"ADBE Vector Shape - Group","hd":false},{"ty":"fl","c":{"a":0,"k":[0.886274569642,0.211764720842,0.282352941176,1],"ix":4},"o":{"a":0,"k":100,"ix":5},"r":1,"bm":0,"nm":"Fill 1","mn":"ADBE Vector Graphic - Fill","hd":false},{"ty":"tr","p":{"a":0,"k":[108.078,99.418],"ix":2},"a":{"a":0,"k":[0,0],"ix":1},"s":{"a":0,"k":[100,100],"ix":3},"r":{"a":0,"k":0,"ix":6},"o":{"a":0,"k":100,"ix":7},"sk":{"a":0,"k":0,"ix":4},"sa":{"a":0,"k":0,"ix":5},"nm":"Transform"}],"nm":"Group 4","np":2,"cix":2,"bm":0,"ix":4,"mn":"ADBE Vector Group","hd":false}],"ip":55,"op":86,"st":55,"bm":0},{"ddd":0,"ind":25,"ty":4,"nm":"Heart 11","sr":1,"ks":{"o":{"a":0,"k":100,"ix":11},"r":{"a":0,"k":30,"ix":10},"p":{"a":1,"k":[{"i":{"x":0.833,"y":0.813},"o":{"x":0.57,"y":0},"t":90,"s":[972.592,745.673,0],"to":[0,0,0],"ti":[-125.408,152.673,0]},{"i":{"x":0.43,"y":1},"o":{"x":0.167,"y":0.152},"t":104,"s":[972.592,472.673,0],"to":[95.612,-116.399,0],"ti":[-99.592,125.327,0]},{"t":120,"s":[926.592,78.673,0]}],"ix":2},"a":{"a":0,"k":[108,99.5,0],"ix":1},"s":{"a":1,"k":[{"i":{"x":[0.833,0.833,0.833],"y":[1,1,1]},"o":{"x":[0.57,0.57,0.57],"y":[0,0,0]},"t":90,"s":[0,0,100]},{"i":{"x":[0.43,0.43,0.43],"y":[1,1,1]},"o":{"x":[0.167,0.167,0.167],"y":[0,0,0]},"t":101,"s":[81,81,100]},{"t":119,"s":[0,0,100]}],"ix":6}},"ao":0,"shapes":[{"ty":"gr","it":[{"ind":0,"ty":"sh","ix":1,"ks":{"a":0,"k":{"i":[[-4.97,-10.848],[0,0],[13.075,1.587],[32.005,59.707]],"o":[[28.771,62.818],[0,0],[22.386,-28.29],[6.426,5.732]],"v":[[16.092,-58.778],[-23.097,83.46],[-44.863,81.772],[-1.205,-83.46]],"c":true},"ix":2},"nm":"Path 1","mn":"ADBE Vector Shape - Group","hd":false},{"ty":"fl","c":{"a":0,"k":[0.737254901961,0.20000001496,0.301960784314,1],"ix":4},"o":{"a":0,"k":100,"ix":5},"r":1,"bm":0,"nm":"Fill 1","mn":"ADBE Vector Graphic - Fill","hd":false},{"ty":"tr","p":{"a":0,"k":[170.66,114.783],"ix":2},"a":{"a":0,"k":[0,0],"ix":1},"s":{"a":0,"k":[100,100],"ix":3},"r":{"a":0,"k":0,"ix":6},"o":{"a":0,"k":100,"ix":7},"sk":{"a":0,"k":0,"ix":4},"sa":{"a":0,"k":0,"ix":5},"nm":"Transform"}],"nm":"Group 1","np":2,"cix":2,"bm":0,"ix":1,"mn":"ADBE Vector Group","hd":false},{"ty":"gr","it":[{"ind":0,"ty":"sh","ix":1,"ks":{"a":0,"k":{"i":[[-8.16,-7.046],[11.006,-8.526],[7.93,8.458],[-8.923,8.025]],"o":[[10.03,8.662],[-8.396,6.505],[-8.67,-9.248],[8.099,-7.285]],"v":[[15.949,-18.125],[13.067,17.865],[-17.309,16.713],[-13.996,-16.171]],"c":true},"ix":2},"nm":"Path 1","mn":"ADBE Vector Shape - Group","hd":false},{"ty":"fl","c":{"a":0,"k":[0.945098099054,0.376470618154,0.439215716194,1],"ix":4},"o":{"a":0,"k":100,"ix":5},"r":1,"bm":0,"nm":"Fill 1","mn":"ADBE Vector Graphic - Fill","hd":false},{"ty":"tr","p":{"a":0,"k":[123.481,56.827],"ix":2},"a":{"a":0,"k":[0,0],"ix":1},"s":{"a":0,"k":[100,100],"ix":3},"r":{"a":0,"k":0,"ix":6},"o":{"a":0,"k":100,"ix":7},"sk":{"a":0,"k":0,"ix":4},"sa":{"a":0,"k":0,"ix":5},"nm":"Transform"}],"nm":"Group 2","np":2,"cix":2,"bm":0,"ix":2,"mn":"ADBE Vector Group","hd":false},{"ty":"gr","it":[{"ind":0,"ty":"sh","ix":1,"ks":{"a":0,"k":{"i":[[-13.554,-14.614],[19.271,-14.296],[12.887,18.261],[-17.287,14.103]],"o":[[16.002,17.252],[-18.209,13.509],[-11.564,-16.387],[17.338,-14.146]],"v":[[28.801,-27.954],[25.364,34.307],[-33.232,22.647],[-27.516,-33.669]],"c":true},"ix":2},"nm":"Path 1","mn":"ADBE Vector Shape - Group","hd":false},{"ty":"fl","c":{"a":0,"k":[0.945098099054,0.376470618154,0.439215716194,1],"ix":4},"o":{"a":0,"k":100,"ix":5},"r":1,"bm":0,"nm":"Fill 1","mn":"ADBE Vector Graphic - Fill","hd":false},{"ty":"tr","p":{"a":0,"k":[55.79,110.804],"ix":2},"a":{"a":0,"k":[0,0],"ix":1},"s":{"a":0,"k":[100,100],"ix":3},"r":{"a":0,"k":0,"ix":6},"o":{"a":0,"k":100,"ix":7},"sk":{"a":0,"k":0,"ix":4},"sa":{"a":0,"k":0,"ix":5},"nm":"Transform"}],"nm":"Group 3","np":2,"cix":2,"bm":0,"ix":3,"mn":"ADBE Vector Group","hd":false},{"ty":"gr","it":[{"ind":0,"ty":"sh","ix":1,"ks":{"a":0,"k":{"i":[[-4.97,-10.848],[0,0],[13.075,1.587],[20.277,44.344],[-14.686,11.98],[-18.464,-21.128],[-34.243,-30.729]],"o":[[28.771,62.818],[0,0],[-32.294,-3.981],[-13.652,-29.784],[19.174,-15.64],[-5.815,-41.286],[6.426,5.732]],"v":[[78.674,-43.413],[39.485,98.825],[17.719,97.137],[-93.793,35.535],[-85.998,-27.924],[-15.625,-21.511],[61.377,-68.096]],"c":true},"ix":2},"nm":"Path 1","mn":"ADBE Vector Shape - Group","hd":false},{"ty":"fl","c":{"a":0,"k":[0.886274569642,0.211764720842,0.282352941176,1],"ix":4},"o":{"a":0,"k":100,"ix":5},"r":1,"bm":0,"nm":"Fill 1","mn":"ADBE Vector Graphic - Fill","hd":false},{"ty":"tr","p":{"a":0,"k":[108.078,99.418],"ix":2},"a":{"a":0,"k":[0,0],"ix":1},"s":{"a":0,"k":[100,100],"ix":3},"r":{"a":0,"k":0,"ix":6},"o":{"a":0,"k":100,"ix":7},"sk":{"a":0,"k":0,"ix":4},"sa":{"a":0,"k":0,"ix":5},"nm":"Transform"}],"nm":"Group 4","np":2,"cix":2,"bm":0,"ix":4,"mn":"ADBE Vector Group","hd":false}],"ip":90,"op":121,"st":90,"bm":0},{"ddd":0,"ind":26,"ty":4,"nm":"Heart 3","sr":1,"ks":{"o":{"a":0,"k":100,"ix":11},"r":{"a":0,"k":30,"ix":10},"p":{"a":1,"k":[{"i":{"x":0.833,"y":0.813},"o":{"x":0.57,"y":0},"t":39,"s":[972.592,745.673,0],"to":[0,0,0],"ti":[-125.408,152.673,0]},{"i":{"x":0.43,"y":1},"o":{"x":0.167,"y":0.152},"t":53,"s":[972.592,472.673,0],"to":[95.612,-116.399,0],"ti":[-99.592,125.327,0]},{"t":69,"s":[926.592,78.673,0]}],"ix":2},"a":{"a":0,"k":[108,99.5,0],"ix":1},"s":{"a":1,"k":[{"i":{"x":[0.833,0.833,0.833],"y":[1,1,1]},"o":{"x":[0.57,0.57,0.57],"y":[0,0,0]},"t":39,"s":[0,0,100]},{"i":{"x":[0.43,0.43,0.43],"y":[1,1,1]},"o":{"x":[0.167,0.167,0.167],"y":[0,0,0]},"t":50,"s":[81,81,100]},{"t":68,"s":[0,0,100]}],"ix":6}},"ao":0,"shapes":[{"ty":"gr","it":[{"ind":0,"ty":"sh","ix":1,"ks":{"a":0,"k":{"i":[[-4.97,-10.848],[0,0],[13.075,1.587],[32.005,59.707]],"o":[[28.771,62.818],[0,0],[22.386,-28.29],[6.426,5.732]],"v":[[16.092,-58.778],[-23.097,83.46],[-44.863,81.772],[-1.205,-83.46]],"c":true},"ix":2},"nm":"Path 1","mn":"ADBE Vector Shape - Group","hd":false},{"ty":"fl","c":{"a":0,"k":[0.737254901961,0.20000001496,0.301960784314,1],"ix":4},"o":{"a":0,"k":100,"ix":5},"r":1,"bm":0,"nm":"Fill 1","mn":"ADBE Vector Graphic - Fill","hd":false},{"ty":"tr","p":{"a":0,"k":[170.66,114.783],"ix":2},"a":{"a":0,"k":[0,0],"ix":1},"s":{"a":0,"k":[100,100],"ix":3},"r":{"a":0,"k":0,"ix":6},"o":{"a":0,"k":100,"ix":7},"sk":{"a":0,"k":0,"ix":4},"sa":{"a":0,"k":0,"ix":5},"nm":"Transform"}],"nm":"Group 1","np":2,"cix":2,"bm":0,"ix":1,"mn":"ADBE Vector Group","hd":false},{"ty":"gr","it":[{"ind":0,"ty":"sh","ix":1,"ks":{"a":0,"k":{"i":[[-8.16,-7.046],[11.006,-8.526],[7.93,8.458],[-8.923,8.025]],"o":[[10.03,8.662],[-8.396,6.505],[-8.67,-9.248],[8.099,-7.285]],"v":[[15.949,-18.125],[13.067,17.865],[-17.309,16.713],[-13.996,-16.171]],"c":true},"ix":2},"nm":"Path 1","mn":"ADBE Vector Shape - Group","hd":false},{"ty":"fl","c":{"a":0,"k":[0.945098099054,0.376470618154,0.439215716194,1],"ix":4},"o":{"a":0,"k":100,"ix":5},"r":1,"bm":0,"nm":"Fill 1","mn":"ADBE Vector Graphic - Fill","hd":false},{"ty":"tr","p":{"a":0,"k":[123.481,56.827],"ix":2},"a":{"a":0,"k":[0,0],"ix":1},"s":{"a":0,"k":[100,100],"ix":3},"r":{"a":0,"k":0,"ix":6},"o":{"a":0,"k":100,"ix":7},"sk":{"a":0,"k":0,"ix":4},"sa":{"a":0,"k":0,"ix":5},"nm":"Transform"}],"nm":"Group 2","np":2,"cix":2,"bm":0,"ix":2,"mn":"ADBE Vector Group","hd":false},{"ty":"gr","it":[{"ind":0,"ty":"sh","ix":1,"ks":{"a":0,"k":{"i":[[-13.554,-14.614],[19.271,-14.296],[12.887,18.261],[-17.287,14.103]],"o":[[16.002,17.252],[-18.209,13.509],[-11.564,-16.387],[17.338,-14.146]],"v":[[28.801,-27.954],[25.364,34.307],[-33.232,22.647],[-27.516,-33.669]],"c":true},"ix":2},"nm":"Path 1","mn":"ADBE Vector Shape - Group","hd":false},{"ty":"fl","c":{"a":0,"k":[0.945098099054,0.376470618154,0.439215716194,1],"ix":4},"o":{"a":0,"k":100,"ix":5},"r":1,"bm":0,"nm":"Fill 1","mn":"ADBE Vector Graphic - Fill","hd":false},{"ty":"tr","p":{"a":0,"k":[55.79,110.804],"ix":2},"a":{"a":0,"k":[0,0],"ix":1},"s":{"a":0,"k":[100,100],"ix":3},"r":{"a":0,"k":0,"ix":6},"o":{"a":0,"k":100,"ix":7},"sk":{"a":0,"k":0,"ix":4},"sa":{"a":0,"k":0,"ix":5},"nm":"Transform"}],"nm":"Group 3","np":2,"cix":2,"bm":0,"ix":3,"mn":"ADBE Vector Group","hd":false},{"ty":"gr","it":[{"ind":0,"ty":"sh","ix":1,"ks":{"a":0,"k":{"i":[[-4.97,-10.848],[0,0],[13.075,1.587],[20.277,44.344],[-14.686,11.98],[-18.464,-21.128],[-34.243,-30.729]],"o":[[28.771,62.818],[0,0],[-32.294,-3.981],[-13.652,-29.784],[19.174,-15.64],[-5.815,-41.286],[6.426,5.732]],"v":[[78.674,-43.413],[39.485,98.825],[17.719,97.137],[-93.793,35.535],[-85.998,-27.924],[-15.625,-21.511],[61.377,-68.096]],"c":true},"ix":2},"nm":"Path 1","mn":"ADBE Vector Shape - Group","hd":false},{"ty":"fl","c":{"a":0,"k":[0.886274569642,0.211764720842,0.282352941176,1],"ix":4},"o":{"a":0,"k":100,"ix":5},"r":1,"bm":0,"nm":"Fill 1","mn":"ADBE Vector Graphic - Fill","hd":false},{"ty":"tr","p":{"a":0,"k":[108.078,99.418],"ix":2},"a":{"a":0,"k":[0,0],"ix":1},"s":{"a":0,"k":[100,100],"ix":3},"r":{"a":0,"k":0,"ix":6},"o":{"a":0,"k":100,"ix":7},"sk":{"a":0,"k":0,"ix":4},"sa":{"a":0,"k":0,"ix":5},"nm":"Transform"}],"nm":"Group 4","np":2,"cix":2,"bm":0,"ix":4,"mn":"ADBE Vector Group","hd":false}],"ip":39,"op":70,"st":39,"bm":0}],"markers":[]}