{"v":"5.7.1","fr":60,"ip":0,"op":420,"w":1080,"h":1080,"nm":"404-Error pages-13","ddd":0,"assets":[],"layers":[{"ddd":0,"ind":1,"ty":4,"nm":"Water-drops Outlines 2","sr":1,"ks":{"o":{"a":1,"k":[{"i":{"x":[0.667],"y":[1]},"o":{"x":[0.333],"y":[0]},"t":74,"s":[0]},{"i":{"x":[0.667],"y":[1]},"o":{"x":[0.333],"y":[0]},"t":79,"s":[100]},{"i":{"x":[0.667],"y":[1]},"o":{"x":[0.333],"y":[0]},"t":92,"s":[100]},{"t":97,"s":[0]}],"ix":11},"r":{"a":0,"k":0,"ix":10},"p":{"a":1,"k":[{"i":{"x":0.667,"y":0.667},"o":{"x":0.333,"y":0.333},"t":74,"s":[278.788,560.258,0],"to":[0,0,0],"ti":[0,0,0]},{"i":{"x":0.667,"y":1},"o":{"x":0.333,"y":0},"t":79,"s":[278.788,560.258,0],"to":[0,7.833,0],"ti":[0,-7.833,0]},{"t":94,"s":[278.788,607.258,0]}],"ix":2},"a":{"a":0,"k":[10.439,13.908,0],"ix":1},"s":{"a":0,"k":[100,100,100],"ix":6}},"ao":0,"shapes":[{"ty":"gr","it":[{"ind":0,"ty":"sh","ix":1,"ks":{"a":0,"k":{"i":[[0,0],[-3.075,-6.294],[-2.02,6.588]],"o":[[0,0],[3.074,6.293],[2.02,-6.588]],"v":[[-0.966,-13.658],[-7.114,7.365],[8.169,6.895]],"c":true},"ix":2},"nm":"Path 1","mn":"ADBE Vector Shape - Group","hd":false},{"ty":"fl","c":{"a":0,"k":[1,0.980000035903,1,1],"ix":4},"o":{"a":0,"k":100,"ix":5},"r":1,"bm":0,"nm":"Fill 1","mn":"ADBE Vector Graphic - Fill","hd":false},{"ty":"tr","p":{"a":0,"k":[10.439,13.908],"ix":2},"a":{"a":0,"k":[0,0],"ix":1},"s":{"a":0,"k":[100,100],"ix":3},"r":{"a":0,"k":0,"ix":6},"o":{"a":0,"k":100,"ix":7},"sk":{"a":0,"k":0,"ix":4},"sa":{"a":0,"k":0,"ix":5},"nm":"Transform"}],"nm":"Group 1","np":2,"cix":2,"bm":0,"ix":1,"mn":"ADBE Vector Group","hd":false}],"ip":0,"op":484,"st":4,"bm":0},{"ddd":0,"ind":2,"ty":4,"nm":"Water-drops Outlines","sr":1,"ks":{"o":{"a":1,"k":[{"i":{"x":[0.667],"y":[1]},"o":{"x":[0.333],"y":[0]},"t":70,"s":[0]},{"i":{"x":[0.667],"y":[1]},"o":{"x":[0.333],"y":[0]},"t":75,"s":[100]},{"i":{"x":[0.667],"y":[1]},"o":{"x":[0.333],"y":[0]},"t":88,"s":[100]},{"t":93,"s":[0]}],"ix":11},"r":{"a":0,"k":0,"ix":10},"p":{"a":1,"k":[{"i":{"x":0.667,"y":1},"o":{"x":0.333,"y":0},"t":75,"s":[253.788,580.258,0],"to":[0,7.833,0],"ti":[0,-7.833,0]},{"t":90,"s":[253.788,627.258,0]}],"ix":2},"a":{"a":0,"k":[10.439,13.908,0],"ix":1},"s":{"a":0,"k":[100,100,100],"ix":6}},"ao":0,"shapes":[{"ty":"gr","it":[{"ind":0,"ty":"sh","ix":1,"ks":{"a":0,"k":{"i":[[0,0],[-3.075,-6.294],[-2.02,6.588]],"o":[[0,0],[3.074,6.293],[2.02,-6.588]],"v":[[-0.966,-13.658],[-7.114,7.365],[8.169,6.895]],"c":true},"ix":2},"nm":"Path 1","mn":"ADBE Vector Shape - Group","hd":false},{"ty":"fl","c":{"a":0,"k":[1,0.980000035903,1,1],"ix":4},"o":{"a":0,"k":100,"ix":5},"r":1,"bm":0,"nm":"Fill 1","mn":"ADBE Vector Graphic - Fill","hd":false},{"ty":"tr","p":{"a":0,"k":[10.439,13.908],"ix":2},"a":{"a":0,"k":[0,0],"ix":1},"s":{"a":0,"k":[100,100],"ix":3},"r":{"a":0,"k":0,"ix":6},"o":{"a":0,"k":100,"ix":7},"sk":{"a":0,"k":0,"ix":4},"sa":{"a":0,"k":0,"ix":5},"nm":"Transform"}],"nm":"Group 1","np":2,"cix":2,"bm":0,"ix":1,"mn":"ADBE Vector Group","hd":false}],"ip":0,"op":480,"st":0,"bm":0},{"ddd":0,"ind":3,"ty":4,"nm":"Mouth Outlines","parent":10,"sr":1,"ks":{"o":{"a":0,"k":100,"ix":11},"r":{"a":1,"k":[{"i":{"x":[0],"y":[1]},"o":{"x":[0.3],"y":[0]},"t":60,"s":[180]},{"i":{"x":[0],"y":[1]},"o":{"x":[0.3],"y":[0]},"t":61,"s":[0]},{"i":{"x":[0.833],"y":[1]},"o":{"x":[0.3],"y":[0]},"t":90,"s":[0]},{"i":{"x":[0],"y":[1]},"o":{"x":[0.167],"y":[0]},"t":335,"s":[0]},{"t":336,"s":[180]}],"ix":10},"p":{"a":1,"k":[{"i":{"x":0,"y":1},"o":{"x":0.3,"y":0},"t":60,"s":[106.459,153.002,0],"to":[1.833,1.25,0],"ti":[-1.833,-1.25,0]},{"i":{"x":0,"y":1},"o":{"x":0.3,"y":0},"t":90,"s":[117.459,160.502,0],"to":[1.833,1.25,0],"ti":[0,0,0]},{"i":{"x":0,"y":1},"o":{"x":0.3,"y":0},"t":335,"s":[117.459,160.502,0],"to":[0,0,0],"ti":[-1.833,-1.25,0]},{"t":346,"s":[106.459,153.002,0]}],"ix":2},"a":{"a":0,"k":[97.112,45.023,0],"ix":1},"s":{"a":1,"k":[{"i":{"x":[0,0,0],"y":[1,1,1]},"o":{"x":[0.3,0.3,0.3],"y":[0,0,0]},"t":60,"s":[59.982,59.982,100]},{"i":{"x":[0.833,0.833,0.833],"y":[1,1,1]},"o":{"x":[0.3,0.3,0.3],"y":[0,0,0]},"t":90,"s":[100,100,100]},{"i":{"x":[0,0,0],"y":[1,1,1]},"o":{"x":[0.167,0.167,0.167],"y":[0,0,0]},"t":335,"s":[100,100,100]},{"t":346,"s":[59.982,59.982,100]}],"ix":6}},"ao":0,"shapes":[{"ty":"gr","it":[{"ind":0,"ty":"sh","ix":1,"ks":{"a":0,"k":{"i":[[0,0],[25.357,0.38],[3.785,-0.216],[0,0]],"o":[[0,0],[-4.006,0.12],[0,0],[23.589,-7.547]],"v":[[17.568,-0.851],[-8.37,-16.329],[-20.044,-15.82],[-3.545,16.329]],"c":true},"ix":2},"nm":"Path 1","mn":"ADBE Vector Shape - Group","hd":false},{"ty":"st","c":{"a":0,"k":[0.322000002394,0.263000009574,0.532999973671,1],"ix":3},"o":{"a":0,"k":100,"ix":4},"w":{"a":0,"k":4.899,"ix":5},"lc":2,"lj":1,"ml":10,"bm":0,"nm":"Stroke 1","mn":"ADBE Vector Graphic - Stroke","hd":false},{"ty":"fl","c":{"a":0,"k":[0.870999983245,0.859000052658,0.922000002394,1],"ix":4},"o":{"a":0,"k":100,"ix":5},"r":1,"bm":0,"nm":"Fill 1","mn":"ADBE Vector Graphic - Fill","hd":false},{"ty":"tr","p":{"a":0,"k":[161.933,28.577],"ix":2},"a":{"a":0,"k":[0,0],"ix":1},"s":{"a":0,"k":[100,100],"ix":3},"r":{"a":0,"k":0,"ix":6},"o":{"a":0,"k":100,"ix":7},"sk":{"a":0,"k":0,"ix":4},"sa":{"a":0,"k":0,"ix":5},"nm":"Transform"}],"nm":"Group 1","np":3,"cix":2,"bm":0,"ix":1,"mn":"ADBE Vector Group","hd":false},{"ty":"gr","it":[{"ind":0,"ty":"sh","ix":1,"ks":{"a":0,"k":{"i":[[0,0],[8.843,-1.38],[0,0],[-6.406,1.189],[-3.425,0.933]],"o":[[-10.511,0.728],[0,0],[6.677,-1.558],[4.398,-0.818],[0,0]],"v":[[5.999,-19.969],[-22.999,-16.771],[-8.449,19.969],[11.296,15.796],[22.999,13.159]],"c":true},"ix":2},"nm":"Path 1","mn":"ADBE Vector Shape - Group","hd":false},{"ty":"st","c":{"a":0,"k":[0.322000002394,0.263000009574,0.532999973671,1],"ix":3},"o":{"a":0,"k":100,"ix":4},"w":{"a":0,"k":4.899,"ix":5},"lc":2,"lj":1,"ml":10,"bm":0,"nm":"Stroke 1","mn":"ADBE Vector Graphic - Stroke","hd":false},{"ty":"fl","c":{"a":0,"k":[0.870999983245,0.859000052658,0.922000002394,1],"ix":4},"o":{"a":0,"k":100,"ix":5},"r":1,"bm":0,"nm":"Fill 1","mn":"ADBE Vector Graphic - Fill","hd":false},{"ty":"tr","p":{"a":0,"k":[131.038,33.03],"ix":2},"a":{"a":0,"k":[0,0],"ix":1},"s":{"a":0,"k":[100,100],"ix":3},"r":{"a":0,"k":0,"ix":6},"o":{"a":0,"k":100,"ix":7},"sk":{"a":0,"k":0,"ix":4},"sa":{"a":0,"k":0,"ix":5},"nm":"Transform"}],"nm":"Group 2","np":3,"cix":2,"bm":0,"ix":2,"mn":"ADBE Vector Group","hd":false},{"ty":"gr","it":[{"ind":0,"ty":"sh","ix":1,"ks":{"a":0,"k":{"i":[[0,0],[7.693,-4.584],[-0.337,-1.052],[-2.222,-7.059],[-1.36,-4.347],[-15.239,4.401]],"o":[[-12.063,3.958],[0.283,0.872],[1.296,4.034],[1.71,5.432],[4.388,-1.437],[0,0]],"v":[[8.084,-23.943],[-21.321,-10.874],[-20.389,-7.982],[-15.089,8.734],[-10.318,23.943],[21.321,14.233]],"c":true},"ix":2},"nm":"Path 1","mn":"ADBE Vector Shape - Group","hd":false},{"ty":"st","c":{"a":0,"k":[0.322000002394,0.263000009574,0.532999973671,1],"ix":3},"o":{"a":0,"k":100,"ix":4},"w":{"a":0,"k":4.899,"ix":5},"lc":2,"lj":1,"ml":10,"bm":0,"nm":"Stroke 1","mn":"ADBE Vector Graphic - Stroke","hd":false},{"ty":"fl","c":{"a":0,"k":[0.870999983245,0.859000052658,0.922000002394,1],"ix":4},"o":{"a":0,"k":100,"ix":5},"r":1,"bm":0,"nm":"Fill 1","mn":"ADBE Vector Graphic - Fill","hd":false},{"ty":"tr","p":{"a":0,"k":[62.899,48.871],"ix":2},"a":{"a":0,"k":[0,0],"ix":1},"s":{"a":0,"k":[100,100],"ix":3},"r":{"a":0,"k":0,"ix":6},"o":{"a":0,"k":100,"ix":7},"sk":{"a":0,"k":0,"ix":4},"sa":{"a":0,"k":0,"ix":5},"nm":"Transform"}],"nm":"Group 3","np":3,"cix":2,"bm":0,"ix":3,"mn":"ADBE Vector Group","hd":false},{"ty":"gr","it":[{"ind":0,"ty":"sh","ix":1,"ks":{"a":0,"k":{"i":[[2.413,7.473],[3.294,-5.083],[-5.982,-1.676],[-5.469,1.247]],"o":[[-12.217,7.99],[-3.379,5.214],[8.735,2.446],[-3.859,-12.34]],"v":[[7.415,-18.685],[-14.641,2.277],[-9.473,16.238],[18.021,14.901]],"c":true},"ix":2},"nm":"Path 1","mn":"ADBE Vector Shape - Group","hd":false},{"ty":"st","c":{"a":0,"k":[0.322000002394,0.263000009574,0.532999973671,1],"ix":3},"o":{"a":0,"k":100,"ix":4},"w":{"a":0,"k":4.899,"ix":5},"lc":2,"lj":1,"ml":10,"bm":0,"nm":"Stroke 1","mn":"ADBE Vector Graphic - Stroke","hd":false},{"ty":"fl","c":{"a":0,"k":[0.870999983245,0.859000052658,0.922000002394,1],"ix":4},"o":{"a":0,"k":100,"ix":5},"r":1,"bm":0,"nm":"Fill 1","mn":"ADBE Vector Graphic - Fill","hd":false},{"ty":"tr","p":{"a":0,"k":[30.268,59.114],"ix":2},"a":{"a":0,"k":[0,0],"ix":1},"s":{"a":0,"k":[100,100],"ix":3},"r":{"a":0,"k":0,"ix":6},"o":{"a":0,"k":100,"ix":7},"sk":{"a":0,"k":0,"ix":4},"sa":{"a":0,"k":0,"ix":5},"nm":"Transform"}],"nm":"Group 4","np":3,"cix":2,"bm":0,"ix":4,"mn":"ADBE Vector Group","hd":false},{"ty":"gr","it":[{"ind":0,"ty":"sh","ix":1,"ks":{"a":0,"k":{"i":[[0,0],[8.319,-2.519],[0,0],[-10.28,2.48]],"o":[[-10.595,1.826],[0,0],[9.229,-2.619],[0,0]],"v":[[6.82,-22.438],[-21.488,-15.849],[-8.212,22.438],[21.488,14.601]],"c":true},"ix":2},"nm":"Path 1","mn":"ADBE Vector Shape - Group","hd":false},{"ty":"st","c":{"a":0,"k":[0.322000002394,0.263000009574,0.532999973671,1],"ix":3},"o":{"a":0,"k":100,"ix":4},"w":{"a":0,"k":4.899,"ix":5},"lc":2,"lj":1,"ml":10,"bm":0,"nm":"Stroke 1","mn":"ADBE Vector Graphic - Stroke","hd":false},{"ty":"fl","c":{"a":0,"k":[0.870999983245,0.859000052658,0.922000002394,1],"ix":4},"o":{"a":0,"k":100,"ix":5},"r":1,"bm":0,"nm":"Fill 1","mn":"ADBE Vector Graphic - Fill","hd":false},{"ty":"tr","p":{"a":0,"k":[96.721,39.438],"ix":2},"a":{"a":0,"k":[0,0],"ix":1},"s":{"a":0,"k":[100,100],"ix":3},"r":{"a":0,"k":0,"ix":6},"o":{"a":0,"k":100,"ix":7},"sk":{"a":0,"k":0,"ix":4},"sa":{"a":0,"k":0,"ix":5},"nm":"Transform"}],"nm":"Group 5","np":3,"cix":2,"bm":0,"ix":5,"mn":"ADBE Vector Group","hd":false}],"ip":0,"op":480,"st":0,"bm":0},{"ddd":0,"ind":4,"ty":4,"nm":"Brain cover Outlines","parent":10,"sr":1,"ks":{"o":{"a":0,"k":100,"ix":11},"r":{"a":1,"k":[{"i":{"x":[0],"y":[1]},"o":{"x":[0.3],"y":[0]},"t":122,"s":[0]},{"i":{"x":[0.833],"y":[1]},"o":{"x":[0.3],"y":[0]},"t":126,"s":[-141]},{"i":{"x":[0],"y":[1]},"o":{"x":[0.167],"y":[0]},"t":330,"s":[-141]},{"t":335,"s":[0]}],"ix":10},"p":{"a":0,"k":[13.104,16.147,0],"ix":2},"a":{"a":0,"k":[0.761,64.139,0],"ix":1},"s":{"a":0,"k":[100,100,100],"ix":6}},"ao":0,"shapes":[{"ty":"gr","it":[{"ind":0,"ty":"sh","ix":1,"ks":{"a":0,"k":{"i":[[0,0],[0,0],[-54.623,3.372],[0,0]],"o":[[0,0],[-0.601,-11.013],[62.152,-3.839],[0,0]],"v":[[66.419,17.047],[-65.817,31.944],[-10.958,-28.105],[64.919,13.259]],"c":true},"ix":2},"nm":"Path 1","mn":"ADBE Vector Shape - Group","hd":false},{"ty":"fl","c":{"a":0,"k":[0.322000002394,0.263000009574,0.532999973671,1],"ix":4},"o":{"a":0,"k":100,"ix":5},"r":1,"bm":0,"nm":"Fill 1","mn":"ADBE Vector Graphic - Fill","hd":false},{"ty":"tr","p":{"a":0,"k":[66.669,32.195],"ix":2},"a":{"a":0,"k":[0,0],"ix":1},"s":{"a":0,"k":[100,100],"ix":3},"r":{"a":0,"k":0,"ix":6},"o":{"a":0,"k":100,"ix":7},"sk":{"a":0,"k":0,"ix":4},"sa":{"a":0,"k":0,"ix":5},"nm":"Transform"}],"nm":"Group 1","np":2,"cix":2,"bm":0,"ix":1,"mn":"ADBE Vector Group","hd":false}],"ip":0,"op":480,"st":0,"bm":0},{"ddd":0,"ind":5,"ty":4,"nm":"Funny eyes Outlines","parent":10,"sr":1,"ks":{"o":{"a":0,"k":100,"ix":11},"r":{"a":0,"k":0,"ix":10},"p":{"a":0,"k":[109.129,87.82,0],"ix":2},"a":{"a":0,"k":[14.495,15.383,0],"ix":1},"s":{"a":1,"k":[{"i":{"x":[0,0,0],"y":[1,1,1]},"o":{"x":[0.3,0.3,0.3],"y":[0,0,0]},"t":60,"s":[144,144,100]},{"i":{"x":[0.833,0.833,0.833],"y":[1,1,1]},"o":{"x":[0.3,0.3,0.3],"y":[0,0,0]},"t":90,"s":[216,216,100]},{"i":{"x":[0.833,0.833,0.833],"y":[1,1,1]},"o":{"x":[0.167,0.167,0.167],"y":[0,0,0]},"t":126,"s":[216,216,100]},{"i":{"x":[0.833,0.833,0.833],"y":[1,1,1]},"o":{"x":[0.167,0.167,0.167],"y":[0,0,0]},"t":132,"s":[127,127,100]},{"i":{"x":[0,0,0],"y":[1,1,1]},"o":{"x":[0.167,0.167,0.167],"y":[0,0,0]},"t":330,"s":[127,127,100]},{"t":340,"s":[144,144,100]}],"ix":6}},"ao":0,"shapes":[{"ty":"gr","it":[{"ind":0,"ty":"sh","ix":1,"ks":{"a":0,"k":{"i":[[0,-2.402],[1.691,0],[0,2.401],[-1.691,0]],"o":[[0,2.401],[-1.691,0],[0,-2.402],[1.691,0]],"v":[[3.062,0],[0,4.35],[-3.062,0],[0,-4.35]],"c":true},"ix":2},"nm":"Path 1","mn":"ADBE Vector Shape - Group","hd":false},{"ty":"fl","c":{"a":0,"k":[0.322000002394,0.263000009574,0.532999973671,1],"ix":4},"o":{"a":0,"k":100,"ix":5},"r":1,"bm":0,"nm":"Fill 1","mn":"ADBE Vector Graphic - Fill","hd":false},{"ty":"tr","p":{"a":1,"k":[{"i":{"x":0,"y":1},"o":{"x":0.3,"y":0},"t":60,"s":[26.574,15.263],"to":[-0.54,0],"ti":[0.54,0]},{"i":{"x":0,"y":1},"o":{"x":0.3,"y":0},"t":90,"s":[23.333,15.263],"to":[-0.54,0],"ti":[0,0]},{"i":{"x":0,"y":1},"o":{"x":0.3,"y":0},"t":126,"s":[23.333,15.263],"to":[0,0],"ti":[0,0]},{"i":{"x":0,"y":0},"o":{"x":0.167,"y":0.167},"t":132,"s":[25.99,22.153],"to":[0,0],"ti":[0,0]},{"i":{"x":0,"y":1},"o":{"x":0.167,"y":0},"t":330,"s":[25.99,22.153],"to":[0,0],"ti":[0.54,0]},{"t":340,"s":[26.574,15.263]}],"ix":2},"a":{"a":0,"k":[0,0],"ix":1},"s":{"a":0,"k":[100,100],"ix":3},"r":{"a":0,"k":0,"ix":6},"o":{"a":0,"k":100,"ix":7},"sk":{"a":0,"k":0,"ix":4},"sa":{"a":0,"k":0,"ix":5},"nm":"Transform"}],"nm":"Group 1","np":2,"cix":2,"bm":0,"ix":1,"mn":"ADBE Vector Group","hd":false},{"ty":"gr","it":[{"ind":0,"ty":"sh","ix":1,"ks":{"a":0,"k":{"i":[[0,-2.401],[1.691,0],[0,2.402],[-1.691,0]],"o":[[0,2.402],[-1.691,0],[0,-2.401],[1.691,0]],"v":[[3.062,0],[0,4.349],[-3.062,0],[0,-4.349]],"c":true},"ix":2},"nm":"Path 1","mn":"ADBE Vector Shape - Group","hd":false},{"ty":"fl","c":{"a":0,"k":[0.322000002394,0.263000009574,0.532999973671,1],"ix":4},"o":{"a":0,"k":100,"ix":5},"r":1,"bm":0,"nm":"Fill 1","mn":"ADBE Vector Graphic - Fill","hd":false},{"ty":"tr","p":{"a":1,"k":[{"i":{"x":0,"y":1},"o":{"x":0.3,"y":0},"t":60,"s":[3.763,18.099],"to":[0.791,-0.058],"ti":[-0.791,0.058]},{"i":{"x":0,"y":1},"o":{"x":0.3,"y":0},"t":90,"s":[8.509,17.752],"to":[0.791,-0.058],"ti":[0,0]},{"i":{"x":0,"y":1},"o":{"x":0.3,"y":0},"t":126,"s":[8.509,17.752],"to":[0,0],"ti":[0,0]},{"i":{"x":0,"y":0},"o":{"x":0.167,"y":0.167},"t":132,"s":[5.261,6.039],"to":[0,0],"ti":[0,0]},{"i":{"x":0,"y":1},"o":{"x":0.167,"y":0},"t":330,"s":[5.261,6.039],"to":[0,0],"ti":[-0.791,0.058]},{"t":340,"s":[3.763,18.099]}],"ix":2},"a":{"a":0,"k":[0,0],"ix":1},"s":{"a":0,"k":[100,100],"ix":3},"r":{"a":0,"k":0,"ix":6},"o":{"a":0,"k":100,"ix":7},"sk":{"a":0,"k":0,"ix":4},"sa":{"a":0,"k":0,"ix":5},"nm":"Transform"}],"nm":"Group 2","np":2,"cix":2,"bm":0,"ix":2,"mn":"ADBE Vector Group","hd":false}],"ip":0,"op":480,"st":0,"bm":0},{"ddd":0,"ind":6,"ty":4,"nm":"Mouth-drop Outlines","sr":1,"ks":{"o":{"a":0,"k":100,"ix":11},"r":{"a":0,"k":0,"ix":10},"p":{"a":0,"k":[278.132,711.584,0],"ix":2},"a":{"a":0,"k":[9.677,0.25,0],"ix":1},"s":{"a":1,"k":[{"i":{"x":[0,0,0],"y":[1,1,1]},"o":{"x":[0.3,0.3,0.3],"y":[0,0,0]},"t":126,"s":[0,0,100]},{"i":{"x":[0,0,0],"y":[1,1,1]},"o":{"x":[0.167,0.167,0.167],"y":[0,0,0]},"t":132,"s":[100,100,100]},{"i":{"x":[0,0,0],"y":[1,1,1]},"o":{"x":[0.167,0.167,0.167],"y":[0,0,0]},"t":330,"s":[100,100,100]},{"t":335,"s":[0,0,100]}],"ix":6}},"ao":0,"shapes":[{"ty":"gr","it":[{"ind":0,"ty":"sh","ix":1,"ks":{"a":0,"k":{"i":[[0,0],[0,0],[5.127,-0.774],[0.775,5.127],[-0.131,0.894]],"o":[[0,0],[0.775,5.127],[-5.127,0.776],[-0.142,-0.941],[0,0]],"v":[[-0.316,-36.44],[8.967,24.979],[1.087,35.664],[-9.6,27.785],[-9.6,24.979]],"c":true},"ix":2},"nm":"Path 1","mn":"ADBE Vector Shape - Group","hd":false},{"ty":"fl","c":{"a":0,"k":[1,1,1,1],"ix":4},"o":{"a":0,"k":100,"ix":5},"r":1,"bm":0,"nm":"Fill 1","mn":"ADBE Vector Graphic - Fill","hd":false},{"ty":"tr","p":{"a":0,"k":[9.991,36.69],"ix":2},"a":{"a":0,"k":[0,0],"ix":1},"s":{"a":0,"k":[100,100],"ix":3},"r":{"a":0,"k":0,"ix":6},"o":{"a":0,"k":100,"ix":7},"sk":{"a":0,"k":0,"ix":4},"sa":{"a":0,"k":0,"ix":5},"nm":"Transform"}],"nm":"Group 1","np":2,"cix":2,"bm":0,"ix":1,"mn":"ADBE Vector Group","hd":false}],"ip":0,"op":480,"st":0,"bm":0},{"ddd":0,"ind":7,"ty":4,"nm":"Brain Outlines","sr":1,"ks":{"o":{"a":0,"k":100,"ix":11},"r":{"a":0,"k":0,"ix":10},"p":{"a":0,"k":[300.691,539.991,0],"ix":2},"a":{"a":0,"k":[71.331,56.788,0],"ix":1},"s":{"a":0,"k":[100,100,100],"ix":6}},"ao":0,"shapes":[{"ty":"gr","it":[{"ind":0,"ty":"sh","ix":1,"ks":{"a":0,"k":{"i":[[0,0],[-12.932,-12.176],[-8.19,-8.729]],"o":[[0,0],[9.806,-11.099],[0,0]],"v":[[-23.384,10.022],[-0.323,7.004],[23.384,-1.293]],"c":false},"ix":2},"nm":"Path 1","mn":"ADBE Vector Shape - Group","hd":false},{"ty":"st","c":{"a":0,"k":[0.322000002394,0.263000009574,0.532999973671,1],"ix":3},"o":{"a":0,"k":100,"ix":4},"w":{"a":0,"k":2.631,"ix":5},"lc":2,"lj":1,"ml":10,"bm":0,"nm":"Stroke 1","mn":"ADBE Vector Graphic - Stroke","hd":false},{"ty":"tr","p":{"a":0,"k":[57.937,30.132],"ix":2},"a":{"a":0,"k":[0,0],"ix":1},"s":{"a":0,"k":[100,100],"ix":3},"r":{"a":0,"k":0,"ix":6},"o":{"a":0,"k":100,"ix":7},"sk":{"a":0,"k":0,"ix":4},"sa":{"a":0,"k":0,"ix":5},"nm":"Transform"}],"nm":"Group 1","np":2,"cix":2,"bm":0,"ix":1,"mn":"ADBE Vector Group","hd":false},{"ty":"gr","it":[{"ind":0,"ty":"sh","ix":1,"ks":{"a":0,"k":{"i":[[0,-16.183],[14.579,0],[1.608,0.333],[8.004,-8.088],[7.945,0],[0,20.98],[-18.726,0.215],[-9.193,0],[-4.623,-8.467],[-4.871,0]],"o":[[0,16.182],[-1.511,0],[-11.144,-2.301],[-6.25,6.315],[-18.895,0],[0,-20.838],[4.724,-7.909],[9.574,0],[3.914,-2.555],[14.579,0]],"v":[[59.084,-5.128],[32.689,24.17],[27.98,23.642],[-2.815,32.545],[-24.875,44.54],[-59.084,6.562],[-25.244,-31.41],[-3.232,-44.54],[19.348,-30.415],[32.689,-34.433]],"c":true},"ix":2},"nm":"Path 1","mn":"ADBE Vector Shape - Group","hd":false},{"ty":"st","c":{"a":0,"k":[0.322000002394,0.263000009574,0.532999973671,1],"ix":3},"o":{"a":0,"k":100,"ix":4},"w":{"a":0,"k":4.899,"ix":5},"lc":2,"lj":1,"ml":10,"bm":0,"nm":"Stroke 1","mn":"ADBE Vector Graphic - Stroke","hd":false},{"ty":"tr","p":{"a":0,"k":[71.331,56.788],"ix":2},"a":{"a":0,"k":[0,0],"ix":1},"s":{"a":0,"k":[100,100],"ix":3},"r":{"a":0,"k":0,"ix":6},"o":{"a":0,"k":100,"ix":7},"sk":{"a":0,"k":0,"ix":4},"sa":{"a":0,"k":0,"ix":5},"nm":"Transform"}],"nm":"Group 2","np":2,"cix":2,"bm":0,"ix":2,"mn":"ADBE Vector Group","hd":false}],"ip":0,"op":480,"st":0,"bm":0},{"ddd":0,"ind":8,"ty":4,"nm":"Smoke Outlines","sr":1,"ks":{"o":{"a":0,"k":100,"ix":11},"r":{"a":0,"k":0,"ix":10},"p":{"a":0,"k":[303.739,555.294,0],"ix":2},"a":{"a":0,"k":[106.55,275.354,0],"ix":1},"s":{"a":1,"k":[{"i":{"x":[0,0,0],"y":[1,1,1]},"o":{"x":[0.1,0.1,0.1],"y":[0,0,0]},"t":132,"s":[0,0,100]},{"i":{"x":[0.833,0.833,0.833],"y":[1,1,1]},"o":{"x":[0.1,0.1,0.1],"y":[0,0,0]},"t":180,"s":[100,100,100]},{"i":{"x":[0,0,0],"y":[1,1,1]},"o":{"x":[0.167,0.167,0.167],"y":[0,0,0]},"t":330,"s":[100,100,100]},{"t":335,"s":[0,0,100]}],"ix":6}},"ao":0,"shapes":[{"ty":"gr","it":[{"ind":0,"ty":"sh","ix":1,"ks":{"a":0,"k":{"i":[[0,0],[14.747,-4.559]],"o":[[0,0],[0,0]],"v":[[1.877,-10.591],[-7.373,10.591]],"c":false},"ix":2},"nm":"Path 1","mn":"ADBE Vector Shape - Group","hd":false},{"ty":"st","c":{"a":0,"k":[0.322000002394,0.263000009574,0.532999973671,1],"ix":3},"o":{"a":0,"k":100,"ix":4},"w":{"a":0,"k":4.899,"ix":5},"lc":2,"lj":1,"ml":10,"bm":0,"nm":"Stroke 1","mn":"ADBE Vector Graphic - Stroke","hd":false},{"ty":"tr","p":{"a":0,"k":[110.096,141.008],"ix":2},"a":{"a":0,"k":[0,0],"ix":1},"s":{"a":0,"k":[100,100],"ix":3},"r":{"a":0,"k":0,"ix":6},"o":{"a":0,"k":100,"ix":7},"sk":{"a":0,"k":0,"ix":4},"sa":{"a":0,"k":0,"ix":5},"nm":"Transform"}],"nm":"Group 1","np":2,"cix":2,"bm":0,"ix":1,"mn":"ADBE Vector Group","hd":false},{"ty":"gr","it":[{"ind":0,"ty":"sh","ix":1,"ks":{"a":0,"k":{"i":[[0,0],[0,-20.377]],"o":[[0,0],[0,0]],"v":[[6.703,-9.787],[-6.703,10.189]],"c":false},"ix":2},"nm":"Path 1","mn":"ADBE Vector Shape - Group","hd":false},{"ty":"st","c":{"a":0,"k":[0.322000002394,0.263000009574,0.532999973671,1],"ix":3},"o":{"a":0,"k":100,"ix":4},"w":{"a":0,"k":4.899,"ix":5},"lc":2,"lj":1,"ml":10,"bm":0,"nm":"Stroke 1","mn":"ADBE Vector Graphic - Stroke","hd":false},{"ty":"tr","p":{"a":0,"k":[45.077,106.421],"ix":2},"a":{"a":0,"k":[0,0],"ix":1},"s":{"a":0,"k":[100,100],"ix":3},"r":{"a":0,"k":0,"ix":6},"o":{"a":0,"k":100,"ix":7},"sk":{"a":0,"k":0,"ix":4},"sa":{"a":0,"k":0,"ix":5},"nm":"Transform"}],"nm":"Group 2","np":2,"cix":2,"bm":0,"ix":2,"mn":"ADBE Vector Group","hd":false},{"ty":"gr","it":[{"ind":0,"ty":"sh","ix":1,"ks":{"a":0,"k":{"i":[[0,0],[14.318,12.307],[12.07,6.745]],"o":[[0,0],[-7.81,11.36],[0,0]],"v":[[24.91,-8.106],[-0.296,-7.041],[-24.91,1.361]],"c":false},"ix":2},"nm":"Path 1","mn":"ADBE Vector Shape - Group","hd":false},{"ty":"st","c":{"a":0,"k":[0.322000002394,0.263000009574,0.532999973671,1],"ix":3},"o":{"a":0,"k":100,"ix":4},"w":{"a":0,"k":4.899,"ix":5},"lc":2,"lj":1,"ml":10,"bm":0,"nm":"Stroke 1","mn":"ADBE Vector Graphic - Stroke","hd":false},{"ty":"tr","p":{"a":0,"k":[74.712,140.518],"ix":2},"a":{"a":0,"k":[0,0],"ix":1},"s":{"a":0,"k":[100,100],"ix":3},"r":{"a":0,"k":0,"ix":6},"o":{"a":0,"k":100,"ix":7},"sk":{"a":0,"k":0,"ix":4},"sa":{"a":0,"k":0,"ix":5},"nm":"Transform"}],"nm":"Group 3","np":2,"cix":2,"bm":0,"ix":3,"mn":"ADBE Vector Group","hd":false},{"ty":"gr","it":[{"ind":0,"ty":"sh","ix":1,"ks":{"a":0,"k":{"i":[[0,0],[0,0]],"o":[[0,0],[0,0]],"v":[[90.982,140.459],[90.982,195.794]],"c":false},"ix":2},"nm":"Path 1","mn":"ADBE Vector Shape - Group","hd":false},{"ty":"st","c":{"a":0,"k":[0.322000002394,0.263000009574,0.532999973671,1],"ix":3},"o":{"a":0,"k":100,"ix":4},"w":{"a":0,"k":4.899,"ix":5},"lc":2,"lj":1,"ml":10,"bm":0,"nm":"Stroke 1","mn":"ADBE Vector Graphic - Stroke","hd":false},{"ty":"tr","p":{"a":0,"k":[0,0],"ix":2},"a":{"a":0,"k":[0,0],"ix":1},"s":{"a":0,"k":[100,100],"ix":3},"r":{"a":0,"k":0,"ix":6},"o":{"a":0,"k":100,"ix":7},"sk":{"a":0,"k":0,"ix":4},"sa":{"a":0,"k":0,"ix":5},"nm":"Transform"}],"nm":"Group 4","np":2,"cix":2,"bm":0,"ix":4,"mn":"ADBE Vector Group","hd":false},{"ty":"gr","it":[{"ind":0,"ty":"sh","ix":1,"ks":{"a":0,"k":{"i":[[0,0],[0,0]],"o":[[0,0],[0,0]],"v":[[-10.354,-25.974],[10.354,25.974]],"c":false},"ix":2},"nm":"Path 1","mn":"ADBE Vector Shape - Group","hd":false},{"ty":"st","c":{"a":0,"k":[0.322000002394,0.263000009574,0.532999973671,1],"ix":3},"o":{"a":0,"k":100,"ix":4},"w":{"a":0,"k":4.899,"ix":5},"lc":2,"lj":1,"ml":10,"bm":0,"nm":"Stroke 1","mn":"ADBE Vector Graphic - Stroke","hd":false},{"ty":"tr","p":{"a":0,"k":[72.345,171.285],"ix":2},"a":{"a":0,"k":[0,0],"ix":1},"s":{"a":0,"k":[100,100],"ix":3},"r":{"a":0,"k":0,"ix":6},"o":{"a":0,"k":100,"ix":7},"sk":{"a":0,"k":0,"ix":4},"sa":{"a":0,"k":0,"ix":5},"nm":"Transform"}],"nm":"Group 5","np":2,"cix":2,"bm":0,"ix":5,"mn":"ADBE Vector Group","hd":false},{"ty":"gr","it":[{"ind":0,"ty":"sh","ix":1,"ks":{"a":0,"k":{"i":[[7.003,-3.587],[0,-4.368],[13.435,0],[4.092,3.127],[11.467,0],[0,14.578],[-0.044,0.669],[0,0],[0,11.957],[-10.464,1.523],[-11.459,0],[-3.846,-3.519],[-8.793,0],[-3.847,-5.956],[-2.206,0],[0,-11.956]],"o":[[2.02,3.543],[0,13.434],[-5.547,0],[-3.639,10.219],[-14.578,0],[0,-0.683],[0,0],[-11.957,0],[0,-10.887],[0.757,-11.266],[5.629,0],[3.387,-7.537],[7.62,0],[2.005,-0.617],[11.957,0],[0,8.407]],"v":[[48.51,0.493],[51.681,12.51],[27.359,36.831],[12.61,31.847],[-12.254,49.383],[-38.647,22.989],[-38.573,20.953],[-38.647,20.953],[-60.303,-0.695],[-41.803,-22.106],[-20.215,-42.268],[-5.615,-36.602],[14.14,-49.383],[32.313,-39.49],[38.655,-40.435],[60.303,-18.786]],"c":true},"ix":2},"nm":"Path 1","mn":"ADBE Vector Shape - Group","hd":false},{"ty":"st","c":{"a":0,"k":[0.322000002394,0.263000009574,0.532999973671,1],"ix":3},"o":{"a":0,"k":100,"ix":4},"w":{"a":0,"k":4.899,"ix":5},"lc":2,"lj":1,"ml":10,"bm":0,"nm":"Stroke 1","mn":"ADBE Vector Graphic - Stroke","hd":false},{"ty":"fl","c":{"a":0,"k":[0.870999983245,0.859000052658,0.922000002394,1],"ix":4},"o":{"a":0,"k":100,"ix":5},"r":1,"bm":0,"nm":"Fill 1","mn":"ADBE Vector Graphic - Fill","hd":false},{"ty":"tr","p":{"a":0,"k":[72.55,128.507],"ix":2},"a":{"a":0,"k":[0,0],"ix":1},"s":{"a":0,"k":[100,100],"ix":3},"r":{"a":0,"k":0,"ix":6},"o":{"a":0,"k":100,"ix":7},"sk":{"a":0,"k":0,"ix":4},"sa":{"a":0,"k":0,"ix":5},"nm":"Transform"}],"nm":"Group 6","np":3,"cix":2,"bm":0,"ix":6,"mn":"ADBE Vector Group","hd":false},{"ty":"gr","it":[{"ind":0,"ty":"sh","ix":1,"ks":{"a":0,"k":{"i":[[0,0],[10.815,-3.343]],"o":[[0,0],[0,0]],"v":[[1.377,-7.767],[-5.408,7.767]],"c":false},"ix":2},"nm":"Path 1","mn":"ADBE Vector Shape - Group","hd":false},{"ty":"st","c":{"a":0,"k":[0.322000002394,0.263000009574,0.532999973671,1],"ix":3},"o":{"a":0,"k":100,"ix":4},"w":{"a":0,"k":3.593,"ix":5},"lc":2,"lj":1,"ml":10,"bm":0,"nm":"Stroke 1","mn":"ADBE Vector Graphic - Stroke","hd":false},{"ty":"tr","p":{"a":0,"k":[83.859,54.369],"ix":2},"a":{"a":0,"k":[0,0],"ix":1},"s":{"a":0,"k":[100,100],"ix":3},"r":{"a":0,"k":0,"ix":6},"o":{"a":0,"k":100,"ix":7},"sk":{"a":0,"k":0,"ix":4},"sa":{"a":0,"k":0,"ix":5},"nm":"Transform"}],"nm":"Group 7","np":2,"cix":2,"bm":0,"ix":7,"mn":"ADBE Vector Group","hd":false},{"ty":"gr","it":[{"ind":0,"ty":"sh","ix":1,"ks":{"a":0,"k":{"i":[[0,0],[0,-14.944]],"o":[[0,0],[0,0]],"v":[[4.916,-7.177],[-4.916,7.472]],"c":false},"ix":2},"nm":"Path 1","mn":"ADBE Vector Shape - Group","hd":false},{"ty":"st","c":{"a":0,"k":[0.322000002394,0.263000009574,0.532999973671,1],"ix":3},"o":{"a":0,"k":100,"ix":4},"w":{"a":0,"k":3.593,"ix":5},"lc":2,"lj":1,"ml":10,"bm":0,"nm":"Stroke 1","mn":"ADBE Vector Graphic - Stroke","hd":false},{"ty":"tr","p":{"a":0,"k":[36.174,29.002],"ix":2},"a":{"a":0,"k":[0,0],"ix":1},"s":{"a":0,"k":[100,100],"ix":3},"r":{"a":0,"k":0,"ix":6},"o":{"a":0,"k":100,"ix":7},"sk":{"a":0,"k":0,"ix":4},"sa":{"a":0,"k":0,"ix":5},"nm":"Transform"}],"nm":"Group 8","np":2,"cix":2,"bm":0,"ix":8,"mn":"ADBE Vector Group","hd":false},{"ty":"gr","it":[{"ind":0,"ty":"sh","ix":1,"ks":{"a":0,"k":{"i":[[0,0],[10.501,9.027],[8.852,4.948]],"o":[[0,0],[-5.728,8.332],[0,0]],"v":[[18.269,-5.946],[-0.217,-5.165],[-18.269,0.998]],"c":false},"ix":2},"nm":"Path 1","mn":"ADBE Vector Shape - Group","hd":false},{"ty":"st","c":{"a":0,"k":[0.322000002394,0.263000009574,0.532999973671,1],"ix":3},"o":{"a":0,"k":100,"ix":4},"w":{"a":0,"k":3.593,"ix":5},"lc":2,"lj":1,"ml":10,"bm":0,"nm":"Stroke 1","mn":"ADBE Vector Graphic - Stroke","hd":false},{"ty":"tr","p":{"a":0,"k":[57.908,54.01],"ix":2},"a":{"a":0,"k":[0,0],"ix":1},"s":{"a":0,"k":[100,100],"ix":3},"r":{"a":0,"k":0,"ix":6},"o":{"a":0,"k":100,"ix":7},"sk":{"a":0,"k":0,"ix":4},"sa":{"a":0,"k":0,"ix":5},"nm":"Transform"}],"nm":"Group 9","np":2,"cix":2,"bm":0,"ix":9,"mn":"ADBE Vector Group","hd":false},{"ty":"gr","it":[{"ind":0,"ty":"sh","ix":1,"ks":{"a":0,"k":{"i":[[0,0],[0,0]],"o":[[0,0],[0,0]],"v":[[69.841,53.967],[69.841,94.549]],"c":false},"ix":2},"nm":"Path 1","mn":"ADBE Vector Shape - Group","hd":false},{"ty":"st","c":{"a":0,"k":[0.322000002394,0.263000009574,0.532999973671,1],"ix":3},"o":{"a":0,"k":100,"ix":4},"w":{"a":0,"k":3.593,"ix":5},"lc":2,"lj":1,"ml":10,"bm":0,"nm":"Stroke 1","mn":"ADBE Vector Graphic - Stroke","hd":false},{"ty":"tr","p":{"a":0,"k":[0,0],"ix":2},"a":{"a":0,"k":[0,0],"ix":1},"s":{"a":0,"k":[100,100],"ix":3},"r":{"a":0,"k":0,"ix":6},"o":{"a":0,"k":100,"ix":7},"sk":{"a":0,"k":0,"ix":4},"sa":{"a":0,"k":0,"ix":5},"nm":"Transform"}],"nm":"Group 10","np":2,"cix":2,"bm":0,"ix":10,"mn":"ADBE Vector Group","hd":false},{"ty":"gr","it":[{"ind":0,"ty":"sh","ix":1,"ks":{"a":0,"k":{"i":[[0,0],[0,0]],"o":[[0,0],[0,0]],"v":[[-7.594,-19.05],[7.594,19.05]],"c":false},"ix":2},"nm":"Path 1","mn":"ADBE Vector Shape - Group","hd":false},{"ty":"st","c":{"a":0,"k":[0.322000002394,0.263000009574,0.532999973671,1],"ix":3},"o":{"a":0,"k":100,"ix":4},"w":{"a":0,"k":3.593,"ix":5},"lc":2,"lj":1,"ml":10,"bm":0,"nm":"Stroke 1","mn":"ADBE Vector Graphic - Stroke","hd":false},{"ty":"tr","p":{"a":0,"k":[56.173,76.574],"ix":2},"a":{"a":0,"k":[0,0],"ix":1},"s":{"a":0,"k":[100,100],"ix":3},"r":{"a":0,"k":0,"ix":6},"o":{"a":0,"k":100,"ix":7},"sk":{"a":0,"k":0,"ix":4},"sa":{"a":0,"k":0,"ix":5},"nm":"Transform"}],"nm":"Group 11","np":2,"cix":2,"bm":0,"ix":11,"mn":"ADBE Vector Group","hd":false},{"ty":"gr","it":[{"ind":0,"ty":"sh","ix":1,"ks":{"a":0,"k":{"i":[[5.136,-2.631],[0,-3.204],[9.853,0],[3.001,2.293],[8.41,0],[0,10.691],[-0.032,0.49],[0,0],[0,8.769],[-7.675,1.116],[-8.404,0],[-2.821,-2.582],[-6.449,0],[-2.821,-4.368],[-1.617,0],[0,-8.768]],"o":[[1.481,2.598],[0,9.852],[-4.069,0],[-2.669,7.495],[-10.692,0],[0,-0.502],[0,0],[-8.769,0],[0,-7.984],[0.555,-8.263],[4.129,0],[2.484,-5.528],[5.588,0],[1.471,-0.452],[8.77,0],[0,6.166]],"v":[[35.578,0.363],[37.904,9.176],[20.065,27.013],[9.249,23.358],[-8.987,36.217],[-28.344,16.861],[-28.29,15.368],[-28.344,15.368],[-44.227,-0.509],[-30.659,-16.211],[-14.826,-30.998],[-4.118,-26.843],[10.371,-36.217],[23.698,-28.961],[28.349,-29.654],[44.227,-13.777]],"c":true},"ix":2},"nm":"Path 1","mn":"ADBE Vector Shape - Group","hd":false},{"ty":"st","c":{"a":0,"k":[0.322000002394,0.263000009574,0.532999973671,1],"ix":3},"o":{"a":0,"k":100,"ix":4},"w":{"a":0,"k":3.593,"ix":5},"lc":2,"lj":1,"ml":10,"bm":0,"nm":"Stroke 1","mn":"ADBE Vector Graphic - Stroke","hd":false},{"ty":"fl","c":{"a":0,"k":[0.870999983245,0.859000052658,0.922000002394,1],"ix":4},"o":{"a":0,"k":100,"ix":5},"r":1,"bm":0,"nm":"Fill 1","mn":"ADBE Vector Graphic - Fill","hd":false},{"ty":"tr","p":{"a":0,"k":[56.323,45.2],"ix":2},"a":{"a":0,"k":[0,0],"ix":1},"s":{"a":0,"k":[100,100],"ix":3},"r":{"a":0,"k":0,"ix":6},"o":{"a":0,"k":100,"ix":7},"sk":{"a":0,"k":0,"ix":4},"sa":{"a":0,"k":0,"ix":5},"nm":"Transform"}],"nm":"Group 12","np":3,"cix":2,"bm":0,"ix":12,"mn":"ADBE Vector Group","hd":false}],"ip":0,"op":480,"st":0,"bm":0},{"ddd":0,"ind":9,"ty":4,"nm":"Brain explosion Outlines","sr":1,"ks":{"o":{"a":1,"k":[{"i":{"x":[0],"y":[1]},"o":{"x":[0.3],"y":[0]},"t":122,"s":[0]},{"i":{"x":[0.833],"y":[1]},"o":{"x":[0.167],"y":[0]},"t":128,"s":[100]},{"i":{"x":[0],"y":[1]},"o":{"x":[0.167],"y":[0]},"t":330,"s":[100]},{"t":335,"s":[0]}],"ix":11},"r":{"a":0,"k":0,"ix":10},"p":{"a":0,"k":[307.954,542.507,0],"ix":2},"a":{"a":0,"k":[239.589,237.483,0],"ix":1},"s":{"a":1,"k":[{"i":{"x":[0,0,0],"y":[1,1,1]},"o":{"x":[0.3,0.3,0.3],"y":[0,0,0]},"t":122,"s":[6,6,100]},{"i":{"x":[0.833,0.833,0.833],"y":[1,1,1]},"o":{"x":[0.167,0.167,0.167],"y":[0,0,0]},"t":128,"s":[100,100,100]},{"i":{"x":[0,0,0],"y":[1,1,1]},"o":{"x":[0.167,0.167,0.167],"y":[0,0,0]},"t":330,"s":[100,100,100]},{"t":335,"s":[6,6,100]}],"ix":6}},"ao":0,"shapes":[{"ty":"gr","it":[{"ind":0,"ty":"sh","ix":1,"ks":{"a":0,"k":{"i":[[-2.153,-2.303],[2.54,1.864],[2.517,1.893],[4.939,3.884],[4.864,3.981],[2.414,2.006],[2.399,2.027],[0,0],[0,0],[-4.166,-0.712],[0.861,0.623],[5.206,3.921],[5.124,4.032],[2.532,2.065],[2.488,2.132],[-2.829,-1.634],[-2.807,-1.671],[-5.526,-3.453],[-5.466,-3.542],[-5.399,-3.624],[0,0],[0,0],[0,0],[0,0],[0.535,0.096],[-1.456,-1.33],[-4.582,-4.308],[-4.478,-4.427],[-2.206,-2.25]],"o":[[-2.592,-1.798],[-2.555,-1.842],[-5.035,-3.773],[-4.938,-3.892],[-2.436,-1.983],[-2.428,-1.997],[0,0],[0,0],[4.181,0.669],[-0.861,-0.609],[-5.273,-3.825],[-5.214,-3.914],[-2.563,-2.013],[-2.54,-2.05],[2.874,1.56],[2.837,1.619],[5.607,3.327],[5.533,3.445],[5.459,3.55],[0,0],[0,0],[0,0],[0,0],[-0.535,-0.097],[1.463,1.314],[4.656,4.211],[4.568,4.314],[2.243,2.205],[2.213,2.236]],"v":[[46.486,44.177],[38.785,38.681],[31.188,33.067],[16.245,21.548],[1.534,9.755],[-5.737,3.769],[-12.971,-2.276],[-22.885,-10.638],[-9.985,-8.574],[2.536,-6.465],[-0.041,-8.313],[-15.77,-19.899],[-31.291,-31.803],[-38.941,-37.916],[-46.486,-44.177],[-37.931,-39.386],[-29.472,-34.455],[-12.777,-24.273],[3.702,-13.772],[19.996,-3.004],[34.017,6.413],[17.307,3.591],[10.163,2.38],[3.027,1.148],[1.422,0.858],[5.797,4.817],[19.639,17.613],[33.237,30.691],[39.921,37.366]],"c":true},"ix":2},"nm":"Path 1","mn":"ADBE Vector Shape - Group","hd":false},{"ty":"fl","c":{"a":0,"k":[0.322000002394,0.263000009574,0.532999973671,1],"ix":4},"o":{"a":0,"k":100,"ix":5},"r":1,"bm":0,"nm":"Fill 1","mn":"ADBE Vector Graphic - Fill","hd":false},{"ty":"tr","p":{"a":0,"k":[376.443,295.218],"ix":2},"a":{"a":0,"k":[0,0],"ix":1},"s":{"a":0,"k":[100,100],"ix":3},"r":{"a":0,"k":0,"ix":6},"o":{"a":0,"k":100,"ix":7},"sk":{"a":0,"k":0,"ix":4},"sa":{"a":0,"k":0,"ix":5},"nm":"Transform"}],"nm":"Group 1","np":2,"cix":2,"bm":0,"ix":1,"mn":"ADBE Vector Group","hd":false},{"ty":"gr","it":[{"ind":0,"ty":"sh","ix":1,"ks":{"a":0,"k":{"i":[[2.472,0],[0,2.472],[-2.472,0],[0,-2.471]],"o":[[-2.472,0],[0,-2.471],[2.472,0],[0,2.472]],"v":[[0,4.476],[-4.476,-0.001],[0,-4.475],[4.476,-0.001]],"c":true},"ix":2},"nm":"Path 1","mn":"ADBE Vector Shape - Group","hd":false},{"ind":1,"ty":"sh","ix":2,"ks":{"a":0,"k":{"i":[[8.624,0],[0,-8.624],[-8.624,0],[0,8.624]],"o":[[-8.624,0],[0,8.624],[8.624,0],[0,-8.624]],"v":[[0,-15.616],[-15.615,-0.001],[0,15.616],[15.615,-0.001]],"c":true},"ix":2},"nm":"Path 2","mn":"ADBE Vector Shape - Group","hd":false},{"ty":"mm","mm":1,"nm":"Merge Paths 1","mn":"ADBE Vector Filter - Merge","hd":false},{"ty":"fl","c":{"a":0,"k":[0.322000002394,0.263000009574,0.532999973671,1],"ix":4},"o":{"a":0,"k":100,"ix":5},"r":1,"bm":0,"nm":"Fill 1","mn":"ADBE Vector Graphic - Fill","hd":false},{"ty":"tr","p":{"a":0,"k":[19.277,62.987],"ix":2},"a":{"a":0,"k":[0,0],"ix":1},"s":{"a":0,"k":[100,100],"ix":3},"r":{"a":0,"k":0,"ix":6},"o":{"a":0,"k":100,"ix":7},"sk":{"a":0,"k":0,"ix":4},"sa":{"a":0,"k":0,"ix":5},"nm":"Transform"}],"nm":"Group 2","np":4,"cix":2,"bm":0,"ix":2,"mn":"ADBE Vector Group","hd":false},{"ty":"gr","it":[{"ind":0,"ty":"sh","ix":1,"ks":{"a":0,"k":{"i":[[0,0],[33.151,-7.249],[0.255,-1.593],[-2.678,-0.048],[12.545,21.099],[0,0]],"o":[[0,0],[-3.164,1.078],[-0.422,2.644],[4.33,0.078],[-17.574,-29.557],[0,0]],"v":[[63.007,61.808],[-12.682,-13.339],[-17.254,-9.005],[-12.836,-3.956],[-15.277,-27.859],[-63.007,-61.808]],"c":false},"ix":2},"nm":"Path 1","mn":"ADBE Vector Shape - Group","hd":false},{"ty":"st","c":{"a":0,"k":[0.322000002394,0.263000009574,0.532999973671,1],"ix":3},"o":{"a":0,"k":100,"ix":4},"w":{"a":0,"k":4.899,"ix":5},"lc":2,"lj":1,"ml":10,"bm":0,"nm":"Stroke 1","mn":"ADBE Vector Graphic - Stroke","hd":false},{"ty":"tr","p":{"a":0,"k":[110.233,129.272],"ix":2},"a":{"a":0,"k":[0,0],"ix":1},"s":{"a":0,"k":[100,100],"ix":3},"r":{"a":0,"k":0,"ix":6},"o":{"a":0,"k":100,"ix":7},"sk":{"a":0,"k":0,"ix":4},"sa":{"a":0,"k":0,"ix":5},"nm":"Transform"}],"nm":"Group 3","np":2,"cix":2,"bm":0,"ix":3,"mn":"ADBE Vector Group","hd":false},{"ty":"gr","it":[{"ind":0,"ty":"sh","ix":1,"ks":{"a":0,"k":{"i":[[-7.857,-7.204],[8.733,6.067],[8.57,6.283],[8.459,6.425],[5.117,3.944],[0,0],[0,0],[0,0],[5.14,4.092],[5.095,4.144],[0,0],[0,0],[4.924,4.374],[-5.466,-3.639],[0,0],[0,0],[-5.362,-3.795],[-2.265,-1.612],[0,0],[0,0],[0,0],[0,0],[-8.347,-6.58],[-8.25,-6.692],[-8.117,-6.861]],"o":[[-8.964,-5.771],[-8.704,-6.112],[-8.563,-6.283],[-5.154,-3.899],[0,0],[0,0],[0,0],[-5.183,-4.025],[-5.146,-4.077],[0,0],[0,0],[-5.035,-4.226],[5.578,3.498],[0,0],[0,0],[5.413,3.721],[2.281,1.604],[0,0],[0,0],[0,0],[0,0],[8.437,6.454],[8.355,6.55],[8.251,6.699],[8.088,6.908]],"v":[[77.826,51.098],[51.403,33.185],[25.492,14.604],[-0.063,-4.438],[-15.473,-16.209],[-11.604,-5.047],[-7.839,5.84],[-16.847,-1.17],[-32.339,-13.327],[-47.689,-25.663],[-55.309,-31.908],[-62.876,-38.228],[-77.826,-51.098],[-61.272,-40.367],[-53.081,-34.886],[-44.948,-29.324],[-28.789,-18.058],[-21.964,-13.223],[-22.305,-14.114],[-26.538,-25.514],[-30.957,-37.426],[-20.835,-29.673],[4.356,-10.156],[29.249,9.732],[53.794,30.08]],"c":true},"ix":2},"nm":"Path 1","mn":"ADBE Vector Shape - Group","hd":false},{"ty":"fl","c":{"a":0,"k":[0.322000002394,0.263000009574,0.532999973671,1],"ix":4},"o":{"a":0,"k":100,"ix":5},"r":1,"bm":0,"nm":"Fill 1","mn":"ADBE Vector Graphic - Fill","hd":false},{"ty":"tr","p":{"a":0,"k":[78.076,161.817],"ix":2},"a":{"a":0,"k":[0,0],"ix":1},"s":{"a":0,"k":[100,100],"ix":3},"r":{"a":0,"k":0,"ix":6},"o":{"a":0,"k":100,"ix":7},"sk":{"a":0,"k":0,"ix":4},"sa":{"a":0,"k":0,"ix":5},"nm":"Transform"}],"nm":"Group 4","np":2,"cix":2,"bm":0,"ix":4,"mn":"ADBE Vector Group","hd":false},{"ty":"gr","it":[{"ind":0,"ty":"sh","ix":1,"ks":{"a":0,"k":{"i":[[0,0],[0,0]],"o":[[0,0],[0,0]],"v":[[27.885,-18.751],[-27.885,18.751]],"c":false},"ix":2},"nm":"Path 1","mn":"ADBE Vector Shape - Group","hd":false},{"ty":"st","c":{"a":0,"k":[0.322000002394,0.263000009574,0.532999973671,1],"ix":3},"o":{"a":0,"k":100,"ix":4},"w":{"a":0,"k":4.899,"ix":5},"lc":2,"lj":1,"ml":10,"bm":0,"nm":"Stroke 1","mn":"ADBE Vector Graphic - Stroke","hd":false},{"ty":"tr","p":{"a":0,"k":[117.642,288.742],"ix":2},"a":{"a":0,"k":[0,0],"ix":1},"s":{"a":0,"k":[100,100],"ix":3},"r":{"a":0,"k":0,"ix":6},"o":{"a":0,"k":100,"ix":7},"sk":{"a":0,"k":0,"ix":4},"sa":{"a":0,"k":0,"ix":5},"nm":"Transform"}],"nm":"Group 5","np":2,"cix":2,"bm":0,"ix":5,"mn":"ADBE Vector Group","hd":false},{"ty":"gr","it":[{"ind":0,"ty":"sh","ix":1,"ks":{"a":0,"k":{"i":[[0,0],[0,0]],"o":[[0,0],[0,0]],"v":[[9.457,-16.326],[-9.456,16.326]],"c":false},"ix":2},"nm":"Path 1","mn":"ADBE Vector Shape - Group","hd":false},{"ty":"st","c":{"a":0,"k":[0.322000002394,0.263000009574,0.532999973671,1],"ix":3},"o":{"a":0,"k":100,"ix":4},"w":{"a":0,"k":4.899,"ix":5},"lc":2,"lj":1,"ml":10,"bm":0,"nm":"Stroke 1","mn":"ADBE Vector Graphic - Stroke","hd":false},{"ty":"tr","p":{"a":0,"k":[149.81,298.925],"ix":2},"a":{"a":0,"k":[0,0],"ix":1},"s":{"a":0,"k":[100,100],"ix":3},"r":{"a":0,"k":0,"ix":6},"o":{"a":0,"k":100,"ix":7},"sk":{"a":0,"k":0,"ix":4},"sa":{"a":0,"k":0,"ix":5},"nm":"Transform"}],"nm":"Group 6","np":2,"cix":2,"bm":0,"ix":6,"mn":"ADBE Vector Group","hd":false},{"ty":"gr","it":[{"ind":0,"ty":"sh","ix":1,"ks":{"a":0,"k":{"i":[[-4.352,3.558],[3.773,-4.158],[3.862,-4.07],[7.85,-7.99],[7.984,-7.865],[5.54,-5.332],[0,0],[0,0],[0,0],[4.33,-4.323],[4.389,-4.271],[4.441,-4.211],[4.575,-4.085],[-3.944,4.693],[-4.018,4.62],[-4.063,4.575],[-2.065,2.295],[0,0],[3.475,-0.431],[0,0],[0,0],[-8.08,7.761],[-8.235,7.605],[-8.392,7.441],[-4.218,3.698]],"o":[[-3.683,4.248],[-3.825,4.099],[-7.694,8.154],[-7.857,7.999],[-5.495,5.377],[0,0],[0,0],[0,0],[-4.285,4.366],[-4.344,4.315],[-4.389,4.27],[-4.464,4.203],[3.825,-4.798],[3.958,-4.671],[4.018,-4.619],[2.057,-2.302],[0,0],[-3.468,0.468],[0,0],[0,0],[7.961,-7.887],[8.103,-7.738],[8.229,-7.605],[4.181,-3.736],[4.27,-3.647]],"v":[[63.04,-72.257],[51.804,-59.705],[40.345,-47.384],[17.003,-23.183],[-6.784,0.575],[-23.33,16.653],[-12.992,15.621],[-3.835,14.715],[-10.2,21.191],[-23.137,34.217],[-36.23,47.095],[-49.508,59.794],[-63.04,72.257],[-51.357,58.049],[-39.423,44.079],[-27.295,30.288],[-21.124,23.397],[-22.632,23.598],[-33.043,24.928],[-43.56,26.249],[-35.977,18.749],[-11.886,-4.691],[12.584,-27.735],[37.493,-50.326],[50.155,-61.405]],"c":true},"ix":2},"nm":"Path 1","mn":"ADBE Vector Shape - Group","hd":false},{"ty":"fl","c":{"a":0,"k":[0.322000002394,0.263000009574,0.532999973671,1],"ix":4},"o":{"a":0,"k":100,"ix":5},"r":1,"bm":0,"nm":"Fill 1","mn":"ADBE Vector Graphic - Fill","hd":false},{"ty":"tr","p":{"a":0,"k":[87.656,351.46],"ix":2},"a":{"a":0,"k":[0,0],"ix":1},"s":{"a":0,"k":[100,100],"ix":3},"r":{"a":0,"k":0,"ix":6},"o":{"a":0,"k":100,"ix":7},"sk":{"a":0,"k":0,"ix":4},"sa":{"a":0,"k":0,"ix":5},"nm":"Transform"}],"nm":"Group 7","np":2,"cix":2,"bm":0,"ix":7,"mn":"ADBE Vector Group","hd":false},{"ty":"gr","it":[{"ind":0,"ty":"sh","ix":1,"ks":{"a":0,"k":{"i":[[0,0],[0,0],[0,0],[0,0],[0,0],[0,0],[0,0],[0,0],[0,0],[0,0],[0,0],[0,0],[0,0],[0,0]],"o":[[0,0],[0,0],[0,0],[0,0],[0,0],[0,0],[0,0],[0,0],[0,0],[0,0],[0,0],[0,0],[0,0],[0,0]],"v":[[4.131,-3.286],[-18.362,13.286],[5.741,0.141],[7.121,6.602],[9.284,0.641],[17.374,2.82],[11.35,-2.305],[18.362,-5.344],[10.502,-6.576],[13.712,-13.286],[8.32,-8.238],[4.58,-12.693],[4.888,-7.167],[-0.571,-6.867]],"c":true},"ix":2},"nm":"Path 1","mn":"ADBE Vector Shape - Group","hd":false},{"ty":"fl","c":{"a":0,"k":[0.322000002394,0.263000009574,0.532999973671,1],"ix":4},"o":{"a":0,"k":100,"ix":5},"r":1,"bm":0,"nm":"Fill 1","mn":"ADBE Vector Graphic - Fill","hd":false},{"ty":"tr","p":{"a":0,"k":[328.309,184.214],"ix":2},"a":{"a":0,"k":[0,0],"ix":1},"s":{"a":0,"k":[100,100],"ix":3},"r":{"a":0,"k":0,"ix":6},"o":{"a":0,"k":100,"ix":7},"sk":{"a":0,"k":0,"ix":4},"sa":{"a":0,"k":0,"ix":5},"nm":"Transform"}],"nm":"Group 8","np":2,"cix":2,"bm":0,"ix":8,"mn":"ADBE Vector Group","hd":false},{"ty":"gr","it":[{"ind":0,"ty":"sh","ix":1,"ks":{"a":0,"k":{"i":[[0,0],[0,0],[0,0],[0,0],[0,0],[0,0],[0,0],[0,0],[0,0],[0,0],[0,0],[0,0],[0,0],[0,0]],"o":[[0,0],[0,0],[0,0],[0,0],[0,0],[0,0],[0,0],[0,0],[0,0],[0,0],[0,0],[0,0],[0,0],[0,0]],"v":[[13.589,-4.884],[-39.326,-3.637],[12.36,2.183],[7.474,13.707],[17.313,6.811],[27.492,18.988],[23.719,4.488],[37.904,7.397],[27.05,-3.06],[39.326,-9.979],[25.474,-8.012],[24.516,-18.988],[18.984,-10.082],[10.19,-15.554]],"c":true},"ix":2},"nm":"Path 1","mn":"ADBE Vector Shape - Group","hd":false},{"ty":"fl","c":{"a":0,"k":[0.322000002394,0.263000009574,0.532999973671,1],"ix":4},"o":{"a":0,"k":100,"ix":5},"r":1,"bm":0,"nm":"Fill 1","mn":"ADBE Vector Graphic - Fill","hd":false},{"ty":"tr","p":{"a":0,"k":[358.442,223.185],"ix":2},"a":{"a":0,"k":[0,0],"ix":1},"s":{"a":0,"k":[100,100],"ix":3},"r":{"a":0,"k":0,"ix":6},"o":{"a":0,"k":100,"ix":7},"sk":{"a":0,"k":0,"ix":4},"sa":{"a":0,"k":0,"ix":5},"nm":"Transform"}],"nm":"Group 9","np":2,"cix":2,"bm":0,"ix":9,"mn":"ADBE Vector Group","hd":false},{"ty":"gr","it":[{"ind":0,"ty":"sh","ix":1,"ks":{"a":0,"k":{"i":[[0,0],[0,0],[0,0],[0,0],[0,0],[0,0],[0,0],[0,0],[0,0],[0,0],[0,0],[0,0],[0,0],[0,0]],"o":[[0,0],[0,0],[0,0],[0,0],[0,0],[0,0],[0,0],[0,0],[0,0],[0,0],[0,0],[0,0],[0,0],[0,0]],"v":[[-12.534,-25.624],[-43.358,79.659],[0.65,-18.754],[20.333,-1.856],[12.905,-25.624],[43.358,-38.065],[12.348,-39.736],[27.017,-65.918],[-0.464,-51.063],[-6.406,-79.659],[-11.234,-51.063],[-33.516,-56.077],[-19.404,-39.551],[-35.744,-25.624]],"c":true},"ix":2},"nm":"Path 1","mn":"ADBE Vector Shape - Group","hd":false},{"ty":"fl","c":{"a":0,"k":[0.322000002394,0.263000009574,0.532999973671,1],"ix":4},"o":{"a":0,"k":100,"ix":5},"r":1,"bm":0,"nm":"Fill 1","mn":"ADBE Vector Graphic - Fill","hd":false},{"ty":"tr","p":{"a":0,"k":[308.586,79.909],"ix":2},"a":{"a":0,"k":[0,0],"ix":1},"s":{"a":0,"k":[100,100],"ix":3},"r":{"a":0,"k":0,"ix":6},"o":{"a":0,"k":100,"ix":7},"sk":{"a":0,"k":0,"ix":4},"sa":{"a":0,"k":0,"ix":5},"nm":"Transform"}],"nm":"Group 10","np":2,"cix":2,"bm":0,"ix":10,"mn":"ADBE Vector Group","hd":false},{"ty":"gr","it":[{"ind":0,"ty":"sh","ix":1,"ks":{"a":0,"k":{"i":[[-2.963,2.688],[2.51,-3.097],[2.532,-3.081],[5.199,-6.037],[5.281,-5.964],[0,0],[0,0],[0,0],[0,0],[0,0],[-0.171,1.099],[2.532,-2.74],[5.385,-5.645],[5.511,-5.532],[2.793,-2.733],[2.837,-2.689],[-2.391,3.082],[-2.422,3.059],[-4.953,6.023],[-5.043,5.941],[-5.116,5.875],[0,0],[0,0],[0.743,-5.11],[0,0],[0,0],[0,0],[-5.615,5.652],[-5.733,5.541],[-2.911,2.725]],"o":[[-2.443,3.164],[-2.488,3.127],[-5.073,6.158],[-5.184,6.045],[0,0],[0,0],[0,0],[0,0],[0,0],[0.171,-1.106],[-2.51,2.756],[-5.295,5.719],[-5.384,5.643],[-2.747,2.771],[-2.777,2.748],[2.325,-3.142],[2.377,-3.105],[4.827,-6.134],[4.961,-6.016],[5.042,-5.941],[0,0],[0,0],[-0.713,5.117],[0,0],[0,0],[0,0],[5.525,-5.733],[5.606,-5.659],[2.867,-2.769],[2.889,-2.748]],"v":[[61.09,-54.778],[53.656,-45.391],[46.082,-36.131],[30.656,-17.861],[14.934,0.126],[6.988,9.037],[-1.025,17.898],[-9.113,26.831],[-7.337,14.861],[-5.064,-0.461],[-4.553,-3.773],[-12.113,4.463],[-28.11,21.522],[-44.404,38.327],[-52.676,46.616],[-61.09,54.778],[-54.006,45.443],[-46.772,36.226],[-32.061,18.024],[-17.043,0.089],[-1.798,-17.638],[6.202,-26.81],[4.522,-14.682],[2.272,0.646],[1.7,4.323],[1.783,4.241],[10.033,-4.397],[26.713,-21.5],[43.697,-38.329],[52.319,-46.616]],"c":true},"ix":2},"nm":"Path 1","mn":"ADBE Vector Shape - Group","hd":false},{"ty":"fl","c":{"a":0,"k":[0.322000002394,0.263000009574,0.532999973671,1],"ix":4},"o":{"a":0,"k":100,"ix":5},"r":1,"bm":0,"nm":"Fill 1","mn":"ADBE Vector Graphic - Fill","hd":false},{"ty":"tr","p":{"a":0,"k":[358.445,115.932],"ix":2},"a":{"a":0,"k":[0,0],"ix":1},"s":{"a":0,"k":[100,100],"ix":3},"r":{"a":0,"k":0,"ix":6},"o":{"a":0,"k":100,"ix":7},"sk":{"a":0,"k":0,"ix":4},"sa":{"a":0,"k":0,"ix":5},"nm":"Transform"}],"nm":"Group 11","np":2,"cix":2,"bm":0,"ix":11,"mn":"ADBE Vector Group","hd":false}],"ip":0,"op":480,"st":0,"bm":0},{"ddd":0,"ind":10,"ty":4,"nm":"Funny character Outlines","sr":1,"ks":{"o":{"a":0,"k":100,"ix":11},"r":{"a":1,"k":[{"i":{"x":[0.667],"y":[1]},"o":{"x":[0.333],"y":[0]},"t":90,"s":[0]},{"i":{"x":[0.667],"y":[1]},"o":{"x":[0.333],"y":[0]},"t":94,"s":[1]},{"i":{"x":[0.667],"y":[1]},"o":{"x":[0.333],"y":[0]},"t":98,"s":[0]},{"i":{"x":[0.667],"y":[1]},"o":{"x":[0.333],"y":[0]},"t":102,"s":[1]},{"i":{"x":[0.667],"y":[1]},"o":{"x":[0.333],"y":[0]},"t":106,"s":[0]},{"i":{"x":[0.667],"y":[1]},"o":{"x":[0.333],"y":[0]},"t":110,"s":[1]},{"i":{"x":[0.667],"y":[1]},"o":{"x":[0.333],"y":[0]},"t":114,"s":[0]},{"i":{"x":[0.667],"y":[1]},"o":{"x":[0.333],"y":[0]},"t":118,"s":[1]},{"t":122,"s":[0]}],"ix":10},"p":{"a":0,"k":[317.455,832.665,0],"ix":2},"a":{"a":0,"k":[94.523,300.591,0],"ix":1},"s":{"a":0,"k":[100,100,100],"ix":6}},"ao":0,"shapes":[{"ty":"gr","it":[{"ind":0,"ty":"sh","ix":1,"ks":{"a":0,"k":{"i":[[0,-15.338],[7.625,0],[0,15.338],[-7.625,0]],"o":[[0,15.338],[-7.625,0],[0,-15.338],[7.625,0]],"v":[[13.806,-0.001],[0,27.771],[-13.806,-0.001],[0,-27.771]],"c":true},"ix":2},"nm":"Path 1","mn":"ADBE Vector Shape - Group","hd":false},{"ty":"fl","c":{"a":0,"k":[0.995999983245,0.995999983245,1,1],"ix":4},"o":{"a":0,"k":100,"ix":5},"r":1,"bm":0,"nm":"Fill 1","mn":"ADBE Vector Graphic - Fill","hd":false},{"ty":"tr","p":{"a":0,"k":[126.384,81.36],"ix":2},"a":{"a":0,"k":[0,0],"ix":1},"s":{"a":0,"k":[100,100],"ix":3},"r":{"a":0,"k":0,"ix":6},"o":{"a":0,"k":100,"ix":7},"sk":{"a":0,"k":0,"ix":4},"sa":{"a":0,"k":0,"ix":5},"nm":"Transform"}],"nm":"Group 1","np":2,"cix":2,"bm":0,"ix":1,"mn":"ADBE Vector Group","hd":false},{"ty":"gr","it":[{"ind":0,"ty":"sh","ix":1,"ks":{"a":0,"k":{"i":[[0,-14.762],[8.511,0],[0,14.762],[-8.511,0]],"o":[[0,14.762],[-8.511,0],[0,-14.762],[8.511,0]],"v":[[15.411,0],[0,26.729],[-15.411,0],[0,-26.729]],"c":true},"ix":2},"nm":"Path 1","mn":"ADBE Vector Shape - Group","hd":false},{"ty":"fl","c":{"a":0,"k":[0.995999983245,0.995999983245,1,1],"ix":4},"o":{"a":0,"k":100,"ix":5},"r":1,"bm":0,"nm":"Fill 1","mn":"ADBE Vector Graphic - Fill","hd":false},{"ty":"tr","p":{"a":0,"k":[93.154,86.738],"ix":2},"a":{"a":0,"k":[0,0],"ix":1},"s":{"a":0,"k":[100,100],"ix":3},"r":{"a":0,"k":0,"ix":6},"o":{"a":0,"k":100,"ix":7},"sk":{"a":0,"k":0,"ix":4},"sa":{"a":0,"k":0,"ix":5},"nm":"Transform"}],"nm":"Group 2","np":2,"cix":2,"bm":0,"ix":2,"mn":"ADBE Vector Group","hd":false},{"ty":"gr","it":[{"ind":0,"ty":"sh","ix":1,"ks":{"a":0,"k":{"i":[[0,0],[0,0],[0,0],[0,0],[1.137,29.736],[0,0],[0,0],[0.082,1.515],[0,0],[0,0]],"o":[[0,0],[0,0],[0,0],[0,0],[-1.128,-29.743],[0,0],[0,0],[0,0],[0,0],[0,0]],"v":[[62.29,-29.565],[83.908,150.17],[-71.492,150.17],[-68.536,-5.117],[-92.606,-33.494],[-75.123,-50.976],[-80.597,-132.896],[-80.79,-135.274],[51.446,-150.17],[93.734,-43.178]],"c":true},"ix":2},"nm":"Path 1","mn":"ADBE Vector Shape - Group","hd":false},{"ty":"fl","c":{"a":0,"k":[0.322000002394,0.263000009574,0.532999973671,1],"ix":4},"o":{"a":0,"k":100,"ix":5},"r":1,"bm":0,"nm":"Fill 1","mn":"ADBE Vector Graphic - Fill","hd":false},{"ty":"tr","p":{"a":0,"k":[93.983,150.421],"ix":2},"a":{"a":0,"k":[0,0],"ix":1},"s":{"a":0,"k":[100,100],"ix":3},"r":{"a":0,"k":0,"ix":6},"o":{"a":0,"k":100,"ix":7},"sk":{"a":0,"k":0,"ix":4},"sa":{"a":0,"k":0,"ix":5},"nm":"Transform"}],"nm":"Group 3","np":2,"cix":2,"bm":0,"ix":3,"mn":"ADBE Vector Group","hd":false}],"ip":0,"op":480,"st":0,"bm":0},{"ddd":0,"ind":11,"ty":4,"nm":"Lines Outlines","sr":1,"ks":{"o":{"a":0,"k":100,"ix":11},"r":{"a":0,"k":0,"ix":10},"p":{"a":0,"k":[534.707,832.665,0],"ix":2},"a":{"a":0,"k":[439.38,3.298,0],"ix":1},"s":{"a":0,"k":[100,100,100],"ix":6}},"ao":0,"shapes":[{"ty":"gr","it":[{"ind":0,"ty":"sh","ix":1,"ks":{"a":0,"k":{"i":[[0,0],[0,0]],"o":[[0,0],[0,0]],"v":[[3.298,3.298],[875.463,3.298]],"c":false},"ix":2},"nm":"Path 1","mn":"ADBE Vector Shape - Group","hd":false},{"ty":"st","c":{"a":0,"k":[0.322000002394,0.263000009574,0.532999973671,1],"ix":3},"o":{"a":0,"k":100,"ix":4},"w":{"a":0,"k":6.597,"ix":5},"lc":2,"lj":1,"ml":10,"bm":0,"nm":"Stroke 1","mn":"ADBE Vector Graphic - Stroke","hd":false},{"ty":"tr","p":{"a":0,"k":[0,0],"ix":2},"a":{"a":0,"k":[0,0],"ix":1},"s":{"a":0,"k":[100,100],"ix":3},"r":{"a":0,"k":0,"ix":6},"o":{"a":0,"k":100,"ix":7},"sk":{"a":0,"k":0,"ix":4},"sa":{"a":0,"k":0,"ix":5},"nm":"Transform"}],"nm":"Group 1","np":2,"cix":2,"bm":0,"ix":1,"mn":"ADBE Vector Group","hd":false},{"ty":"gr","it":[{"ind":0,"ty":"sh","ix":1,"ks":{"a":0,"k":{"i":[[0,0],[0,0]],"o":[[0,0],[0,0]],"v":[[3.298,3.298],[875.462,3.298]],"c":true},"ix":2},"nm":"Path 1","mn":"ADBE Vector Shape - Group","hd":false},{"ty":"fl","c":{"a":0,"k":[0.870999983245,0.859000052658,0.922000002394,1],"ix":4},"o":{"a":0,"k":100,"ix":5},"r":1,"bm":0,"nm":"Fill 1","mn":"ADBE Vector Graphic - Fill","hd":false},{"ty":"tr","p":{"a":0,"k":[0,0],"ix":2},"a":{"a":0,"k":[0,0],"ix":1},"s":{"a":0,"k":[100,100],"ix":3},"r":{"a":0,"k":0,"ix":6},"o":{"a":0,"k":100,"ix":7},"sk":{"a":0,"k":0,"ix":4},"sa":{"a":0,"k":0,"ix":5},"nm":"Transform"}],"nm":"Group 2","np":2,"cix":2,"bm":0,"ix":2,"mn":"ADBE Vector Group","hd":false}],"ip":0,"op":480,"st":0,"bm":0},{"ddd":0,"ind":12,"ty":4,"nm":"screen-mask 2","td":1,"sr":1,"ks":{"o":{"a":0,"k":100,"ix":11},"r":{"a":0,"k":0,"ix":10},"p":{"a":0,"k":[540,540,0],"ix":2},"a":{"a":0,"k":[0,0,0],"ix":1},"s":{"a":0,"k":[100,100,100],"ix":6}},"ao":0,"shapes":[{"ty":"gr","it":[{"ty":"rc","d":1,"s":{"a":0,"k":[903,247],"ix":2},"p":{"a":0,"k":[0,0],"ix":3},"r":{"a":0,"k":0,"ix":4},"nm":"Rectangle Path 1","mn":"ADBE Vector Shape - Rect","hd":false},{"ty":"fl","c":{"a":0,"k":[0.321568986481,0.717646998985,0.533332974303,1],"ix":4},"o":{"a":0,"k":100,"ix":5},"r":1,"bm":0,"nm":"Fill 1","mn":"ADBE Vector Graphic - Fill","hd":false},{"ty":"tr","p":{"a":0,"k":[1.5,415.5],"ix":2},"a":{"a":0,"k":[0,0],"ix":1},"s":{"a":0,"k":[100,100],"ix":3},"r":{"a":0,"k":0,"ix":6},"o":{"a":0,"k":100,"ix":7},"sk":{"a":0,"k":0,"ix":4},"sa":{"a":0,"k":0,"ix":5},"nm":"Transform"}],"nm":"Rectangle 1","np":3,"cix":2,"bm":0,"ix":1,"mn":"ADBE Vector Group","hd":false}],"ip":0,"op":480,"st":0,"bm":0},{"ddd":0,"ind":13,"ty":4,"nm":"404/404-Error pages-13 Outlines","parent":15,"tt":2,"sr":1,"ks":{"o":{"a":0,"k":100,"ix":11},"r":{"a":0,"k":0,"ix":10},"p":{"a":0,"k":[169.781,183.203,0],"ix":2},"a":{"a":0,"k":[141.584,117.812,0],"ix":1},"s":{"a":0,"k":[100,100,100],"ix":6}},"ao":0,"shapes":[{"ty":"gr","it":[{"ind":0,"ty":"sh","ix":1,"ks":{"a":0,"k":{"i":[[-0.914,-26.21],[-10.242,0.289],[0.727,25.693],[10.589,-0.299]],"o":[[0.558,25.872],[10.243,-0.29],[-0.706,-25],[-9.723,0.275]],"v":[[-15.994,0.642],[1.404,38.374],[16.113,-0.613],[-0.937,-38.356]],"c":true},"ix":2},"nm":"Path 1","mn":"ADBE Vector Shape - Group","hd":false},{"ind":1,"ty":"sh","ix":2,"ks":{"a":0,"k":{"i":[[-0.873,-30.903],[28.819,-0.815],[1.076,31.939],[-29.166,0.824]],"o":[[0.986,34.895],[-29.166,0.824],[-0.922,-32.638],[30.208,-0.853]],"v":[[42.492,-1.706],[1.274,58.359],[-42.556,1.392],[-1.155,-58.33]],"c":true},"ix":2},"nm":"Path 2","mn":"ADBE Vector Shape - Group","hd":false},{"ty":"mm","mm":1,"nm":"Merge Paths 1","mn":"ADBE Vector Filter - Merge","hd":false},{"ty":"fl","c":{"a":0,"k":[0.322000002394,0.263000009574,0.532999973671,1],"ix":4},"o":{"a":0,"k":100,"ix":5},"r":1,"bm":0,"nm":"Fill 1","mn":"ADBE Vector Graphic - Fill","hd":false},{"ty":"tr","p":{"a":0,"k":[142.067,59.433],"ix":2},"a":{"a":0,"k":[0,0],"ix":1},"s":{"a":0,"k":[100,100],"ix":3},"r":{"a":0,"k":0,"ix":6},"o":{"a":0,"k":100,"ix":7},"sk":{"a":0,"k":0,"ix":4},"sa":{"a":0,"k":0,"ix":5},"nm":"Transform"}],"nm":"Group 1","np":4,"cix":2,"bm":0,"ix":1,"mn":"ADBE Vector Group","hd":false},{"ty":"gr","it":[{"ind":0,"ty":"sh","ix":1,"ks":{"a":0,"k":{"i":[[0,0],[0,0],[-0.493,6.899],[0,0],[3.614,-6.736],[0,0],[0,0]],"o":[[0,0],[0,-6.407],[0,0],[-3.45,6.899],[0,0],[0,0],[0,0]],"v":[[5.422,9.2],[5.422,-14.456],[6.243,-34.334],[5.587,-34.334],[-4.27,-14.456],[-18.562,8.872],[-18.562,9.2]],"c":true},"ix":2},"nm":"Path 1","mn":"ADBE Vector Shape - Group","hd":false},{"ind":1,"ty":"sh","ix":2,"ks":{"a":0,"k":{"i":[[0,0],[0,0],[0,0],[0,0],[0,0],[0,0],[0,0],[0,0],[0,0],[0,0],[0,0]],"o":[[0,0],[0,0],[0,0],[0,0],[0,0],[0,0],[0,0],[0,0],[0,0],[0,0],[0,0]],"v":[[5.422,53.391],[5.422,27.928],[-41.892,27.928],[-41.892,11.665],[-1.478,-53.391],[29.079,-53.391],[29.079,9.2],[41.892,9.2],[41.892,27.928],[29.079,27.928],[29.079,53.391]],"c":true},"ix":2},"nm":"Path 2","mn":"ADBE Vector Shape - Group","hd":false},{"ty":"mm","mm":1,"nm":"Merge Paths 1","mn":"ADBE Vector Filter - Merge","hd":false},{"ty":"fl","c":{"a":0,"k":[0.322000002394,0.263000009574,0.532999973671,1],"ix":4},"o":{"a":0,"k":100,"ix":5},"r":1,"bm":0,"nm":"Fill 1","mn":"ADBE Vector Graphic - Fill","hd":false},{"ty":"tr","p":{"a":0,"k":[42.141,64.42],"ix":2},"a":{"a":0,"k":[0,0],"ix":1},"s":{"a":0,"k":[100,100],"ix":3},"r":{"a":0,"k":0,"ix":6},"o":{"a":0,"k":100,"ix":7},"sk":{"a":0,"k":0,"ix":4},"sa":{"a":0,"k":0,"ix":5},"nm":"Transform"}],"nm":"Group 2","np":4,"cix":2,"bm":0,"ix":2,"mn":"ADBE Vector Group","hd":false},{"ty":"gr","it":[{"ind":0,"ty":"sh","ix":1,"ks":{"a":0,"k":{"i":[[0,0],[0,0],[-0.505,7.068],[0,0],[3.702,-6.9],[0,0],[0,0]],"o":[[0,0],[0,-6.563],[0,0],[-3.533,7.068],[0,0],[0,0],[0,0]],"v":[[5.553,9.423],[5.553,-14.807],[6.394,-35.169],[5.721,-35.169],[-4.375,-14.807],[-19.015,9.087],[-19.015,9.423]],"c":true},"ix":2},"nm":"Path 1","mn":"ADBE Vector Shape - Group","hd":false},{"ind":1,"ty":"sh","ix":2,"ks":{"a":0,"k":{"i":[[0,0],[0,0],[0,0],[0,0],[0,0],[0,0],[0,0],[0,0],[0,0],[0,0],[0,0]],"o":[[0,0],[0,0],[0,0],[0,0],[0,0],[0,0],[0,0],[0,0],[0,0],[0,0],[0,0]],"v":[[5.553,54.69],[5.553,28.607],[-42.91,28.607],[-42.91,11.948],[-1.514,-54.69],[29.784,-54.69],[29.784,9.423],[42.91,9.423],[42.91,28.607],[29.784,28.607],[29.784,54.69]],"c":true},"ix":2},"nm":"Path 2","mn":"ADBE Vector Shape - Group","hd":false},{"ty":"mm","mm":1,"nm":"Merge Paths 1","mn":"ADBE Vector Filter - Merge","hd":false},{"ty":"fl","c":{"a":0,"k":[0.322000002394,0.263000009574,0.532999973671,1],"ix":4},"o":{"a":0,"k":100,"ix":5},"r":1,"bm":0,"nm":"Fill 1","mn":"ADBE Vector Graphic - Fill","hd":false},{"ty":"tr","p":{"a":0,"k":[240.009,63.122],"ix":2},"a":{"a":0,"k":[0,0],"ix":1},"s":{"a":0,"k":[100,100],"ix":3},"r":{"a":0,"k":0,"ix":6},"o":{"a":0,"k":100,"ix":7},"sk":{"a":0,"k":0,"ix":4},"sa":{"a":0,"k":0,"ix":5},"nm":"Transform"}],"nm":"Group 3","np":4,"cix":2,"bm":0,"ix":3,"mn":"ADBE Vector Group","hd":false}],"ip":0,"op":480,"st":0,"bm":0},{"ddd":0,"ind":14,"ty":4,"nm":"screen-mask","td":1,"sr":1,"ks":{"o":{"a":0,"k":100,"ix":11},"r":{"a":0,"k":0,"ix":10},"p":{"a":0,"k":[540,540,0],"ix":2},"a":{"a":0,"k":[0,0,0],"ix":1},"s":{"a":0,"k":[100,100,100],"ix":6}},"ao":0,"shapes":[{"ty":"gr","it":[{"ty":"rc","d":1,"s":{"a":0,"k":[903,247],"ix":2},"p":{"a":0,"k":[0,0],"ix":3},"r":{"a":0,"k":0,"ix":4},"nm":"Rectangle Path 1","mn":"ADBE Vector Shape - Rect","hd":false},{"ty":"fl","c":{"a":0,"k":[0.321568986481,0.717646998985,0.533332974303,1],"ix":4},"o":{"a":0,"k":100,"ix":5},"r":1,"bm":0,"nm":"Fill 1","mn":"ADBE Vector Graphic - Fill","hd":false},{"ty":"tr","p":{"a":0,"k":[1.5,415.5],"ix":2},"a":{"a":0,"k":[0,0],"ix":1},"s":{"a":0,"k":[100,100],"ix":3},"r":{"a":0,"k":0,"ix":6},"o":{"a":0,"k":100,"ix":7},"sk":{"a":0,"k":0,"ix":4},"sa":{"a":0,"k":0,"ix":5},"nm":"Transform"}],"nm":"Rectangle 1","np":3,"cix":2,"bm":0,"ix":1,"mn":"ADBE Vector Group","hd":false}],"ip":0,"op":480,"st":0,"bm":0},{"ddd":0,"ind":15,"ty":4,"nm":"Screen-Street Outlines","tt":2,"sr":1,"ks":{"o":{"a":0,"k":100,"ix":11},"r":{"a":0,"k":0,"ix":10},"p":{"a":1,"k":[{"i":{"x":0,"y":1},"o":{"x":0.3,"y":0},"t":0,"s":[767.586,1072.665,0],"to":[0,-40,0],"ti":[0,40,0]},{"t":60,"s":[767.586,848.665,0],"h":1},{"i":{"x":0,"y":1},"o":{"x":0.3,"y":0},"t":300,"s":[767.586,848.665,0],"to":[0,-40,0],"ti":[0,40,0]},{"t":330,"s":[767.586,1072.665,0]}],"ix":2},"a":{"a":0,"k":[169.784,459.556,0],"ix":1},"s":{"a":1,"k":[{"i":{"x":[0,0,0],"y":[1,1,1]},"o":{"x":[0.3,0.3,0.3],"y":[0,0,0]},"t":0,"s":[49,49,100]},{"i":{"x":[0,0,0],"y":[1,1,1]},"o":{"x":[0.3,0.3,0.3],"y":[0,0,0]},"t":60,"s":[100,100,100]},{"i":{"x":[0,0,0],"y":[1,1,1]},"o":{"x":[0.3,0.3,0.3],"y":[0,0,0]},"t":300,"s":[100,100,100]},{"t":330,"s":[49,49,100]}],"ix":6}},"ao":0,"shapes":[{"ty":"gr","it":[{"ind":0,"ty":"sh","ix":1,"ks":{"a":0,"k":{"i":[[0,0],[0,0],[0,0],[0,0]],"o":[[0,0],[0,0],[0,0],[0,0]],"v":[[46.177,-102.493],[-46.177,-102.493],[-46.177,102.493],[46.177,102.493]],"c":true},"ix":2},"nm":"Path 1","mn":"ADBE Vector Shape - Group","hd":false},{"ty":"st","c":{"a":0,"k":[0.322000002394,0.263000009574,0.532999973671,1],"ix":3},"o":{"a":0,"k":100,"ix":4},"w":{"a":0,"k":4.899,"ix":5},"lc":2,"lj":1,"ml":10,"bm":0,"nm":"Stroke 1","mn":"ADBE Vector Graphic - Stroke","hd":false},{"ty":"fl","c":{"a":0,"k":[0.870999983245,0.859000052658,0.922000002394,1],"ix":4},"o":{"a":0,"k":100,"ix":5},"r":1,"bm":0,"nm":"Fill 1","mn":"ADBE Vector Graphic - Fill","hd":false},{"ty":"tr","p":{"a":0,"k":[169.784,357.063],"ix":2},"a":{"a":0,"k":[0,0],"ix":1},"s":{"a":0,"k":[100,100],"ix":3},"r":{"a":0,"k":0,"ix":6},"o":{"a":0,"k":100,"ix":7},"sk":{"a":0,"k":0,"ix":4},"sa":{"a":0,"k":0,"ix":5},"nm":"Transform"}],"nm":"Group 1","np":3,"cix":2,"bm":0,"ix":1,"mn":"ADBE Vector Group","hd":false},{"ty":"gr","it":[{"ind":0,"ty":"sh","ix":1,"ks":{"a":0,"k":{"i":[[0,0],[0,0],[0,0],[0,0]],"o":[[0,0],[0,0],[0,0],[0,0]],"v":[[166.32,-125.552],[-166.32,-125.552],[-166.32,125.552],[166.32,125.552]],"c":true},"ix":2},"nm":"Path 1","mn":"ADBE Vector Shape - Group","hd":false},{"ty":"st","c":{"a":0,"k":[0.322000002394,0.263000009574,0.532999973671,1],"ix":3},"o":{"a":0,"k":100,"ix":4},"w":{"a":0,"k":4.899,"ix":5},"lc":2,"lj":1,"ml":10,"bm":0,"nm":"Stroke 1","mn":"ADBE Vector Graphic - Stroke","hd":false},{"ty":"fl","c":{"a":0,"k":[0.870999983245,0.859000052658,0.922000002394,1],"ix":4},"o":{"a":0,"k":100,"ix":5},"r":1,"bm":0,"nm":"Fill 1","mn":"ADBE Vector Graphic - Fill","hd":false},{"ty":"tr","p":{"a":0,"k":[169.784,129.016],"ix":2},"a":{"a":0,"k":[0,0],"ix":1},"s":{"a":0,"k":[100,100],"ix":3},"r":{"a":0,"k":0,"ix":6},"o":{"a":0,"k":100,"ix":7},"sk":{"a":0,"k":0,"ix":4},"sa":{"a":0,"k":0,"ix":5},"nm":"Transform"}],"nm":"Group 2","np":3,"cix":2,"bm":0,"ix":2,"mn":"ADBE Vector Group","hd":false}],"ip":0,"op":480,"st":0,"bm":0}],"markers":[]}