{"nm":"Comp 1","mn":"","layers":[{"ty":4,"nm":"Line 1","mn":"","sr":1,"st":0,"op":180,"ip":0,"hd":false,"cl":"","ln":"","ddd":0,"bm":0,"hasMask":false,"ao":0,"ks":{"a":{"a":0,"k":[146.752,131.383,0],"ix":1},"s":{"a":0,"k":[150,150,100],"ix":6},"sk":{"a":0,"k":0},"p":{"a":0,"k":[241.936,264.704,0],"ix":2},"r":{"a":0,"k":0,"ix":10},"sa":{"a":0,"k":0},"o":{"a":0,"k":100,"ix":11}},"ef":[],"shapes":[{"ty":"gr","bm":0,"cl":"","ln":"","hd":false,"mn":"ADBE Vector Group","nm":"Group 1","ix":1,"cix":2,"np":2,"it":[{"ty":"sh","bm":0,"cl":"","ln":"","hd":false,"mn":"ADBE Vector Shape - Group","nm":"Path 1","ix":1,"d":1,"ks":{"a":0,"k":{"c":false,"i":[[0,0],[0,0],[16.688,0],[0,0],[0,-16.688],[0,0],[-16.688,0],[0,0],[0,16.687],[0,0],[-12.918,-7.459],[0,0],[15.343,-8.858],[0,0]],"o":[[0,0],[0,-16.688],[0,0],[-16.688,0],[0,0],[0,16.687],[0,0],[16.688,0],[0,0],[0,-14.916],[0,0],[15.343,8.859],[0,0],[0,0]],"v":[[-36.376,24.547],[-36.376,-53.628],[-66.717,-83.969],[-73.891,-83.969],[-104.232,-53.628],[-104.232,46.524],[-73.891,76.864],[-66.717,76.864],[-36.376,46.524],[-36.376,-64.623],[-7.31,-81.404],[88.889,-25.864],[88.889,13.999],[75.876,21.431]]},"ix":2}},{"ty":"st","bm":0,"cl":"","ln":"","hd":false,"mn":"ADBE Vector Graphic - Stroke","nm":"Stroke 1","lc":2,"lj":1,"ml":10,"o":{"a":0,"k":100,"ix":4},"w":{"a":0,"k":17.008,"ix":5},"d":[],"c":{"a":0,"k":[0.2,0.0314,0.298],"ix":3}},{"ty":"tr","a":{"a":0,"k":[0,0],"ix":1},"s":{"a":0,"k":[100,100],"ix":3},"sk":{"a":0,"k":0,"ix":4},"p":{"a":0,"k":[146.752,131.383],"ix":2},"r":{"a":0,"k":0,"ix":6},"sa":{"a":0,"k":0,"ix":5},"o":{"a":0,"k":100,"ix":7}}]},{"ty":"tm","bm":0,"cl":"","ln":"","hd":false,"mn":"ADBE Vector Filter - Trim","nm":"Trim Paths 1","ix":2,"e":{"a":0,"k":100,"ix":2},"o":{"a":0,"k":0,"ix":3},"s":{"a":0,"k":0,"ix":1},"m":1},{"ty":"tm","bm":0,"cl":"","ln":"","hd":false,"mn":"ADBE Vector Filter - Trim","nm":"Trim Paths 2","ix":3,"e":{"a":1,"k":[{"o":{"x":0.3,"y":0},"i":{"x":0.19,"y":1},"s":[100],"t":0},{"o":{"x":0.3,"y":0},"i":{"x":0.19,"y":1},"s":[55],"t":60},{"o":{"x":0.3,"y":0},"i":{"x":0.19,"y":1},"s":[55],"t":90},{"o":{"x":0.167,"y":0.167},"i":{"x":0.833,"y":0.833},"s":[100],"t":150}],"ix":2},"o":{"a":0,"k":0,"ix":3},"s":{"a":1,"k":[{"o":{"x":0.3,"y":0},"i":{"x":0.19,"y":1},"s":[57.9],"t":0},{"o":{"x":0.3,"y":0},"i":{"x":0.19,"y":1},"s":[1.5],"t":60},{"o":{"x":0.3,"y":0},"i":{"x":0.19,"y":1},"s":[1.5],"t":90},{"o":{"x":0.167,"y":0.167},"i":{"x":0.833,"y":0.833},"s":[57.9],"t":150}],"ix":1},"m":1}],"ind":1},{"ty":4,"nm":"Line 2","mn":"","sr":1,"st":0,"op":180,"ip":0,"hd":false,"cl":"","ln":"","ddd":0,"bm":0,"hasMask":false,"ao":0,"ks":{"a":{"a":0,"k":[131.865,136.352,0],"ix":1},"s":{"a":0,"k":[100,100,100],"ix":6},"sk":{"a":0,"k":0},"p":{"a":0,"k":[164.818,132.157,0],"ix":2},"r":{"a":0,"k":0,"ix":10},"sa":{"a":0,"k":0},"o":{"a":0,"k":100,"ix":11}},"ef":[],"shapes":[{"ty":"gr","bm":0,"cl":"","ln":"","hd":false,"mn":"ADBE Vector Group","nm":"Group 1","ix":1,"cix":2,"np":2,"it":[{"ty":"sh","bm":0,"cl":"","ln":"","hd":false,"mn":"ADBE Vector Shape - Group","nm":"Path 1","ix":1,"d":1,"ks":{"a":0,"k":{"c":false,"i":[[0,0],[0,0],[16.688,0],[0,0],[0,16.687],[0,0],[-16.687,0],[0,0],[0,-16.688],[0,0],[0,0],[7.686,-4.437],[0,0],[0,0],[0,17.716],[0,0],[-5.81,7.666]],"o":[[0,0],[0,16.687],[0,0],[-16.687,0],[0,0],[0,-16.688],[0,0],[16.688,0],[0,0],[0,0],[0.011,18.896],[0,0],[0,0],[-15.344,8.86],[0,0],[0,-10.867],[0,0]],"v":[[101.081,-37.978],[101.081,45.749],[70.74,76.089],[63.565,76.089],[33.225,45.749],[33.225,-54.402],[63.565,-84.743],[70.74,-84.743],[101.081,-54.402],[101.049,-29.728],[101.049,-23.249],[77.822,9.288],[57.809,20.656],[-54.82,84.971],[-89.344,65.04],[-89.344,-65.663],[-79.987,-93.831]]},"ix":2}},{"ty":"st","bm":0,"cl":"","ln":"","hd":false,"mn":"ADBE Vector Graphic - Stroke","nm":"Stroke 1","lc":2,"lj":1,"ml":10,"o":{"a":0,"k":100,"ix":4},"w":{"a":0,"k":17.008,"ix":5},"d":[],"c":{"a":0,"k":[0.2,0.0314,0.298],"ix":3}},{"ty":"tr","a":{"a":0,"k":[0,0],"ix":1},"s":{"a":0,"k":[100,100],"ix":3},"sk":{"a":0,"k":0,"ix":4},"p":{"a":0,"k":[131.865,136.352],"ix":2},"r":{"a":0,"k":0,"ix":6},"sa":{"a":0,"k":0,"ix":5},"o":{"a":0,"k":100,"ix":7}}]},{"ty":"tm","bm":0,"cl":"","ln":"","hd":false,"mn":"ADBE Vector Filter - Trim","nm":"Trim Paths 1","ix":2,"e":{"a":0,"k":100,"ix":2},"o":{"a":0,"k":0,"ix":3},"s":{"a":0,"k":0,"ix":1},"m":1},{"ty":"tm","bm":0,"cl":"","ln":"","hd":false,"mn":"ADBE Vector Filter - Trim","nm":"Trim Paths 2","ix":3,"e":{"a":1,"k":[{"o":{"x":0.3,"y":0},"i":{"x":0.19,"y":1},"s":[100],"t":0},{"o":{"x":0.3,"y":0},"i":{"x":0.19,"y":1},"s":[49],"t":60},{"o":{"x":0.3,"y":0},"i":{"x":0.19,"y":1},"s":[49],"t":90},{"o":{"x":0.167,"y":0.167},"i":{"x":0.833,"y":0.833},"s":[100],"t":150}],"ix":2},"o":{"a":0,"k":0,"ix":3},"s":{"a":1,"k":[{"o":{"x":0.3,"y":0},"i":{"x":0.19,"y":1},"s":[65.1],"t":0},{"o":{"x":0.3,"y":0},"i":{"x":0.19,"y":1},"s":[3],"t":60},{"o":{"x":0.3,"y":0},"i":{"x":0.19,"y":1},"s":[3],"t":90},{"o":{"x":0.167,"y":0.167},"i":{"x":0.833,"y":0.833},"s":[65.1],"t":150}],"ix":1},"m":1}],"ind":2,"parent":1}],"ddd":0,"h":512,"w":512,"meta":{"a":"","k":"","d":"","g":"@lottiefiles/toolkit-js 0.22.1","tc":"#000000"},"v":"5.2.1","fr":60,"op":180,"ip":0,"assets":[]}