{"v":"5.9.0","fr":60,"ip":0,"op":57,"w":2000,"h":2000,"nm":"Papre plane - dance 3","ddd":0,"assets":[],"layers":[{"ddd":0,"ind":1,"ty":4,"nm":"Layer 5 Outlines","sr":1,"ks":{"o":{"a":0,"k":100,"ix":11},"r":{"a":0,"k":0,"ix":10},"p":{"a":0,"k":[1116.064,1217.681,0],"ix":2,"l":2},"a":{"a":0,"k":[248.421,397.016,0],"ix":1,"l":2},"s":{"a":0,"k":[100,100,100],"ix":6,"l":2}},"ao":0,"shapes":[{"ty":"gr","it":[{"ind":0,"ty":"sh","ix":1,"ks":{"a":1,"k":[{"i":{"x":0.833,"y":0.833},"o":{"x":0.333,"y":0},"t":0,"s":[{"i":[[-219.575,584.17],[-121.532,-100.085],[121.532,-397.277]],"o":[[0,0],[0,0],[0,0]],"v":[[-28.595,-396.766],[248.171,-267.064],[-194.043,396.766]],"c":true}]},{"i":{"x":0.667,"y":1},"o":{"x":0.167,"y":0.167},"t":13,"s":[{"i":[[-71.202,486.156],[-94.973,-233.283],[280.8,-358.117]],"o":[[0,0],[0,0],[0,0]],"v":[[-34.717,-409.082],[288.909,-260.398],[-197.434,393.899]],"c":true}]},{"i":{"x":0.833,"y":0.833},"o":{"x":0.333,"y":0},"t":27,"s":[{"i":[[45.467,409.085],[0,0],[406.037,-327.325]],"o":[[0,0],[0,0],[0,0]],"v":[[-39.531,-418.766],[331.66,-691.019],[-200.101,391.644]],"c":true}]},{"i":{"x":0.667,"y":1},"o":{"x":0.167,"y":0.167},"t":44,"s":[{"i":[[-71.202,486.156],[-94.973,-233.283],[280.8,-358.117]],"o":[[0,0],[0,0],[0,0]],"v":[[-34.717,-409.082],[288.909,-260.398],[-197.434,393.899]],"c":true}]},{"t":57,"s":[{"i":[[-219.575,584.17],[-121.532,-100.085],[121.532,-397.277]],"o":[[0,0],[0,0],[0,0]],"v":[[-28.595,-396.766],[248.171,-267.064],[-194.043,396.766]],"c":true}]}],"ix":2},"nm":"Path 1","mn":"ADBE Vector Shape - Group","hd":false},{"ty":"fl","c":{"a":0,"k":[0.6902,0.9098,0.9922,1],"ix":4},"o":{"a":0,"k":100,"ix":5},"r":1,"bm":0,"nm":"Fill 1","mn":"ADBE Vector Graphic - Fill","hd":false},{"ty":"tr","p":{"a":0,"k":[248.421,397.016],"ix":2},"a":{"a":0,"k":[0,0],"ix":1},"s":{"a":0,"k":[100,100],"ix":3},"r":{"a":0,"k":0,"ix":6},"o":{"a":0,"k":100,"ix":7},"sk":{"a":0,"k":0,"ix":4},"sa":{"a":0,"k":0,"ix":5},"nm":"Transform"}],"nm":"Group 1","np":2,"cix":2,"bm":0,"ix":1,"mn":"ADBE Vector Group","hd":false}],"ip":0,"op":57,"st":0,"bm":0},{"ddd":0,"ind":3,"ty":4,"nm":"Layer 4 Outlines","sr":1,"ks":{"o":{"a":0,"k":100,"ix":11},"r":{"a":0,"k":0,"ix":10},"p":{"a":0,"k":[759.55,998.952,0],"ix":2,"l":2},"a":{"a":0,"k":[224.165,616.455,0],"ix":1,"l":2},"s":{"a":0,"k":[100,100,100],"ix":6,"l":2}},"ao":0,"shapes":[{"ty":"gr","it":[{"ind":0,"ty":"sh","ix":1,"ks":{"a":1,"k":[{"i":{"x":0.833,"y":0.833},"o":{"x":0.333,"y":0},"t":0,"s":[{"i":[[-214.64,595.874],[0,0],[-87.635,-596.737]],"o":[[0,0],[0,0],[0,0]],"v":[[-9.275,-616.205],[223.915,-290.458],[162.155,616.205]],"c":true}]},{"i":{"x":0.667,"y":1},"o":{"x":0.167,"y":0.167},"t":13,"s":[{"i":[[240.338,497.363],[0,0],[104.295,-623.157]],"o":[[0,0],[0,0],[0,0]],"v":[[-125.889,-142.314],[243.749,-243.234],[162.154,616.205]],"c":true}]},{"i":{"x":0.833,"y":0.833},"o":{"x":0.333,"y":0},"t":27,"s":[{"i":[[297.725,567.253],[0,0],[166.295,-599.157]],"o":[[0,0],[0,0],[0,0]],"v":[[-167.275,-468.205],[265.915,-190.458],[162.154,616.205]],"c":true}]},{"i":{"x":0.667,"y":1},"o":{"x":0.167,"y":0.167},"t":44,"s":[{"i":[[240.338,497.363],[0,0],[104.295,-623.156]],"o":[[0,0],[0,0],[0,0]],"v":[[-125.889,-142.314],[243.749,-243.234],[162.154,616.205]],"c":true}]},{"t":57,"s":[{"i":[[-214.64,595.874],[0,0],[-87.635,-596.737]],"o":[[0,0],[0,0],[0,0]],"v":[[-9.275,-616.205],[223.915,-290.458],[162.155,616.205]],"c":true}]}],"ix":2},"nm":"Path 1","mn":"ADBE Vector Shape - Group","hd":false},{"ty":"fl","c":{"a":0,"k":[0.6902,0.9098,0.9922,1],"ix":4},"o":{"a":0,"k":100,"ix":5},"r":1,"bm":0,"nm":"Fill 1","mn":"ADBE Vector Graphic - Fill","hd":false},{"ty":"tr","p":{"a":0,"k":[224.165,616.455],"ix":2},"a":{"a":0,"k":[0,0],"ix":1},"s":{"a":0,"k":[100,100],"ix":3},"r":{"a":0,"k":0,"ix":6},"o":{"a":0,"k":100,"ix":7},"sk":{"a":0,"k":0,"ix":4},"sa":{"a":0,"k":0,"ix":5},"nm":"Transform"}],"nm":"Group 1","np":2,"cix":2,"bm":0,"ix":1,"mn":"ADBE Vector Group","hd":false}],"ip":0,"op":57,"st":0,"bm":0},{"ddd":0,"ind":5,"ty":4,"nm":"Layer 1 Outlines","sr":1,"ks":{"o":{"a":0,"k":100,"ix":11},"r":{"a":0,"k":0,"ix":10},"p":{"a":0,"k":[862.433,1217.919,0],"ix":2,"l":2},"a":{"a":0,"k":[226.479,397.418,0],"ix":1,"l":2},"s":{"a":0,"k":[100,100,100],"ix":6,"l":2}},"ao":0,"shapes":[{"ty":"gr","it":[{"ind":0,"ty":"sh","ix":1,"ks":{"a":1,"k":[{"i":{"x":0.833,"y":0.833},"o":{"x":0.333,"y":0},"t":0,"s":[{"i":[[31.801,307.921],[-204.083,107.069],[-41.206,-245.488]],"o":[[0,0],[0,0],[0,0]],"v":[[-226.228,-256.572],[226.228,-397.168],[58.212,397.168]],"c":true}]},{"i":{"x":0.667,"y":1},"o":{"x":0.167,"y":0.167},"t":13,"s":[{"i":[[92.244,313.934],[-134.465,71.264],[81.84,-291.577]],"o":[[0,0],[0,0],[0,0]],"v":[[-55.338,-222.016],[221.506,-405.668],[58.212,397.168]],"c":true}]},{"i":{"x":0.833,"y":0.833},"o":{"x":0.333,"y":0},"t":27,"s":[{"i":[[159.795,320.653],[-56.662,31.249],[219.355,-343.087]],"o":[[0,0],[0,0],[0,0]],"v":[[-114.228,-204.572],[216.228,-415.168],[58.212,397.168]],"c":true}]},{"i":{"x":0.667,"y":1},"o":{"x":0.167,"y":0.167},"t":44,"s":[{"i":[[92.244,313.934],[-134.465,71.264],[81.84,-291.577]],"o":[[0,0],[0,0],[0,0]],"v":[[-55.338,-222.016],[221.506,-405.668],[58.212,397.168]],"c":true}]},{"t":57,"s":[{"i":[[31.801,307.921],[-204.083,107.069],[-41.206,-245.488]],"o":[[0,0],[0,0],[0,0]],"v":[[-226.228,-256.572],[226.228,-397.168],[58.212,397.168]],"c":true}]}],"ix":2},"nm":"Path 1","mn":"ADBE Vector Shape - Group","hd":false},{"ty":"fl","c":{"a":0,"k":[0.0314,0.3412,0.6275,1],"ix":4},"o":{"a":0,"k":100,"ix":5},"r":1,"bm":0,"nm":"Fill 1","mn":"ADBE Vector Graphic - Fill","hd":false},{"ty":"tr","p":{"a":0,"k":[226.478,397.418],"ix":2},"a":{"a":0,"k":[0,0],"ix":1},"s":{"a":0,"k":[100,100],"ix":3},"r":{"a":0,"k":0,"ix":6},"o":{"a":0,"k":100,"ix":7},"sk":{"a":0,"k":0,"ix":4},"sa":{"a":0,"k":0,"ix":5},"nm":"Transform"}],"nm":"Group 1","np":2,"cix":2,"bm":0,"ix":1,"mn":"ADBE Vector Group","hd":false}],"ip":0,"op":57,"st":0,"bm":0}],"markers":[]}