{"v":"4.8.0","meta":{"g":"LottieFiles AE 3.1.1","a":"","k":"","d":"","tc":""},"fr":60,"ip":0,"op":490,"w":689,"h":677,"nm":"Section-2","ddd":0,"assets":[],"layers":[{"ddd":0,"ind":1,"ty":4,"nm":"rombo-centrale-part3","sr":1,"ks":{"o":{"a":0,"k":100,"ix":11},"r":{"a":1,"k":[{"i":{"x":[0],"y":[1]},"o":{"x":[0.167],"y":[0.053]},"t":155,"s":[-90]},{"t":177,"s":[44]}],"ix":10},"p":{"a":1,"k":[{"i":{"x":0,"y":1},"o":{"x":0.167,"y":0.167},"t":155,"s":[152.264,299.597,0],"to":[27.123,0.5,0],"ti":[-27.123,-0.5,0]},{"t":177,"s":[315,302.597,0]}],"ix":2},"a":{"a":0,"k":[0,0,0],"ix":1},"s":{"a":0,"k":[100,100,100],"ix":6}},"ao":0,"shapes":[{"ty":"gr","it":[{"ty":"rc","d":1,"s":{"a":0,"k":[50,50],"ix":2},"p":{"a":0,"k":[0,0],"ix":3},"r":{"a":0,"k":0,"ix":4},"nm":"Rectangle Path 1","mn":"ADBE Vector Shape - Rect","hd":false},{"ty":"fl","c":{"a":0,"k":[0.298039215686,0.396078431373,0.682352941176,1],"ix":4},"o":{"a":0,"k":100,"ix":5},"r":1,"bm":0,"nm":"Fill 1","mn":"ADBE Vector Graphic - Fill","hd":false},{"ty":"tr","p":{"a":0,"k":[0,0],"ix":2},"a":{"a":0,"k":[0,0],"ix":1},"s":{"a":0,"k":[100,100],"ix":3},"r":{"a":0,"k":0,"ix":6},"o":{"a":0,"k":100,"ix":7},"sk":{"a":0,"k":0,"ix":4},"sa":{"a":0,"k":0,"ix":5},"nm":"Transform"}],"nm":"Rettangolo 191","np":2,"cix":2,"bm":0,"ix":1,"mn":"ADBE Vector Group","hd":false}],"ip":155,"op":3671,"st":71,"bm":0},{"ddd":0,"ind":2,"ty":4,"nm":"rombo-centrale-part2","sr":1,"ks":{"o":{"a":0,"k":100,"ix":11},"r":{"a":0,"k":0,"ix":10},"p":{"a":0,"k":[344.5,338.5,0],"ix":2},"a":{"a":0,"k":[0,0,0],"ix":1},"s":{"a":0,"k":[100,100,100],"ix":6}},"ao":0,"shapes":[{"ty":"gr","it":[{"ind":0,"ty":"sh","ix":1,"ks":{"a":0,"k":{"i":[[0,0],[0,0],[0,0],[0,0],[0,0],[0,0],[0,0],[0,0]],"o":[[0,0],[0,0],[0,0],[0,0],[0,0],[0,0],[0,0],[0,0]],"v":[[-12.25,-60.75],[-153,80.25],[84.5,89],[-180.5,-121.5],[68.75,-179],[-78,125.5],[-201,-37],[-29.5,-35.5]],"c":false},"ix":2},"nm":"Path 1","mn":"ADBE Vector Shape - Group","hd":false},{"ty":"st","c":{"a":0,"k":[0.298039215686,0.396078461292,0.682352941176,1],"ix":3},"o":{"a":0,"k":100,"ix":4},"w":{"a":0,"k":50,"ix":5},"lc":2,"lj":2,"bm":0,"nm":"Stroke 1","mn":"ADBE Vector Graphic - Stroke","hd":false},{"ty":"tr","p":{"a":0,"k":[0,0],"ix":2},"a":{"a":0,"k":[0,0],"ix":1},"s":{"a":0,"k":[100,100],"ix":3},"r":{"a":0,"k":0,"ix":6},"o":{"a":0,"k":100,"ix":7},"sk":{"a":0,"k":0,"ix":4},"sa":{"a":0,"k":0,"ix":5},"nm":"Transform"}],"nm":"Shape 1","np":3,"cix":2,"bm":0,"ix":1,"mn":"ADBE Vector Group","hd":false},{"ty":"tm","s":{"a":1,"k":[{"i":{"x":[0.833],"y":[0.833]},"o":{"x":[0.167],"y":[0.167]},"t":124,"s":[2.5]},{"i":{"x":[0.833],"y":[0.833]},"o":{"x":[0.167],"y":[0.167]},"t":134,"s":[22.3]},{"t":152,"s":[22.3]}],"ix":1},"e":{"a":1,"k":[{"i":{"x":[0.833],"y":[0.833]},"o":{"x":[0.167],"y":[0.167]},"t":129,"s":[0]},{"i":{"x":[0.833],"y":[0.833]},"o":{"x":[0.167],"y":[0.167]},"t":138,"s":[13]},{"i":{"x":[0.833],"y":[0.833]},"o":{"x":[0.167],"y":[0.167]},"t":151,"s":[13]},{"t":156,"s":[20]}],"ix":2},"o":{"a":1,"k":[{"i":{"x":[0.833],"y":[0.833]},"o":{"x":[0.167],"y":[0.167]},"t":124,"s":[0]},{"t":158,"s":[279]}],"ix":3},"m":1,"ix":2,"nm":"Trim Paths 1","mn":"ADBE Vector Filter - Trim","hd":false}],"ip":124,"op":155,"st":-41,"bm":0},{"ddd":0,"ind":3,"ty":4,"nm":"rombo-centrale-part1","sr":1,"ks":{"o":{"a":0,"k":100,"ix":11},"r":{"a":1,"k":[{"i":{"x":[0],"y":[1]},"o":{"x":[0],"y":[0]},"t":155,"s":[45]},{"t":165,"s":[241]}],"ix":10},"p":{"a":1,"k":[{"i":{"x":0,"y":1},"o":{"x":0,"y":0},"t":155,"s":[315,295.097,0],"to":[0,0,0],"ti":[0,0,0]},{"t":165,"s":[454,217.097,0]}],"ix":2},"a":{"a":0,"k":[0,0,0],"ix":1},"s":{"a":0,"k":[100,100,100],"ix":6}},"ao":0,"shapes":[{"ty":"gr","it":[{"ty":"rc","d":1,"s":{"a":1,"k":[{"i":{"x":[0,0],"y":[1,1]},"o":{"x":[0,0],"y":[0,0]},"t":104,"s":[0,0]},{"i":{"x":[0.833,0.833],"y":[0.833,0.833]},"o":{"x":[1,1],"y":[0,0]},"t":114,"s":[265.422,265.422]},{"t":124,"s":[50,50]}],"ix":2},"p":{"a":0,"k":[0,0],"ix":3},"r":{"a":0,"k":0,"ix":4},"nm":"Rectangle Path 1","mn":"ADBE Vector Shape - Rect","hd":false},{"ty":"fl","c":{"a":0,"k":[0.298039215686,0.396078431373,0.682352941176,1],"ix":4},"o":{"a":0,"k":100,"ix":5},"r":1,"bm":0,"nm":"Fill 1","mn":"ADBE Vector Graphic - Fill","hd":false},{"ty":"tr","p":{"a":0,"k":[0,0],"ix":2},"a":{"a":0,"k":[0,0],"ix":1},"s":{"a":0,"k":[100,100],"ix":3},"r":{"a":0,"k":0,"ix":6},"o":{"a":0,"k":100,"ix":7},"sk":{"a":0,"k":0,"ix":4},"sa":{"a":0,"k":0,"ix":5},"nm":"Transform"}],"nm":"Rettangolo 191","np":2,"cix":2,"bm":0,"ix":1,"mn":"ADBE Vector Group","hd":false}],"ip":104,"op":124,"st":104,"bm":0},{"ddd":0,"ind":4,"ty":4,"nm":"cerchio","sr":1,"ks":{"o":{"a":0,"k":100,"ix":11},"r":{"a":0,"k":0,"ix":10},"p":{"a":1,"k":[{"i":{"x":0,"y":1},"o":{"x":0,"y":0},"t":47,"s":[315,688.721,0],"to":[0,0,0],"ti":[0,0,0]},{"i":{"x":0.833,"y":0.833},"o":{"x":1,"y":0},"t":67,"s":[315,280.721,0],"to":[0,0,0],"ti":[0,0,0]},{"i":{"x":0,"y":1},"o":{"x":0,"y":0},"t":87,"s":[315,684.275,0],"to":[0,0,0],"ti":[0,0,0]},{"i":{"x":0.833,"y":0.833},"o":{"x":1,"y":0},"t":99,"s":[314.295,470.89,0],"to":[0,0,0],"ti":[0,0,0]},{"i":{"x":0.833,"y":0.833},"o":{"x":0.167,"y":0.167},"t":109,"s":[314.295,531.444,0],"to":[0,0,0],"ti":[0,0,0]},{"i":{"x":0.833,"y":0.833},"o":{"x":0.167,"y":0.167},"t":114,"s":[314.295,521.444,0],"to":[0,0,0],"ti":[0,0,0]},{"i":{"x":0.833,"y":0.833},"o":{"x":0.167,"y":0.167},"t":117,"s":[314.295,531.444,0],"to":[0,0,0],"ti":[0,0,0]},{"i":{"x":0.833,"y":0.833},"o":{"x":0.167,"y":0.167},"t":119,"s":[314.295,527.444,0],"to":[0,0,0],"ti":[0,0,0]},{"t":121,"s":[314.295,531.444,0]}],"ix":2},"a":{"a":0,"k":[-3.205,192.944,0],"ix":1},"s":{"a":0,"k":[100,100,100],"ix":6}},"ao":0,"shapes":[{"ty":"gr","it":[{"ty":"rc","d":1,"s":{"a":1,"k":[{"i":{"x":[0.833,0.833],"y":[0.833,0.833]},"o":{"x":[0.167,0.167],"y":[0.167,0.167]},"t":47,"s":[0,0]},{"i":{"x":[0.833,0.833],"y":[0.833,0.833]},"o":{"x":[0.167,0.167],"y":[0.167,0.167]},"t":48,"s":[71.107,182.107]},{"i":{"x":[0.833,0.833],"y":[0.833,0.833]},"o":{"x":[0.167,0.167],"y":[0.167,0.167]},"t":67,"s":[71.107,71.107]},{"i":{"x":[0.833,0.833],"y":[0.833,0.833]},"o":{"x":[0.167,0.167],"y":[0.167,0.167]},"t":84,"s":[71.107,122.107]},{"i":{"x":[0.833,0.833],"y":[0.833,0.833]},"o":{"x":[0.167,0.167],"y":[0.167,0.167]},"t":86,"s":[71.107,71.107]},{"i":{"x":[0,0],"y":[0.703,1.062]},"o":{"x":[0,0],"y":[0,0]},"t":87,"s":[353.107,86.107]},{"i":{"x":[0.833,0.833],"y":[0.833,0.833]},"o":{"x":[1,1],"y":[-0.153,0.291]},"t":99,"s":[266.107,458.107]},{"t":109,"s":[392.107,392.107]}],"ix":2},"p":{"a":0,"k":[0,0],"ix":3},"r":{"a":1,"k":[{"i":{"x":[0.833],"y":[0.833]},"o":{"x":[0.432],"y":[0]},"t":87,"s":[50]},{"i":{"x":[0.833],"y":[0.833]},"o":{"x":[0.167],"y":[0.167]},"t":99,"s":[281]},{"t":109,"s":[281]}],"ix":4},"nm":"Rectangle Path 1","mn":"ADBE Vector Shape - Rect","hd":false},{"ty":"fl","c":{"a":0,"k":[0.972549079446,0.768627510819,0.192156877705,1],"ix":4},"o":{"a":0,"k":100,"ix":5},"r":1,"bm":0,"nm":"Fill 1","mn":"ADBE Vector Graphic - Fill","hd":false},{"ty":"tr","p":{"a":0,"k":[-2.5,-39.07],"ix":2},"a":{"a":0,"k":[0,0],"ix":1},"s":{"a":0,"k":[100,100],"ix":3},"r":{"a":0,"k":0,"ix":6},"o":{"a":0,"k":100,"ix":7},"sk":{"a":0,"k":0,"ix":4},"sa":{"a":0,"k":0,"ix":5},"nm":"Transform"}],"nm":"Rectangle 1","np":3,"cix":2,"bm":0,"ix":1,"mn":"ADBE Vector Group","hd":false}],"ip":45,"op":574,"st":47,"bm":0},{"ddd":0,"ind":5,"ty":3,"nm":"Null 7","sr":1,"ks":{"o":{"a":0,"k":0,"ix":11},"r":{"a":1,"k":[{"i":{"x":[0.191],"y":[1]},"o":{"x":[0],"y":[0]},"t":395,"s":[0]},{"i":{"x":[0.195],"y":[1]},"o":{"x":[0.804],"y":[0]},"t":408,"s":[-40]},{"i":{"x":[1],"y":[1]},"o":{"x":[0.801],"y":[0]},"t":441,"s":[390]},{"i":{"x":[1],"y":[1]},"o":{"x":[0.33],"y":[0]},"t":461,"s":[350]},{"t":467,"s":[360]}],"ix":10},"p":{"a":0,"k":[314.676,303.988,0],"ix":2},"a":{"a":0,"k":[50,50,0],"ix":1},"s":{"a":0,"k":[100,100,100],"ix":6}},"ao":0,"ip":365,"op":490,"st":241,"bm":0},{"ddd":0,"ind":6,"ty":4,"nm":"linea-8","parent":5,"sr":1,"ks":{"o":{"a":0,"k":100,"ix":11},"r":{"a":0,"k":426,"ix":10},"p":{"a":0,"k":[50.324,48.228,0],"ix":2},"a":{"a":0,"k":[-57.993,288.604,0],"ix":1},"s":{"a":1,"k":[{"i":{"x":[1,1,0.21],"y":[1,1,1]},"o":{"x":[0.79,0.79,0.79],"y":[0,0,0]},"t":239,"s":[0,0,100]},{"i":{"x":[0.21,0.21,0.21],"y":[1,1,1]},"o":{"x":[0,0,0.79],"y":[0,0,0]},"t":253,"s":[110,110,100]},{"i":{"x":[0.21,0.21,0.21],"y":[1,1,1]},"o":{"x":[0.79,0.79,0.79],"y":[0,0,0]},"t":269,"s":[90,90,100]},{"t":282,"s":[100,100,100]}],"ix":6}},"ao":0,"shapes":[{"ty":"gr","it":[{"ind":0,"ty":"sh","ix":1,"ks":{"a":0,"k":{"i":[[0,0],[108.433,20.359],[0,0],[-27.813,-87.354]],"o":[[-29.41,-104.989],[0,0],[90.795,19.268],[0,0]],"v":[[220.026,206.161],[0,0],[0,32.51],[187.26,206.282]],"c":false},"ix":2},"nm":"Path 1","mn":"ADBE Vector Shape - Group","hd":false},{"ty":"fl","c":{"a":0,"k":[0.298039215686,0.396078461292,0.682352941176,1],"ix":4},"o":{"a":0,"k":100,"ix":5},"r":1,"bm":0,"nm":"Fill 1","mn":"ADBE Vector Graphic - Fill","hd":false},{"ty":"tr","p":{"a":0,"k":[0,0],"ix":2},"a":{"a":0,"k":[0,0],"ix":1},"s":{"a":0,"k":[100,100],"ix":3},"r":{"a":0,"k":0,"ix":6},"o":{"a":0,"k":100,"ix":7},"sk":{"a":0,"k":0,"ix":4},"sa":{"a":0,"k":0,"ix":5},"nm":"Transform"}],"nm":"Tracciato 5025","np":2,"cix":2,"bm":0,"ix":1,"mn":"ADBE Vector Group","hd":false}],"ip":365,"op":490,"st":115,"bm":0},{"ddd":0,"ind":7,"ty":4,"nm":"linea-7","parent":5,"sr":1,"ks":{"o":{"a":0,"k":100,"ix":11},"r":{"a":0,"k":62,"ix":10},"p":{"a":0,"k":[49.676,51.772,0],"ix":2},"a":{"a":0,"k":[286.19,-65.652,0],"ix":1},"s":{"a":1,"k":[{"i":{"x":[1,1,0.21],"y":[1,1,1]},"o":{"x":[0.79,0.79,0.79],"y":[0,0,0]},"t":239,"s":[0,0,100]},{"i":{"x":[0.21,0.21,0.21],"y":[1,1,1]},"o":{"x":[0,0,0.79],"y":[0,0,0]},"t":253,"s":[105,105,100]},{"i":{"x":[0.21,0.21,0.21],"y":[1,1,1]},"o":{"x":[0.79,0.79,0.79],"y":[0,0,0]},"t":269,"s":[90,90,100]},{"t":282,"s":[100,100,100]}],"ix":6}},"ao":0,"shapes":[{"ty":"gr","it":[{"ind":0,"ty":"sh","ix":1,"ks":{"a":0,"k":{"i":[[0,0],[27.661,112.322],[0,0],[-138.415,0],[-23.451,6.187],[0,0],[25.51,0]],"o":[[-120.739,0],[0,0],[28.285,130.065],[25.376,0],[0,0],[-23.275,6.954],[0,0]],"v":[[282.694,195.901],[32.769,0],[0,0],[282.694,227.781],[356.12,218.266],[356.12,185.185],[282.694,195.901]],"c":false},"ix":2},"nm":"Path 1","mn":"ADBE Vector Shape - Group","hd":false},{"ty":"fl","c":{"a":0,"k":[0.972549079446,0.768627510819,0.192156877705,1],"ix":4},"o":{"a":0,"k":100,"ix":5},"r":1,"bm":0,"nm":"Fill 1","mn":"ADBE Vector Graphic - Fill","hd":false},{"ty":"tr","p":{"a":0,"k":[0,0],"ix":2},"a":{"a":0,"k":[0,0],"ix":1},"s":{"a":0,"k":[100,100],"ix":3},"r":{"a":0,"k":0,"ix":6},"o":{"a":0,"k":100,"ix":7},"sk":{"a":0,"k":0,"ix":4},"sa":{"a":0,"k":0,"ix":5},"nm":"Transform"}],"nm":"Tracciato 5026","np":2,"cix":2,"bm":0,"ix":1,"mn":"ADBE Vector Group","hd":false}],"ip":365,"op":490,"st":115,"bm":0},{"ddd":0,"ind":8,"ty":3,"nm":"Null 7","sr":1,"ks":{"o":{"a":0,"k":0,"ix":11},"r":{"a":1,"k":[{"i":{"x":[0.191],"y":[1]},"o":{"x":[0],"y":[0]},"t":270,"s":[0]},{"i":{"x":[0.195],"y":[1]},"o":{"x":[0.804],"y":[0]},"t":283,"s":[-40]},{"i":{"x":[1],"y":[1]},"o":{"x":[0.801],"y":[0]},"t":316,"s":[390]},{"i":{"x":[1],"y":[1]},"o":{"x":[0.33],"y":[0]},"t":336,"s":[350]},{"t":342,"s":[360]}],"ix":10},"p":{"a":0,"k":[314.676,303.988,0],"ix":2},"a":{"a":0,"k":[50,50,0],"ix":1},"s":{"a":0,"k":[100,100,100],"ix":6}},"ao":0,"ip":240,"op":365,"st":116,"bm":0},{"ddd":0,"ind":9,"ty":4,"nm":"linea-6","parent":8,"sr":1,"ks":{"o":{"a":0,"k":100,"ix":11},"r":{"a":0,"k":426,"ix":10},"p":{"a":0,"k":[50.324,48.228,0],"ix":2},"a":{"a":0,"k":[-57.993,288.604,0],"ix":1},"s":{"a":1,"k":[{"i":{"x":[1,1,0.21],"y":[1,1,1]},"o":{"x":[0.79,0.79,0.79],"y":[0,0,0]},"t":114,"s":[0,0,100]},{"i":{"x":[0.21,0.21,0.21],"y":[1,1,1]},"o":{"x":[0,0,0.79],"y":[0,0,0]},"t":128,"s":[110,110,100]},{"i":{"x":[0.21,0.21,0.21],"y":[1,1,1]},"o":{"x":[0.79,0.79,0.79],"y":[0,0,0]},"t":144,"s":[90,90,100]},{"t":157,"s":[100,100,100]}],"ix":6}},"ao":0,"shapes":[{"ty":"gr","it":[{"ind":0,"ty":"sh","ix":1,"ks":{"a":0,"k":{"i":[[0,0],[108.433,20.359],[0,0],[-27.813,-87.354]],"o":[[-29.41,-104.989],[0,0],[90.795,19.268],[0,0]],"v":[[220.026,206.161],[0,0],[0,32.51],[187.26,206.282]],"c":false},"ix":2},"nm":"Path 1","mn":"ADBE Vector Shape - Group","hd":false},{"ty":"fl","c":{"a":0,"k":[0.298039215686,0.396078461292,0.682352941176,1],"ix":4},"o":{"a":0,"k":100,"ix":5},"r":1,"bm":0,"nm":"Fill 1","mn":"ADBE Vector Graphic - Fill","hd":false},{"ty":"tr","p":{"a":0,"k":[0,0],"ix":2},"a":{"a":0,"k":[0,0],"ix":1},"s":{"a":0,"k":[100,100],"ix":3},"r":{"a":0,"k":0,"ix":6},"o":{"a":0,"k":100,"ix":7},"sk":{"a":0,"k":0,"ix":4},"sa":{"a":0,"k":0,"ix":5},"nm":"Transform"}],"nm":"Tracciato 5025","np":2,"cix":2,"bm":0,"ix":1,"mn":"ADBE Vector Group","hd":false}],"ip":240,"op":365,"st":-10,"bm":0},{"ddd":0,"ind":10,"ty":4,"nm":"linea-5","parent":8,"sr":1,"ks":{"o":{"a":0,"k":100,"ix":11},"r":{"a":0,"k":62,"ix":10},"p":{"a":0,"k":[49.676,51.772,0],"ix":2},"a":{"a":0,"k":[286.19,-65.652,0],"ix":1},"s":{"a":1,"k":[{"i":{"x":[1,1,0.21],"y":[1,1,1]},"o":{"x":[0.79,0.79,0.79],"y":[0,0,0]},"t":114,"s":[0,0,100]},{"i":{"x":[0.21,0.21,0.21],"y":[1,1,1]},"o":{"x":[0,0,0.79],"y":[0,0,0]},"t":128,"s":[105,105,100]},{"i":{"x":[0.21,0.21,0.21],"y":[1,1,1]},"o":{"x":[0.79,0.79,0.79],"y":[0,0,0]},"t":144,"s":[90,90,100]},{"t":157,"s":[100,100,100]}],"ix":6}},"ao":0,"shapes":[{"ty":"gr","it":[{"ind":0,"ty":"sh","ix":1,"ks":{"a":0,"k":{"i":[[0,0],[27.661,112.322],[0,0],[-138.415,0],[-23.451,6.187],[0,0],[25.51,0]],"o":[[-120.739,0],[0,0],[28.285,130.065],[25.376,0],[0,0],[-23.275,6.954],[0,0]],"v":[[282.694,195.901],[32.769,0],[0,0],[282.694,227.781],[356.12,218.266],[356.12,185.185],[282.694,195.901]],"c":false},"ix":2},"nm":"Path 1","mn":"ADBE Vector Shape - Group","hd":false},{"ty":"fl","c":{"a":0,"k":[0.972549079446,0.768627510819,0.192156877705,1],"ix":4},"o":{"a":0,"k":100,"ix":5},"r":1,"bm":0,"nm":"Fill 1","mn":"ADBE Vector Graphic - Fill","hd":false},{"ty":"tr","p":{"a":0,"k":[0,0],"ix":2},"a":{"a":0,"k":[0,0],"ix":1},"s":{"a":0,"k":[100,100],"ix":3},"r":{"a":0,"k":0,"ix":6},"o":{"a":0,"k":100,"ix":7},"sk":{"a":0,"k":0,"ix":4},"sa":{"a":0,"k":0,"ix":5},"nm":"Transform"}],"nm":"Tracciato 5026","np":2,"cix":2,"bm":0,"ix":1,"mn":"ADBE Vector Group","hd":false}],"ip":240,"op":365,"st":-10,"bm":0},{"ddd":0,"ind":11,"ty":3,"nm":"Null 7","sr":1,"ks":{"o":{"a":0,"k":0,"ix":11},"r":{"a":1,"k":[{"i":{"x":[0.191],"y":[1]},"o":{"x":[0],"y":[0]},"t":144,"s":[0]},{"i":{"x":[0.195],"y":[1]},"o":{"x":[0.804],"y":[0]},"t":157,"s":[-40]},{"i":{"x":[1],"y":[1]},"o":{"x":[0.801],"y":[0]},"t":190,"s":[390]},{"i":{"x":[1],"y":[1]},"o":{"x":[0.33],"y":[0]},"t":210,"s":[350]},{"t":216,"s":[360]}],"ix":10},"p":{"a":0,"k":[314.676,303.988,0],"ix":2},"a":{"a":0,"k":[50,50,0],"ix":1},"s":{"a":0,"k":[100,100,100],"ix":6}},"ao":0,"ip":114,"op":240,"st":-10,"bm":0},{"ddd":0,"ind":12,"ty":4,"nm":"linea-4","parent":11,"sr":1,"ks":{"o":{"a":0,"k":100,"ix":11},"r":{"a":0,"k":426,"ix":10},"p":{"a":0,"k":[50.324,48.228,0],"ix":2},"a":{"a":0,"k":[-57.993,288.604,0],"ix":1},"s":{"a":1,"k":[{"i":{"x":[1,1,0.21],"y":[1,1,1]},"o":{"x":[0.79,0.79,0.79],"y":[0,0,0]},"t":114,"s":[0,0,100]},{"i":{"x":[0.21,0.21,0.21],"y":[1,1,1]},"o":{"x":[0,0,0.79],"y":[0,0,0]},"t":128,"s":[110,110,100]},{"i":{"x":[0.21,0.21,0.21],"y":[1,1,1]},"o":{"x":[0.79,0.79,0.79],"y":[0,0,0]},"t":144,"s":[90,90,100]},{"t":157,"s":[100,100,100]}],"ix":6}},"ao":0,"shapes":[{"ty":"gr","it":[{"ind":0,"ty":"sh","ix":1,"ks":{"a":0,"k":{"i":[[0,0],[108.433,20.359],[0,0],[-27.813,-87.354]],"o":[[-29.41,-104.989],[0,0],[90.795,19.268],[0,0]],"v":[[220.026,206.161],[0,0],[0,32.51],[187.26,206.282]],"c":false},"ix":2},"nm":"Path 1","mn":"ADBE Vector Shape - Group","hd":false},{"ty":"fl","c":{"a":0,"k":[0.298039215686,0.396078461292,0.682352941176,1],"ix":4},"o":{"a":0,"k":100,"ix":5},"r":1,"bm":0,"nm":"Fill 1","mn":"ADBE Vector Graphic - Fill","hd":false},{"ty":"tr","p":{"a":0,"k":[0,0],"ix":2},"a":{"a":0,"k":[0,0],"ix":1},"s":{"a":0,"k":[100,100],"ix":3},"r":{"a":0,"k":0,"ix":6},"o":{"a":0,"k":100,"ix":7},"sk":{"a":0,"k":0,"ix":4},"sa":{"a":0,"k":0,"ix":5},"nm":"Transform"}],"nm":"Tracciato 5025","np":2,"cix":2,"bm":0,"ix":1,"mn":"ADBE Vector Group","hd":false}],"ip":114,"op":240,"st":-10,"bm":0},{"ddd":0,"ind":13,"ty":4,"nm":"linea-3","parent":11,"sr":1,"ks":{"o":{"a":0,"k":100,"ix":11},"r":{"a":0,"k":62,"ix":10},"p":{"a":0,"k":[49.676,51.772,0],"ix":2},"a":{"a":0,"k":[286.19,-65.652,0],"ix":1},"s":{"a":1,"k":[{"i":{"x":[1,1,0.21],"y":[1,1,1]},"o":{"x":[0.79,0.79,0.79],"y":[0,0,0]},"t":114,"s":[0,0,100]},{"i":{"x":[0.21,0.21,0.21],"y":[1,1,1]},"o":{"x":[0,0,0.79],"y":[0,0,0]},"t":128,"s":[105,105,100]},{"i":{"x":[0.21,0.21,0.21],"y":[1,1,1]},"o":{"x":[0.79,0.79,0.79],"y":[0,0,0]},"t":144,"s":[90,90,100]},{"t":157,"s":[100,100,100]}],"ix":6}},"ao":0,"shapes":[{"ty":"gr","it":[{"ind":0,"ty":"sh","ix":1,"ks":{"a":0,"k":{"i":[[0,0],[27.661,112.322],[0,0],[-138.415,0],[-23.451,6.187],[0,0],[25.51,0]],"o":[[-120.739,0],[0,0],[28.285,130.065],[25.376,0],[0,0],[-23.275,6.954],[0,0]],"v":[[282.694,195.901],[32.769,0],[0,0],[282.694,227.781],[356.12,218.266],[356.12,185.185],[282.694,195.901]],"c":false},"ix":2},"nm":"Path 1","mn":"ADBE Vector Shape - Group","hd":false},{"ty":"fl","c":{"a":0,"k":[0.972549079446,0.768627510819,0.192156877705,1],"ix":4},"o":{"a":0,"k":100,"ix":5},"r":1,"bm":0,"nm":"Fill 1","mn":"ADBE Vector Graphic - Fill","hd":false},{"ty":"tr","p":{"a":0,"k":[0,0],"ix":2},"a":{"a":0,"k":[0,0],"ix":1},"s":{"a":0,"k":[100,100],"ix":3},"r":{"a":0,"k":0,"ix":6},"o":{"a":0,"k":100,"ix":7},"sk":{"a":0,"k":0,"ix":4},"sa":{"a":0,"k":0,"ix":5},"nm":"Transform"}],"nm":"Tracciato 5026","np":2,"cix":2,"bm":0,"ix":1,"mn":"ADBE Vector Group","hd":false}],"ip":114,"op":240,"st":-10,"bm":0},{"ddd":0,"ind":14,"ty":4,"nm":"rombo-giallo-part6","parent":15,"sr":2,"ks":{"o":{"a":0,"k":100,"ix":11},"r":{"a":1,"k":[{"i":{"x":[0.28],"y":[1]},"o":{"x":[0.72],"y":[0]},"t":84,"s":[-23.195]},{"i":{"x":[0.28],"y":[1]},"o":{"x":[0.72],"y":[0]},"t":124,"s":[16.805]},{"i":{"x":[0.28],"y":[1]},"o":{"x":[0.72],"y":[0]},"t":164,"s":[-23.195]},{"i":{"x":[0.28],"y":[1]},"o":{"x":[0.72],"y":[0]},"t":204,"s":[16.805]},{"i":{"x":[0.28],"y":[1]},"o":{"x":[0.72],"y":[0]},"t":244,"s":[-23.195]},{"i":{"x":[0.28],"y":[1]},"o":{"x":[0.72],"y":[0]},"t":284,"s":[16.805]},{"i":{"x":[0.28],"y":[1]},"o":{"x":[0.72],"y":[0]},"t":324,"s":[-23.195]},{"i":{"x":[0.28],"y":[1]},"o":{"x":[0.72],"y":[0]},"t":364,"s":[16.805]},{"i":{"x":[0.28],"y":[1]},"o":{"x":[0.72],"y":[0]},"t":404,"s":[-23.195]},{"i":{"x":[0.28],"y":[1]},"o":{"x":[0.72],"y":[0]},"t":444,"s":[16.805]},{"i":{"x":[0.28],"y":[1]},"o":{"x":[0.72],"y":[0]},"t":484,"s":[-23.195]},{"i":{"x":[0.28],"y":[1]},"o":{"x":[0.72],"y":[0]},"t":524,"s":[16.805]},{"i":{"x":[0.28],"y":[1]},"o":{"x":[0.72],"y":[0]},"t":564,"s":[-23.195]},{"i":{"x":[0.28],"y":[1]},"o":{"x":[0.72],"y":[0]},"t":604,"s":[16.805]},{"i":{"x":[0.28],"y":[1]},"o":{"x":[0.72],"y":[0]},"t":644,"s":[-23.195]},{"i":{"x":[0.28],"y":[1]},"o":{"x":[0.72],"y":[0]},"t":684,"s":[16.805]},{"i":{"x":[0.28],"y":[1]},"o":{"x":[0.72],"y":[0]},"t":724,"s":[-23.195]},{"i":{"x":[0.28],"y":[1]},"o":{"x":[0.72],"y":[0]},"t":764,"s":[16.805]},{"i":{"x":[0.28],"y":[1]},"o":{"x":[0.72],"y":[0]},"t":804,"s":[-23.195]},{"i":{"x":[0.28],"y":[1]},"o":{"x":[0.72],"y":[0]},"t":844,"s":[16.805]},{"i":{"x":[0.28],"y":[1]},"o":{"x":[0.72],"y":[0]},"t":884,"s":[-23.195]},{"i":{"x":[0.28],"y":[1]},"o":{"x":[0.72],"y":[0]},"t":924,"s":[16.805]},{"i":{"x":[0.28],"y":[1]},"o":{"x":[0.72],"y":[0]},"t":964,"s":[-23.195]},{"i":{"x":[0.28],"y":[1]},"o":{"x":[0.72],"y":[0]},"t":1004,"s":[16.805]},{"i":{"x":[0.28],"y":[1]},"o":{"x":[0.72],"y":[0]},"t":1044,"s":[-23.195]},{"i":{"x":[0.28],"y":[1]},"o":{"x":[0.72],"y":[0]},"t":1084,"s":[16.805]},{"i":{"x":[0.28],"y":[1]},"o":{"x":[0.72],"y":[0]},"t":1124,"s":[-23.195]},{"i":{"x":[0.28],"y":[1]},"o":{"x":[0.72],"y":[0]},"t":1164,"s":[16.805]},{"i":{"x":[0.28],"y":[1]},"o":{"x":[0.72],"y":[0]},"t":1204,"s":[-23.195]},{"i":{"x":[0.28],"y":[1]},"o":{"x":[0.72],"y":[0]},"t":1244,"s":[16.805]},{"i":{"x":[0.28],"y":[1]},"o":{"x":[0.72],"y":[0]},"t":1284,"s":[-23.195]},{"t":1324,"s":[16.805]}],"ix":10},"p":{"a":0,"k":[-17.298,-15.946,0],"ix":2},"a":{"a":0,"k":[18.15,19.61,0],"ix":1},"s":{"a":0,"k":[100,100,100],"ix":6}},"ao":0,"shapes":[{"ty":"gr","it":[{"ty":"rc","d":1,"s":{"a":0,"k":[36.3,36.338],"ix":2},"p":{"a":0,"k":[0,0],"ix":3},"r":{"a":0,"k":0,"ix":4},"nm":"Rectangle Path 1","mn":"ADBE Vector Shape - Rect","hd":false},{"ty":"fl","c":{"a":0,"k":[0.298039215686,0.396078461292,0.682352941176,1],"ix":4},"o":{"a":0,"k":100,"ix":5},"r":1,"bm":0,"nm":"Fill 1","mn":"ADBE Vector Graphic - Fill","hd":false},{"ty":"tr","p":{"a":0,"k":[0,1.441],"ix":2},"a":{"a":0,"k":[0,0],"ix":1},"s":{"a":0,"k":[100,100],"ix":3},"r":{"a":0,"k":0,"ix":6},"o":{"a":0,"k":100,"ix":7},"sk":{"a":0,"k":0,"ix":4},"sa":{"a":0,"k":0,"ix":5},"nm":"Transform"}],"nm":"Rettangolo 188","np":2,"cix":2,"bm":0,"ix":1,"mn":"ADBE Vector Group","hd":false}],"ip":140,"op":7038,"st":-162,"bm":0},{"ddd":0,"ind":15,"ty":4,"nm":"rombo-giallo-part5","sr":2,"ks":{"o":{"a":0,"k":100,"ix":11},"r":{"a":1,"k":[{"i":{"x":[0.28],"y":[1]},"o":{"x":[0.72],"y":[0]},"t":84,"s":[55]},{"i":{"x":[0.28],"y":[1]},"o":{"x":[0.72],"y":[0]},"t":124,"s":[40]},{"i":{"x":[0.28],"y":[1]},"o":{"x":[0.72],"y":[0]},"t":164,"s":[55]},{"i":{"x":[0.28],"y":[1]},"o":{"x":[0.72],"y":[0]},"t":204,"s":[40]},{"i":{"x":[0.28],"y":[1]},"o":{"x":[0.72],"y":[0]},"t":244,"s":[55]},{"i":{"x":[0.28],"y":[1]},"o":{"x":[0.72],"y":[0]},"t":284,"s":[40]},{"i":{"x":[0.28],"y":[1]},"o":{"x":[0.72],"y":[0]},"t":324,"s":[55]},{"i":{"x":[0.28],"y":[1]},"o":{"x":[0.72],"y":[0]},"t":364,"s":[40]},{"i":{"x":[0.28],"y":[1]},"o":{"x":[0.72],"y":[0]},"t":404,"s":[55]},{"i":{"x":[0.28],"y":[1]},"o":{"x":[0.72],"y":[0]},"t":444,"s":[40]},{"i":{"x":[0.28],"y":[1]},"o":{"x":[0.72],"y":[0]},"t":484,"s":[55]},{"i":{"x":[0.28],"y":[1]},"o":{"x":[0.72],"y":[0]},"t":524,"s":[40]},{"i":{"x":[0.28],"y":[1]},"o":{"x":[0.72],"y":[0]},"t":564,"s":[55]},{"i":{"x":[0.28],"y":[1]},"o":{"x":[0.72],"y":[0]},"t":604,"s":[40]},{"i":{"x":[0.28],"y":[1]},"o":{"x":[0.72],"y":[0]},"t":644,"s":[55]},{"i":{"x":[0.28],"y":[1]},"o":{"x":[0.72],"y":[0]},"t":684,"s":[40]},{"i":{"x":[0.28],"y":[1]},"o":{"x":[0.72],"y":[0]},"t":724,"s":[55]},{"i":{"x":[0.28],"y":[1]},"o":{"x":[0.72],"y":[0]},"t":764,"s":[40]},{"i":{"x":[0.28],"y":[1]},"o":{"x":[0.72],"y":[0]},"t":804,"s":[55]},{"i":{"x":[0.28],"y":[1]},"o":{"x":[0.72],"y":[0]},"t":844,"s":[40]},{"i":{"x":[0.28],"y":[1]},"o":{"x":[0.72],"y":[0]},"t":884,"s":[55]},{"i":{"x":[0.28],"y":[1]},"o":{"x":[0.72],"y":[0]},"t":924,"s":[40]},{"i":{"x":[0.28],"y":[1]},"o":{"x":[0.72],"y":[0]},"t":964,"s":[55]},{"i":{"x":[0.28],"y":[1]},"o":{"x":[0.72],"y":[0]},"t":1004,"s":[40]},{"i":{"x":[0.28],"y":[1]},"o":{"x":[0.72],"y":[0]},"t":1044,"s":[55]},{"i":{"x":[0.28],"y":[1]},"o":{"x":[0.72],"y":[0]},"t":1084,"s":[40]},{"i":{"x":[0.28],"y":[1]},"o":{"x":[0.72],"y":[0]},"t":1124,"s":[55]},{"i":{"x":[0.28],"y":[1]},"o":{"x":[0.72],"y":[0]},"t":1164,"s":[40]},{"i":{"x":[0.28],"y":[1]},"o":{"x":[0.72],"y":[0]},"t":1204,"s":[55]},{"i":{"x":[0.28],"y":[1]},"o":{"x":[0.72],"y":[0]},"t":1244,"s":[40]},{"i":{"x":[0.28],"y":[1]},"o":{"x":[0.72],"y":[0]},"t":1284,"s":[55]},{"t":1324,"s":[40]}],"ix":10},"p":{"a":0,"k":[641.467,677.03,0],"ix":2},"a":{"a":0,"k":[18.15,19.61,0],"ix":1},"s":{"a":0,"k":[100,100,100],"ix":6}},"ao":0,"shapes":[{"ty":"gr","it":[{"ty":"rc","d":1,"s":{"a":0,"k":[36.3,36.338],"ix":2},"p":{"a":0,"k":[0,0],"ix":3},"r":{"a":0,"k":0,"ix":4},"nm":"Rectangle Path 1","mn":"ADBE Vector Shape - Rect","hd":false},{"ty":"fl","c":{"a":0,"k":[0.972549019608,0.76862745098,0.192156862745,1],"ix":4},"o":{"a":0,"k":100,"ix":5},"r":1,"bm":0,"nm":"Fill 1","mn":"ADBE Vector Graphic - Fill","hd":false},{"ty":"tr","p":{"a":0,"k":[0,1.441],"ix":2},"a":{"a":0,"k":[0,0],"ix":1},"s":{"a":0,"k":[100,100],"ix":3},"r":{"a":0,"k":0,"ix":6},"o":{"a":0,"k":100,"ix":7},"sk":{"a":0,"k":0,"ix":4},"sa":{"a":0,"k":0,"ix":5},"nm":"Transform"}],"nm":"Rettangolo 188","np":2,"cix":2,"bm":0,"ix":1,"mn":"ADBE Vector Group","hd":false}],"ip":140,"op":7058,"st":-142,"bm":0},{"ddd":0,"ind":16,"ty":4,"nm":"rombo-giallo-part7","sr":1,"ks":{"o":{"a":0,"k":100,"ix":11},"r":{"a":1,"k":[{"i":{"x":[1],"y":[1]},"o":{"x":[1],"y":[0]},"t":97,"s":[-359]},{"i":{"x":[0.26],"y":[1]},"o":{"x":[0],"y":[0]},"t":117,"s":[45]},{"i":{"x":[0.748],"y":[1]},"o":{"x":[0.797],"y":[0]},"t":124,"s":[73]},{"t":143,"s":[45]}],"ix":10},"p":{"a":0,"k":[641.467,626.03,0],"ix":2},"a":{"a":0,"k":[18.15,19.61,0],"ix":1},"s":{"a":0,"k":[100,100,100],"ix":6}},"ao":0,"shapes":[{"ty":"gr","it":[{"ty":"rc","d":1,"s":{"a":0,"k":[36.3,36.338],"ix":2},"p":{"a":0,"k":[0,0],"ix":3},"r":{"a":0,"k":0,"ix":4},"nm":"Rectangle Path 1","mn":"ADBE Vector Shape - Rect","hd":false},{"ty":"fl","c":{"a":0,"k":[0.298039215686,0.396078461292,0.682352941176,1],"ix":4},"o":{"a":0,"k":100,"ix":5},"r":1,"bm":0,"nm":"Fill 1","mn":"ADBE Vector Graphic - Fill","hd":false},{"ty":"tr","p":{"a":0,"k":[0,1.441],"ix":2},"a":{"a":0,"k":[0,0],"ix":1},"s":{"a":0,"k":[100,100],"ix":3},"r":{"a":0,"k":0,"ix":6},"o":{"a":0,"k":100,"ix":7},"sk":{"a":0,"k":0,"ix":4},"sa":{"a":0,"k":0,"ix":5},"nm":"Transform"}],"nm":"Rettangolo 188","np":2,"cix":2,"bm":0,"ix":1,"mn":"ADBE Vector Group","hd":false}],"ip":117,"op":140,"st":47,"bm":0},{"ddd":0,"ind":17,"ty":3,"nm":"NULL-rombo-giallo 2","sr":1,"ks":{"o":{"a":0,"k":0,"ix":11},"r":{"a":1,"k":[{"i":{"x":[0.833],"y":[0.833]},"o":{"x":[1],"y":[0]},"t":75,"s":[0]},{"t":117,"s":[180]}],"ix":10},"p":{"a":1,"k":[{"i":{"x":0.833,"y":0.833},"o":{"x":1,"y":0},"t":75,"s":[484.5,193.329,0],"to":[198,6.667,0],"ti":[0,-56.417,0]},{"t":117,"s":[642.5,610.579,0]}],"ix":2},"a":{"a":0,"k":[50,50,0],"ix":1},"s":{"a":0,"k":[100,100,100],"ix":6}},"ao":0,"ip":25,"op":117,"st":25,"bm":0},{"ddd":0,"ind":18,"ty":4,"nm":"rombo-giallo-part3","parent":17,"sr":1,"ks":{"o":{"a":0,"k":100,"ix":11},"r":{"a":1,"k":[{"i":{"x":[0.193],"y":[1]},"o":{"x":[0],"y":[0]},"t":25,"s":[-45]},{"i":{"x":[1],"y":[1]},"o":{"x":[0.802],"y":[0]},"t":45,"s":[-225]},{"i":{"x":[1],"y":[1]},"o":{"x":[0],"y":[0]},"t":75,"s":[-359]},{"t":103,"s":[-201]}],"ix":10},"p":{"a":1,"k":[{"i":{"x":0.193,"y":1},"o":{"x":0,"y":0},"t":25,"s":[-120.624,257,0],"to":[0,0,0],"ti":[0,0,0]},{"i":{"x":1,"y":1},"o":{"x":0.802,"y":0},"t":45,"s":[-120.624,-84,0],"to":[0,0,0],"ti":[0,0,0]},{"i":{"x":0.49,"y":1},"o":{"x":0,"y":0},"t":75,"s":[-119.5,331,0],"to":[0,0,0],"ti":[-178.167,3.167,0]},{"t":103,"s":[50,50,0]}],"ix":2},"a":{"a":0,"k":[0,0,0],"ix":1},"s":{"a":0,"k":[100,100,100],"ix":6}},"ao":0,"shapes":[{"ty":"gr","it":[{"ty":"rc","d":1,"s":{"a":1,"k":[{"i":{"x":[0.833,0.833],"y":[0.833,0.833]},"o":{"x":[0.167,0.167],"y":[0.167,0.167]},"t":25,"s":[0,0]},{"i":{"x":[0.833,0.833],"y":[0.833,0.833]},"o":{"x":[0.167,0.167],"y":[0.167,0.167]},"t":27,"s":[109.338,36.338]},{"i":{"x":[0.833,0.833],"y":[0.833,0.833]},"o":{"x":[0.167,0.167],"y":[0.167,0.167]},"t":45,"s":[36.3,36.338]},{"i":{"x":[0.833,0.833],"y":[0.833,0.833]},"o":{"x":[0.167,0.167],"y":[0.167,0.167]},"t":73,"s":[36.3,36.338]},{"i":{"x":[0.833,0.833],"y":[0.833,0.833]},"o":{"x":[0.167,0.167],"y":[0.167,0.167]},"t":75,"s":[148.338,36.338]},{"i":{"x":[0.833,0.833],"y":[0.833,0.833]},"o":{"x":[0.167,0.167],"y":[0.167,0.167]},"t":90,"s":[36.3,36.338]},{"t":117,"s":[36.3,36.338]}],"ix":2},"p":{"a":0,"k":[0,0],"ix":3},"r":{"a":0,"k":0,"ix":4},"nm":"Rectangle Path 1","mn":"ADBE Vector Shape - Rect","hd":false},{"ty":"fl","c":{"a":0,"k":[0.298039215686,0.396078461292,0.682352941176,1],"ix":4},"o":{"a":0,"k":100,"ix":5},"r":1,"bm":0,"nm":"Fill 1","mn":"ADBE Vector Graphic - Fill","hd":false},{"ty":"tr","p":{"a":0,"k":[0,1.441],"ix":2},"a":{"a":0,"k":[0,0],"ix":1},"s":{"a":0,"k":[100,100],"ix":3},"r":{"a":0,"k":0,"ix":6},"o":{"a":0,"k":100,"ix":7},"sk":{"a":0,"k":0,"ix":4},"sa":{"a":0,"k":0,"ix":5},"nm":"Transform"}],"nm":"Rettangolo 188","np":2,"cix":2,"bm":0,"ix":1,"mn":"ADBE Vector Group","hd":false}],"ip":25,"op":117,"st":25,"bm":0},{"ddd":0,"ind":19,"ty":4,"nm":"rombo-giallo-part8","sr":1,"ks":{"o":{"a":0,"k":100,"ix":11},"r":{"a":1,"k":[{"i":{"x":[1],"y":[1]},"o":{"x":[1],"y":[0]},"t":77,"s":[-359]},{"i":{"x":[0.298],"y":[1]},"o":{"x":[0],"y":[0]},"t":97,"s":[45]},{"i":{"x":[0.189],"y":[1]},"o":{"x":[0.709],"y":[0]},"t":104,"s":[75]},{"t":130,"s":[45]}],"ix":10},"p":{"a":0,"k":[641.467,677.03,0],"ix":2},"a":{"a":0,"k":[18.15,19.61,0],"ix":1},"s":{"a":0,"k":[100,100,100],"ix":6}},"ao":0,"shapes":[{"ty":"gr","it":[{"ty":"rc","d":1,"s":{"a":0,"k":[36.3,36.338],"ix":2},"p":{"a":0,"k":[0,0],"ix":3},"r":{"a":0,"k":0,"ix":4},"nm":"Rectangle Path 1","mn":"ADBE Vector Shape - Rect","hd":false},{"ty":"fl","c":{"a":0,"k":[0.972549079446,0.768627510819,0.192156877705,1],"ix":4},"o":{"a":0,"k":100,"ix":5},"r":1,"bm":0,"nm":"Fill 1","mn":"ADBE Vector Graphic - Fill","hd":false},{"ty":"tr","p":{"a":0,"k":[0,1.441],"ix":2},"a":{"a":0,"k":[0,0],"ix":1},"s":{"a":0,"k":[100,100],"ix":3},"r":{"a":0,"k":0,"ix":6},"o":{"a":0,"k":100,"ix":7},"sk":{"a":0,"k":0,"ix":4},"sa":{"a":0,"k":0,"ix":5},"nm":"Transform"}],"nm":"Rettangolo 188","np":2,"cix":2,"bm":0,"ix":1,"mn":"ADBE Vector Group","hd":false}],"ip":97,"op":140,"st":27,"bm":0},{"ddd":0,"ind":20,"ty":3,"nm":"NULL-rombo-giallo","sr":1,"ks":{"o":{"a":0,"k":0,"ix":11},"r":{"a":1,"k":[{"i":{"x":[0.833],"y":[0.833]},"o":{"x":[1],"y":[0]},"t":55,"s":[0]},{"t":97,"s":[180]}],"ix":10},"p":{"a":1,"k":[{"i":{"x":0.833,"y":0.833},"o":{"x":1,"y":0},"t":55,"s":[484.5,263.329,0],"to":[198,6.667,0],"ti":[0,-56.417,0]},{"t":97,"s":[642.5,650.579,0]}],"ix":2},"a":{"a":0,"k":[50,50,0],"ix":1},"s":{"a":0,"k":[100,100,100],"ix":6}},"ao":0,"ip":5,"op":97,"st":5,"bm":0},{"ddd":0,"ind":21,"ty":4,"nm":"rombo-giallo-part1","parent":20,"sr":1,"ks":{"o":{"a":0,"k":100,"ix":11},"r":{"a":1,"k":[{"i":{"x":[0],"y":[1]},"o":{"x":[0],"y":[0]},"t":5,"s":[-45]},{"i":{"x":[1],"y":[1]},"o":{"x":[1],"y":[0]},"t":25,"s":[-225]},{"i":{"x":[1],"y":[1]},"o":{"x":[0],"y":[0]},"t":55,"s":[-359]},{"t":83,"s":[-201]}],"ix":10},"p":{"a":1,"k":[{"i":{"x":0,"y":1},"o":{"x":0,"y":0},"t":5,"s":[-120.624,257,0],"to":[0,0,0],"ti":[0,0,0]},{"i":{"x":1,"y":1},"o":{"x":1,"y":0},"t":25,"s":[-120.624,-84,0],"to":[0,0,0],"ti":[0,0,0]},{"i":{"x":0.49,"y":1},"o":{"x":0,"y":0},"t":55,"s":[-119.5,245,0],"to":[0,0,0],"ti":[-178.167,3.167,0]},{"t":83,"s":[50,50,0]}],"ix":2},"a":{"a":0,"k":[0,0,0],"ix":1},"s":{"a":0,"k":[100,100,100],"ix":6}},"ao":0,"shapes":[{"ty":"gr","it":[{"ty":"rc","d":1,"s":{"a":1,"k":[{"i":{"x":[0.833,0.833],"y":[0.833,0.833]},"o":{"x":[0.167,0.167],"y":[0.167,0.167]},"t":5,"s":[0,0]},{"i":{"x":[0.833,0.833],"y":[0.833,0.833]},"o":{"x":[0.167,0.167],"y":[0.167,0.167]},"t":7,"s":[109.338,36.338]},{"i":{"x":[0.833,0.833],"y":[0.833,0.833]},"o":{"x":[0.167,0.167],"y":[0.167,0.167]},"t":25,"s":[36.3,36.338]},{"i":{"x":[0.833,0.833],"y":[0.833,0.833]},"o":{"x":[0.167,0.167],"y":[0.167,0.167]},"t":53,"s":[36.3,36.338]},{"i":{"x":[0.833,0.833],"y":[0.833,0.833]},"o":{"x":[0.167,0.167],"y":[0.167,0.167]},"t":55,"s":[148.338,36.338]},{"i":{"x":[0.833,0.833],"y":[0.833,0.833]},"o":{"x":[0.167,0.167],"y":[0.167,0.167]},"t":70,"s":[36.3,36.338]},{"t":97,"s":[36.3,36.338]}],"ix":2},"p":{"a":0,"k":[0,0],"ix":3},"r":{"a":0,"k":0,"ix":4},"nm":"Rectangle Path 1","mn":"ADBE Vector Shape - Rect","hd":false},{"ty":"fl","c":{"a":0,"k":[0.972549019608,0.76862745098,0.192156862745,1],"ix":4},"o":{"a":0,"k":100,"ix":5},"r":1,"bm":0,"nm":"Fill 1","mn":"ADBE Vector Graphic - Fill","hd":false},{"ty":"tr","p":{"a":0,"k":[0,1.441],"ix":2},"a":{"a":0,"k":[0,0],"ix":1},"s":{"a":0,"k":[100,100],"ix":3},"r":{"a":0,"k":0,"ix":6},"o":{"a":0,"k":100,"ix":7},"sk":{"a":0,"k":0,"ix":4},"sa":{"a":0,"k":0,"ix":5},"nm":"Transform"}],"nm":"Rettangolo 188","np":2,"cix":2,"bm":0,"ix":1,"mn":"ADBE Vector Group","hd":false}],"ip":5,"op":97,"st":5,"bm":0},{"ddd":0,"ind":22,"ty":4,"nm":"semicerchio-part1","sr":1,"ks":{"o":{"a":0,"k":100,"ix":11},"r":{"a":0,"k":0,"ix":10},"p":{"a":1,"k":[{"i":{"x":0,"y":1},"o":{"x":0,"y":0},"t":0,"s":[315,490.447,0],"to":[0,0,0],"ti":[0,0,0]},{"i":{"x":1,"y":1},"o":{"x":1,"y":0},"t":20,"s":[315,134.447,0],"to":[0,0,0],"ti":[0,0,0]},{"i":{"x":1,"y":1},"o":{"x":0.47,"y":0},"t":40,"s":[315,667.5,0],"to":[0,0,0],"ti":[0,0,0]},{"t":50,"s":[315,601,0]}],"ix":2},"a":{"a":0,"k":[-2.5,-2.5,0],"ix":1},"s":{"a":0,"k":[100,100,100],"ix":6}},"ao":0,"shapes":[{"ty":"gr","it":[{"ty":"rc","d":1,"s":{"a":1,"k":[{"i":{"x":[0.833,0.833],"y":[0.833,0.833]},"o":{"x":[0.167,0.167],"y":[0.167,0.167]},"t":0,"s":[0,0]},{"i":{"x":[0.833,0.833],"y":[0.833,0.833]},"o":{"x":[0.167,0.167],"y":[0.167,0.167]},"t":1,"s":[71.107,182.107]},{"i":{"x":[0.833,0.833],"y":[0.833,0.833]},"o":{"x":[0.167,0.167],"y":[0.167,0.167]},"t":20,"s":[71.107,71.107]},{"i":{"x":[0.833,0.833],"y":[0.833,0.833]},"o":{"x":[0.167,0.167],"y":[0.167,0.167]},"t":37,"s":[71.107,122.107]},{"i":{"x":[0.833,0.833],"y":[0.833,0.833]},"o":{"x":[0.167,0.167],"y":[0.167,0.167]},"t":39,"s":[71.107,71.107]},{"i":{"x":[0.833,0.833],"y":[0.833,0.833]},"o":{"x":[0.167,0.167],"y":[0.167,0.167]},"t":40,"s":[353.107,16.107]},{"t":50,"s":[260.107,207.107]}],"ix":2},"p":{"a":0,"k":[0,0],"ix":3},"r":{"a":1,"k":[{"i":{"x":[0.833],"y":[0.833]},"o":{"x":[0.167],"y":[0.167]},"t":40,"s":[50]},{"t":50,"s":[168]}],"ix":4},"nm":"Rectangle Path 1","mn":"ADBE Vector Shape - Rect","hd":false},{"ty":"fl","c":{"a":0,"k":[0.298039215686,0.396078461292,0.682352941176,1],"ix":4},"o":{"a":0,"k":100,"ix":5},"r":1,"bm":0,"nm":"Fill 1","mn":"ADBE Vector Graphic - Fill","hd":false},{"ty":"tr","p":{"a":0,"k":[-2.5,-2.5],"ix":2},"a":{"a":0,"k":[0,0],"ix":1},"s":{"a":0,"k":[100,100],"ix":3},"r":{"a":0,"k":0,"ix":6},"o":{"a":0,"k":100,"ix":7},"sk":{"a":0,"k":0,"ix":4},"sa":{"a":0,"k":0,"ix":5},"nm":"Transform"}],"nm":"Rectangle 1","np":3,"cix":2,"bm":0,"ix":1,"mn":"ADBE Vector Group","hd":false}],"ip":0,"op":40,"st":0,"bm":0},{"ddd":0,"ind":23,"ty":4,"nm":"semicerchio-part2","sr":1,"ks":{"o":{"a":0,"k":100,"ix":11},"r":{"a":0,"k":0,"ix":10},"p":{"a":0,"k":[314.293,586.875,0],"ix":2},"a":{"a":0,"k":[173.343,89.432,0],"ix":1},"s":{"a":0,"k":[100,100,100],"ix":6}},"ao":0,"shapes":[{"ty":"gr","it":[{"ind":0,"ty":"sh","ix":1,"ks":{"a":1,"k":[{"i":{"x":0,"y":1},"o":{"x":0,"y":0},"t":40,"s":[{"i":[[0,0],[0,1.482],[95.732,0],[0,-25.06],[-0.036,-1.472]],"o":[[0.036,-1.472],[0,-39.28],[-95.737,0],[0,1.482],[0,0]],"v":[[350.576,178.753],[350.686,174.336],[173.732,161.25],[-2.8,170.616],[-2.637,178.92]],"c":true}]},{"i":{"x":0,"y":1},"o":{"x":0.167,"y":0},"t":50,"s":[{"i":[[0,0],[0,1.482],[102.409,0],[0,-96.344],[-0.036,-1.472]],"o":[[0.036,-1.472],[0,-96.344],[-105.591,0],[0,1.482],[0,0]],"v":[[346.576,178.863],[346.686,174.446],[173.641,-21],[0,174.446],[0.113,178.863]],"c":true}]},{"t":58,"s":[{"i":[[0,0],[0,1.482],[95.732,0],[0,-96.344],[-0.036,-1.472]],"o":[[0.036,-1.472],[0,-96.344],[-95.737,0],[0,1.482],[0,0]],"v":[[346.576,178.863],[346.686,174.446],[173.345,0],[0,174.446],[0.113,178.863]],"c":true}]}],"ix":2},"nm":"Path 1","mn":"ADBE Vector Shape - Group","hd":false},{"ty":"fl","c":{"a":0,"k":[0.298039215686,0.396078431373,0.682352941176,1],"ix":4},"o":{"a":0,"k":100,"ix":5},"r":1,"bm":0,"nm":"Fill 1","mn":"ADBE Vector Graphic - Fill","hd":false},{"ty":"tr","p":{"a":0,"k":[0,0],"ix":2},"a":{"a":0,"k":[0,0],"ix":1},"s":{"a":0,"k":[100,100],"ix":3},"r":{"a":0,"k":0,"ix":6},"o":{"a":0,"k":100,"ix":7},"sk":{"a":0,"k":0,"ix":4},"sa":{"a":0,"k":0,"ix":5},"nm":"Transform"}],"nm":"Tracciato 5024","np":2,"cix":2,"bm":0,"ix":1,"mn":"ADBE Vector Group","hd":false}],"ip":40,"op":3600,"st":0,"bm":0}],"markers":[]}