{"v":"5.9.0","fr":24,"ip":0,"op":30,"w":638,"h":1080,"nm":"Main Cycle","ddd":0,"assets":[],"layers":[{"ddd":0,"ind":1,"ty":4,"nm":"Bubble 5","sr":1,"ks":{"o":{"a":1,"k":[{"i":{"x":[0.667],"y":[1]},"o":{"x":[0.333],"y":[0]},"t":9,"s":[0]},{"i":{"x":[0.667],"y":[1]},"o":{"x":[0.333],"y":[0]},"t":14,"s":[50]},{"i":{"x":[0.667],"y":[1]},"o":{"x":[0.333],"y":[0]},"t":21,"s":[50]},{"t":26,"s":[0]}],"ix":11},"r":{"a":0,"k":0,"ix":10},"p":{"a":1,"k":[{"i":{"x":0.173,"y":1},"o":{"x":0.286,"y":0},"t":5,"s":[572.779,-141.221,0],"to":[0,149.333,0],"ti":[0,-149.333,0]},{"t":26,"s":[572.779,754.779,0]}],"ix":2,"l":2},"a":{"a":0,"k":[-396.221,-203.221,0],"ix":1,"l":2},"s":{"a":0,"k":[70.126,70.126,100],"ix":6,"l":2}},"ao":0,"shapes":[{"ty":"gr","it":[{"d":1,"ty":"el","s":{"a":0,"k":[53.558,53.558],"ix":2},"p":{"a":0,"k":[0,0],"ix":3},"nm":"Ellipse Path 1","mn":"ADBE Vector Shape - Ellipse","hd":false},{"ty":"gf","o":{"a":0,"k":100,"ix":10},"r":1,"bm":0,"g":{"p":3,"k":{"a":0,"k":[0,1,1,1,0.5,1,1,1,0.999,1,1,1,0,0,0.5,0.5,0.999,1],"ix":9}},"s":{"a":0,"k":[14,44],"ix":5},"e":{"a":0,"k":[46,2],"ix":6},"t":1,"nm":"Gradient Fill 1","mn":"ADBE Vector Graphic - G-Fill","hd":false},{"ty":"tr","p":{"a":0,"k":[-396.221,-203.221],"ix":2},"a":{"a":0,"k":[0,0],"ix":1},"s":{"a":0,"k":[100,100],"ix":3},"r":{"a":0,"k":0,"ix":6},"o":{"a":0,"k":100,"ix":7},"sk":{"a":0,"k":0,"ix":4},"sa":{"a":0,"k":0,"ix":5},"nm":"Transform"}],"nm":"Ellipse 1","np":2,"cix":2,"bm":0,"ix":1,"mn":"ADBE Vector Group","hd":false}],"ip":0,"op":720,"st":0,"bm":0},{"ddd":0,"ind":2,"ty":4,"nm":"Bubble 4","sr":1,"ks":{"o":{"a":1,"k":[{"i":{"x":[0.667],"y":[1]},"o":{"x":[0.333],"y":[0]},"t":3,"s":[0]},{"i":{"x":[0.667],"y":[1]},"o":{"x":[0.333],"y":[0]},"t":8,"s":[50]},{"i":{"x":[0.667],"y":[1]},"o":{"x":[0.333],"y":[0]},"t":19,"s":[50]},{"t":24,"s":[0]}],"ix":11},"r":{"a":0,"k":0,"ix":10},"p":{"a":1,"k":[{"i":{"x":0.173,"y":1},"o":{"x":0.286,"y":0},"t":3,"s":[428.779,26.779,0],"to":[0,149.333,0],"ti":[0,-149.333,0]},{"t":24,"s":[428.779,922.779,0]}],"ix":2,"l":2},"a":{"a":0,"k":[-396.221,-203.221,0],"ix":1,"l":2},"s":{"a":0,"k":[100,100,100],"ix":6,"l":2}},"ao":0,"shapes":[{"ty":"gr","it":[{"d":1,"ty":"el","s":{"a":0,"k":[53.558,53.558],"ix":2},"p":{"a":0,"k":[0,0],"ix":3},"nm":"Ellipse Path 1","mn":"ADBE Vector Shape - Ellipse","hd":false},{"ty":"gf","o":{"a":0,"k":100,"ix":10},"r":1,"bm":0,"g":{"p":3,"k":{"a":0,"k":[0,1,1,1,0.5,1,1,1,0.999,1,1,1,0,0,0.5,0.5,0.999,1],"ix":9}},"s":{"a":0,"k":[14,44],"ix":5},"e":{"a":0,"k":[46,2],"ix":6},"t":1,"nm":"Gradient Fill 1","mn":"ADBE Vector Graphic - G-Fill","hd":false},{"ty":"tr","p":{"a":0,"k":[-396.221,-203.221],"ix":2},"a":{"a":0,"k":[0,0],"ix":1},"s":{"a":0,"k":[100,100],"ix":3},"r":{"a":0,"k":0,"ix":6},"o":{"a":0,"k":100,"ix":7},"sk":{"a":0,"k":0,"ix":4},"sa":{"a":0,"k":0,"ix":5},"nm":"Transform"}],"nm":"Ellipse 1","np":2,"cix":2,"bm":0,"ix":1,"mn":"ADBE Vector Group","hd":false}],"ip":0,"op":720,"st":0,"bm":0},{"ddd":0,"ind":3,"ty":4,"nm":"Bubble 3","sr":1,"ks":{"o":{"a":1,"k":[{"i":{"x":[0.667],"y":[1]},"o":{"x":[0.333],"y":[0]},"t":6,"s":[0]},{"i":{"x":[0.667],"y":[1]},"o":{"x":[0.333],"y":[0]},"t":11,"s":[50]},{"i":{"x":[0.667],"y":[1]},"o":{"x":[0.333],"y":[0]},"t":22,"s":[50]},{"t":27,"s":[0]}],"ix":11},"r":{"a":0,"k":0,"ix":10},"p":{"a":1,"k":[{"i":{"x":0.173,"y":1},"o":{"x":0.286,"y":0},"t":6,"s":[322.779,178.779,0],"to":[0,89.5,0],"ti":[0,-89.5,0]},{"t":27,"s":[322.779,715.779,0]}],"ix":2,"l":2},"a":{"a":0,"k":[-396.221,-203.221,0],"ix":1,"l":2},"s":{"a":0,"k":[40.252,40.252,100],"ix":6,"l":2}},"ao":0,"shapes":[{"ty":"gr","it":[{"d":1,"ty":"el","s":{"a":0,"k":[53.558,53.558],"ix":2},"p":{"a":0,"k":[0,0],"ix":3},"nm":"Ellipse Path 1","mn":"ADBE Vector Shape - Ellipse","hd":false},{"ty":"gf","o":{"a":0,"k":100,"ix":10},"r":1,"bm":0,"g":{"p":3,"k":{"a":0,"k":[0,1,1,1,0.5,1,1,1,0.999,1,1,1,0,0,0.5,0.5,0.999,1],"ix":9}},"s":{"a":0,"k":[14,44],"ix":5},"e":{"a":0,"k":[46,2],"ix":6},"t":1,"nm":"Gradient Fill 1","mn":"ADBE Vector Graphic - G-Fill","hd":false},{"ty":"tr","p":{"a":0,"k":[-396.221,-203.221],"ix":2},"a":{"a":0,"k":[0,0],"ix":1},"s":{"a":0,"k":[100,100],"ix":3},"r":{"a":0,"k":0,"ix":6},"o":{"a":0,"k":100,"ix":7},"sk":{"a":0,"k":0,"ix":4},"sa":{"a":0,"k":0,"ix":5},"nm":"Transform"}],"nm":"Ellipse 1","np":2,"cix":2,"bm":0,"ix":1,"mn":"ADBE Vector Group","hd":false}],"ip":0,"op":720,"st":0,"bm":0},{"ddd":0,"ind":4,"ty":4,"nm":"Bubble 2","sr":1,"ks":{"o":{"a":1,"k":[{"i":{"x":[0.667],"y":[1]},"o":{"x":[0.333],"y":[0]},"t":6,"s":[0]},{"i":{"x":[0.667],"y":[1]},"o":{"x":[0.333],"y":[0]},"t":11,"s":[50]},{"i":{"x":[0.667],"y":[1]},"o":{"x":[0.333],"y":[0]},"t":24,"s":[50]},{"t":29,"s":[0]}],"ix":11},"r":{"a":0,"k":0,"ix":10},"p":{"a":1,"k":[{"i":{"x":0.173,"y":1},"o":{"x":0.286,"y":0},"t":6,"s":[242.779,-87.221,0],"to":[0,128,0],"ti":[0,-128,0]},{"t":29,"s":[242.779,680.779,0]}],"ix":2,"l":2},"a":{"a":0,"k":[-396.221,-203.221,0],"ix":1,"l":2},"s":{"a":0,"k":[70.126,70.126,100],"ix":6,"l":2}},"ao":0,"shapes":[{"ty":"gr","it":[{"d":1,"ty":"el","s":{"a":0,"k":[53.558,53.558],"ix":2},"p":{"a":0,"k":[0,0],"ix":3},"nm":"Ellipse Path 1","mn":"ADBE Vector Shape - Ellipse","hd":false},{"ty":"gf","o":{"a":0,"k":100,"ix":10},"r":1,"bm":0,"g":{"p":3,"k":{"a":0,"k":[0,1,1,1,0.5,1,1,1,0.999,1,1,1,0,0,0.5,0.5,0.999,1],"ix":9}},"s":{"a":0,"k":[14,44],"ix":5},"e":{"a":0,"k":[46,2],"ix":6},"t":1,"nm":"Gradient Fill 1","mn":"ADBE Vector Graphic - G-Fill","hd":false},{"ty":"tr","p":{"a":0,"k":[-396.221,-203.221],"ix":2},"a":{"a":0,"k":[0,0],"ix":1},"s":{"a":0,"k":[100,100],"ix":3},"r":{"a":0,"k":0,"ix":6},"o":{"a":0,"k":100,"ix":7},"sk":{"a":0,"k":0,"ix":4},"sa":{"a":0,"k":0,"ix":5},"nm":"Transform"}],"nm":"Ellipse 1","np":2,"cix":2,"bm":0,"ix":1,"mn":"ADBE Vector Group","hd":false}],"ip":0,"op":720,"st":0,"bm":0},{"ddd":0,"ind":5,"ty":4,"nm":"Bubble","sr":1,"ks":{"o":{"a":1,"k":[{"i":{"x":[0.667],"y":[1]},"o":{"x":[0.333],"y":[0]},"t":8,"s":[0]},{"i":{"x":[0.667],"y":[1]},"o":{"x":[0.333],"y":[0]},"t":13,"s":[50]},{"i":{"x":[0.667],"y":[1]},"o":{"x":[0.333],"y":[0]},"t":24,"s":[50]},{"t":29,"s":[0]}],"ix":11},"r":{"a":0,"k":0,"ix":10},"p":{"a":1,"k":[{"i":{"x":0.173,"y":1},"o":{"x":0.286,"y":0},"t":8,"s":[76.779,26.779,0],"to":[0,149.333,0],"ti":[0,-149.333,0]},{"t":29,"s":[76.779,922.779,0]}],"ix":2,"l":2},"a":{"a":0,"k":[-396.221,-203.221,0],"ix":1,"l":2},"s":{"a":0,"k":[100,100,100],"ix":6,"l":2}},"ao":0,"shapes":[{"ty":"gr","it":[{"d":1,"ty":"el","s":{"a":0,"k":[53.558,53.558],"ix":2},"p":{"a":0,"k":[0,0],"ix":3},"nm":"Ellipse Path 1","mn":"ADBE Vector Shape - Ellipse","hd":false},{"ty":"gf","o":{"a":0,"k":100,"ix":10},"r":1,"bm":0,"g":{"p":3,"k":{"a":0,"k":[0,1,1,1,0.5,1,1,1,0.999,1,1,1,0,0,0.5,0.5,0.999,1],"ix":9}},"s":{"a":0,"k":[14,44],"ix":5},"e":{"a":0,"k":[46,2],"ix":6},"t":1,"nm":"Gradient Fill 1","mn":"ADBE Vector Graphic - G-Fill","hd":false},{"ty":"tr","p":{"a":0,"k":[-396.221,-203.221],"ix":2},"a":{"a":0,"k":[0,0],"ix":1},"s":{"a":0,"k":[100,100],"ix":3},"r":{"a":0,"k":0,"ix":6},"o":{"a":0,"k":100,"ix":7},"sk":{"a":0,"k":0,"ix":4},"sa":{"a":0,"k":0,"ix":5},"nm":"Transform"}],"nm":"Ellipse 1","np":2,"cix":2,"bm":0,"ix":1,"mn":"ADBE Vector Group","hd":false}],"ip":0,"op":720,"st":0,"bm":0},{"ddd":0,"ind":6,"ty":4,"nm":"Highlight/JellyFish Outlines","sr":1,"ks":{"o":{"a":0,"k":100,"ix":11},"r":{"a":0,"k":0,"ix":10},"p":{"a":1,"k":[{"i":{"x":0.667,"y":1},"o":{"x":0.167,"y":0.167},"t":3,"s":[319,189,0],"to":[0.167,6,0],"ti":[0,0,0]},{"i":{"x":0.833,"y":0.833},"o":{"x":0.333,"y":0},"t":7,"s":[320,225,0],"to":[0,0,0],"ti":[0.167,6,0]},{"t":11,"s":[319,189,0]}],"ix":2,"l":2},"a":{"a":0,"k":[76.5,40.5,0],"ix":1,"l":2},"s":{"a":1,"k":[{"i":{"x":[0.35,0.35,0.667],"y":[1,1,1]},"o":{"x":[0.167,0.167,0.167],"y":[0.167,0.167,0]},"t":3,"s":[100,100,100]},{"i":{"x":[0.833,0.833,0.833],"y":[0.833,0.833,1]},"o":{"x":[0.62,0.62,0.333],"y":[0,0,0]},"t":7,"s":[35,191,100]},{"t":11,"s":[100,100,100]}],"ix":6,"l":2}},"ao":0,"shapes":[{"ind":0,"ty":"sh","ix":1,"ks":{"a":0,"k":{"i":[[0,-22.363],[42.155,0],[0,22.363],[-42.155,0]],"o":[[0,22.363],[-42.155,0],[0,-22.363],[42.155,0]],"v":[[152.658,40.493],[76.329,80.985],[0.001,40.493],[76.329,0.001]],"c":true},"ix":2},"nm":"Path 1","mn":"ADBE Vector Shape - Group","hd":false},{"ty":"gf","o":{"a":0,"k":29,"ix":10},"r":1,"bm":0,"g":{"p":3,"k":{"a":0,"k":[0,1,1,1,0.856,1,1,1,1,1,1,1,0.6,0,0.8,0.5,1,1],"ix":9}},"s":{"a":0,"k":[104,180],"ix":5},"e":{"a":0,"k":[102,-10],"ix":6},"t":1,"nm":"Gradient Fill 1","mn":"ADBE Vector Graphic - G-Fill","hd":false}],"ip":0,"op":720,"st":0,"bm":0},{"ddd":0,"ind":7,"ty":4,"nm":"Left Pupil/JellyFish Outlines","parent":8,"sr":1,"ks":{"o":{"a":0,"k":100,"ix":11},"r":{"a":0,"k":0,"ix":10},"p":{"a":1,"k":[{"i":{"x":0.34,"y":1},"o":{"x":0.167,"y":0.167},"t":1,"s":[24,31,0],"to":[-1.04,3.438,0],"ti":[0,0,0]},{"i":{"x":0.833,"y":0.833},"o":{"x":0.63,"y":0},"t":4,"s":[17.761,51.628,0],"to":[0,0,0],"ti":[-1.04,3.438,0]},{"t":7,"s":[24,31,0]}],"ix":2,"l":2},"a":{"a":0,"k":[12.5,12.5,0],"ix":1,"l":2},"s":{"a":0,"k":[100,100,100],"ix":6,"l":2}},"ao":0,"shapes":[{"ind":0,"ty":"sh","ix":1,"ks":{"a":0,"k":{"i":[[0,-6.595],[6.595,0],[0,6.595],[-6.595,0]],"o":[[0,6.595],[-6.595,0],[0,-6.595],[6.595,0]],"v":[[24.132,12.191],[12.191,24.132],[0.25,12.191],[12.191,0.25]],"c":true},"ix":2},"nm":"Path 1","mn":"ADBE Vector Shape - Group","hd":false},{"ty":"fl","c":{"a":0,"k":[0.325490196078,0.282352941176,0.415686304429,1],"ix":4},"o":{"a":0,"k":100,"ix":5},"r":1,"bm":0,"nm":"Fill 1","mn":"ADBE Vector Graphic - Fill","hd":false}],"ip":0,"op":720,"st":0,"bm":0},{"ddd":0,"ind":8,"ty":4,"nm":"Left Eye Ball/JellyFish Outlines","sr":1,"ks":{"o":{"a":0,"k":100,"ix":11},"r":{"a":0,"k":0,"ix":10},"p":{"a":1,"k":[{"i":{"x":0.667,"y":1},"o":{"x":0.167,"y":0.167},"t":2,"s":[203,276,0],"to":[2,2.167,0],"ti":[0,0,0]},{"i":{"x":0.833,"y":0.833},"o":{"x":0.333,"y":0},"t":5,"s":[215,289,0],"to":[0,0,0],"ti":[2,2.167,0]},{"t":8,"s":[203,276,0]}],"ix":2,"l":2},"a":{"a":0,"k":[41,41,0],"ix":1,"l":2},"s":{"a":1,"k":[{"i":{"x":[0.32,0.32,0.667],"y":[1,1,1]},"o":{"x":[0.167,0.167,0.167],"y":[0.167,0.167,0.149]},"t":2,"s":[100,100,100]},{"i":{"x":[0.833,0.833,0.833],"y":[0.833,0.833,1.149]},"o":{"x":[0.66,0.66,0.333],"y":[0,0,0]},"t":5,"s":[113,113,100]},{"t":8,"s":[100,100,100]}],"ix":6,"l":2}},"ao":0,"shapes":[{"ind":0,"ty":"sh","ix":1,"ks":{"a":0,"k":{"i":[[0,-22.363],[22.363,0],[0,22.363],[-22.364,0]],"o":[[0,22.363],[-22.364,0],[0,-22.363],[22.363,0]],"v":[[81.235,40.742],[40.743,81.234],[0.25,40.742],[40.743,0.25]],"c":true},"ix":2},"nm":"Path 1","mn":"ADBE Vector Shape - Group","hd":false},{"ty":"fl","c":{"a":0,"k":[1,1,1,1],"ix":4},"o":{"a":0,"k":100,"ix":5},"r":1,"bm":0,"nm":"Fill 1","mn":"ADBE Vector Graphic - Fill","hd":false}],"ip":0,"op":720,"st":0,"bm":0},{"ddd":0,"ind":9,"ty":4,"nm":"Left Eye Shadow/JellyFish Outlines","parent":8,"sr":1,"ks":{"o":{"a":0,"k":100,"ix":11},"r":{"a":0,"k":0,"ix":10},"p":{"a":0,"k":[41,61,0],"ix":2,"l":2},"a":{"a":0,"k":[40.5,40.5,0],"ix":1,"l":2},"s":{"a":0,"k":[100,100,100],"ix":6,"l":2}},"ao":0,"shapes":[{"ind":0,"ty":"sh","ix":1,"ks":{"a":0,"k":{"i":[[0,-22.363],[22.363,0],[0,22.363],[-22.364,0]],"o":[[0,22.363],[-22.364,0],[0,-22.363],[22.363,0]],"v":[[80.985,40.492],[40.493,80.984],[0,40.492],[40.493,0]],"c":true},"ix":2},"nm":"Path 1","mn":"ADBE Vector Shape - Group","hd":false},{"ty":"fl","c":{"a":0,"k":[0.117647066303,0.090196078431,0.317647058824,1],"ix":4},"o":{"a":0,"k":27,"ix":5},"r":1,"bm":0,"nm":"Fill 1","mn":"ADBE Vector Graphic - Fill","hd":false}],"ip":0,"op":720,"st":0,"bm":0},{"ddd":0,"ind":10,"ty":4,"nm":"Mouth/JellyFish Outlines","sr":1,"ks":{"o":{"a":0,"k":100,"ix":11},"r":{"a":1,"k":[{"i":{"x":[0.37],"y":[1]},"o":{"x":[0.167],"y":[0.167]},"t":5,"s":[0]},{"i":{"x":[0.37],"y":[1]},"o":{"x":[0.49],"y":[0]},"t":6,"s":[-10]},{"i":{"x":[0.833],"y":[0.833]},"o":{"x":[0.49],"y":[0]},"t":8,"s":[11]},{"t":10,"s":[0]}],"ix":10},"p":{"a":1,"k":[{"i":{"x":0.45,"y":1},"o":{"x":0.167,"y":0.167},"t":2,"s":[319,320,0],"to":[0,10.833,0],"ti":[0,0,0]},{"i":{"x":0.833,"y":0.833},"o":{"x":0.53,"y":0},"t":5,"s":[319,385,0],"to":[0,0,0],"ti":[0,10.833,0]},{"t":8,"s":[319,320,0]}],"ix":2,"l":2},"a":{"a":0,"k":[36,14.5,0],"ix":1,"l":2},"s":{"a":0,"k":[100,100,100],"ix":6,"l":2}},"ao":0,"shapes":[{"ind":0,"ty":"sh","ix":1,"ks":{"a":1,"k":[{"i":{"x":0.31,"y":1},"o":{"x":0.167,"y":0.167},"t":3,"s":[{"i":[[0,0],[-17.124,0],[-4.139,15.826]],"o":[[4.139,15.826],[17.124,0],[0,0]],"v":[[0.25,0.25],[35.908,27.755],[71.566,0.25]],"c":true}]},{"i":{"x":0.833,"y":0.833},"o":{"x":0.62,"y":0},"t":6,"s":[{"i":[[0,0],[-14.816,0],[11.434,35.25]],"o":[[-16.25,38.25],[15.184,0],[0,0]],"v":[[0.25,0.25],[33.316,12.755],[71.566,0.25]],"c":true}]},{"t":9,"s":[{"i":[[0,0],[-17.124,0],[-4.139,15.826]],"o":[[4.139,15.826],[17.124,0],[0,0]],"v":[[0.25,0.25],[35.908,27.755],[71.566,0.25]],"c":true}]}],"ix":2},"nm":"Path 1","mn":"ADBE Vector Shape - Group","hd":false},{"ty":"fl","c":{"a":0,"k":[0.325490196078,0.282352941176,0.415686304429,1],"ix":4},"o":{"a":0,"k":100,"ix":5},"r":1,"bm":0,"nm":"Fill 1","mn":"ADBE Vector Graphic - Fill","hd":false}],"ip":0,"op":720,"st":0,"bm":0},{"ddd":0,"ind":11,"ty":4,"nm":"Right Pupil/JellyFish Outlines","parent":12,"sr":1,"ks":{"o":{"a":0,"k":100,"ix":11},"r":{"a":0,"k":0,"ix":10},"p":{"a":1,"k":[{"i":{"x":0.29,"y":1},"o":{"x":0.167,"y":0.167},"t":2,"s":[62,30,0],"to":[-3.167,-2.167,0],"ti":[0,0,0]},{"i":{"x":0.833,"y":0.833},"o":{"x":0.59,"y":0},"t":5,"s":[43,17,0],"to":[0,0,0],"ti":[-3.167,-2.167,0]},{"t":8,"s":[62,30,0]}],"ix":2,"l":2},"a":{"a":0,"k":[12.5,12.5,0],"ix":1,"l":2},"s":{"a":0,"k":[100,100,100],"ix":6,"l":2}},"ao":0,"shapes":[{"ind":0,"ty":"sh","ix":1,"ks":{"a":0,"k":{"i":[[0,-6.595],[6.595,0],[0,6.595],[-6.595,0]],"o":[[0,6.595],[-6.595,0],[0,-6.595],[6.595,0]],"v":[[24.132,12.191],[12.191,24.132],[0.25,12.191],[12.191,0.25]],"c":true},"ix":2},"nm":"Path 1","mn":"ADBE Vector Shape - Group","hd":false},{"ty":"fl","c":{"a":0,"k":[0.325490196078,0.282352941176,0.415686304429,1],"ix":4},"o":{"a":0,"k":100,"ix":5},"r":1,"bm":0,"nm":"Fill 1","mn":"ADBE Vector Graphic - Fill","hd":false}],"ip":0,"op":720,"st":0,"bm":0},{"ddd":0,"ind":12,"ty":4,"nm":"Right Eye Ball/JellyFish Outlines","sr":1,"ks":{"o":{"a":0,"k":100,"ix":11},"r":{"a":0,"k":0,"ix":10},"p":{"a":1,"k":[{"i":{"x":0.667,"y":1},"o":{"x":0.167,"y":0.167},"t":2,"s":[436,276,0],"to":[-2.333,-1.5,0],"ti":[0,0,0]},{"i":{"x":0.833,"y":0.833},"o":{"x":0.333,"y":0},"t":5,"s":[422,267,0],"to":[0,0,0],"ti":[-2.333,-1.5,0]},{"t":8,"s":[436,276,0]}],"ix":2,"l":2},"a":{"a":0,"k":[41,41,0],"ix":1,"l":2},"s":{"a":1,"k":[{"i":{"x":[0.34,0.34,0.667],"y":[1,1,1]},"o":{"x":[0.167,0.167,0.167],"y":[0.167,0.167,0.149]},"t":2,"s":[100,100,100]},{"i":{"x":[0.833,0.833,0.833],"y":[0.833,0.833,1.149]},"o":{"x":[0.66,0.66,0.333],"y":[0,0,0]},"t":5,"s":[113,113,100]},{"t":8,"s":[100,100,100]}],"ix":6,"l":2}},"ao":0,"shapes":[{"ind":0,"ty":"sh","ix":1,"ks":{"a":0,"k":{"i":[[0,-22.363],[22.363,0],[0,22.363],[-22.364,0]],"o":[[0,22.363],[-22.364,0],[0,-22.363],[22.363,0]],"v":[[81.235,40.742],[40.743,81.234],[0.25,40.742],[40.743,0.25]],"c":true},"ix":2},"nm":"Path 1","mn":"ADBE Vector Shape - Group","hd":false},{"ty":"fl","c":{"a":0,"k":[1,1,1,1],"ix":4},"o":{"a":0,"k":100,"ix":5},"r":1,"bm":0,"nm":"Fill 1","mn":"ADBE Vector Graphic - Fill","hd":false}],"ip":0,"op":720,"st":0,"bm":0},{"ddd":0,"ind":13,"ty":4,"nm":"Right Eye Shadow/JellyFish Outlines","parent":12,"sr":1,"ks":{"o":{"a":0,"k":100,"ix":11},"r":{"a":0,"k":0,"ix":10},"p":{"a":0,"k":[41,61,0],"ix":2,"l":2},"a":{"a":0,"k":[40.5,40.5,0],"ix":1,"l":2},"s":{"a":0,"k":[100,100,100],"ix":6,"l":2}},"ao":0,"shapes":[{"ind":0,"ty":"sh","ix":1,"ks":{"a":0,"k":{"i":[[0,-22.363],[22.363,0],[0,22.363],[-22.364,0]],"o":[[0,22.363],[-22.364,0],[0,-22.363],[22.363,0]],"v":[[80.985,40.492],[40.493,80.984],[0,40.492],[40.493,0]],"c":true},"ix":2},"nm":"Path 1","mn":"ADBE Vector Shape - Group","hd":false},{"ty":"fl","c":{"a":0,"k":[0.117647066303,0.090196078431,0.317647058824,1],"ix":4},"o":{"a":0,"k":27,"ix":5},"r":1,"bm":0,"nm":"Fill 1","mn":"ADBE Vector Graphic - Fill","hd":false}],"ip":0,"op":720,"st":0,"bm":0},{"ddd":0,"ind":14,"ty":4,"nm":"Body Shading/JellyFish Outlines","parent":18,"sr":1,"ks":{"o":{"a":0,"k":100,"ix":11},"r":{"a":0,"k":0,"ix":10},"p":{"a":0,"k":[185,140.5,0],"ix":2,"l":2},"a":{"a":0,"k":[185,140.5,0],"ix":1,"l":2},"s":{"a":0,"k":[100,100,100],"ix":6,"l":2}},"ao":0,"shapes":[{"ind":0,"ty":"sh","ix":1,"ks":{"a":0,"k":{"i":[[0,-70.969],[152.5,0],[0,70.969],[-120.5,0]],"o":[[0,70.969],[-152.5,0],[0,-70.969],[120.5,0]],"v":[[369.25,183.25],[184.75,280.25],[0.25,183.25],[184.75,0.25]],"c":true},"ix":2},"nm":"Path 1","mn":"ADBE Vector Shape - Group","hd":false},{"ty":"gf","o":{"a":0,"k":100,"ix":10},"r":1,"bm":0,"g":{"p":3,"k":{"a":0,"k":[0,0.571,0.15,0.363,0.5,0.748,0.338,0.456,1,0.925,0.525,0.549,0,0.78,0.5,0.39,1,0],"ix":9}},"s":{"a":0,"k":[82,56],"ix":5},"e":{"a":0,"k":[96,219],"ix":6},"t":1,"nm":"Gradient Fill 1","mn":"ADBE Vector Graphic - G-Fill","hd":false}],"ip":0,"op":720,"st":0,"bm":0},{"ddd":0,"ind":15,"ty":4,"nm":"Guts Center/JellyFish Outlines","sr":1,"ks":{"o":{"a":0,"k":100,"ix":11},"r":{"a":0,"k":0,"ix":10},"p":{"a":1,"k":[{"i":{"x":0.37,"y":1},"o":{"x":0.167,"y":0.167},"t":2,"s":[319,276,0],"to":[0,5.667,0],"ti":[0,0,0]},{"i":{"x":0.833,"y":0.833},"o":{"x":0.65,"y":0},"t":7,"s":[319,310,0],"to":[0,0,0],"ti":[0,5.667,0]},{"t":10,"s":[319,276,0]}],"ix":2,"l":2},"a":{"a":0,"k":[125.5,101.5,0],"ix":1,"l":2},"s":{"a":0,"k":[100,100,100],"ix":6,"l":2}},"ao":0,"shapes":[{"ind":0,"ty":"sh","ix":1,"ks":{"a":0,"k":{"i":[[0.047,-0.063],[0.056,0.044],[-0.102,0.019]],"o":[[-0.056,-0.045],[0.103,-0.018],[-0.047,0.063]],"v":[[172.577,143.569],[172.407,143.437],[172.714,143.381]],"c":true},"ix":2},"nm":"Path 1","mn":"ADBE Vector Shape - Group","hd":false},{"ind":1,"ty":"sh","ix":2,"ks":{"a":0,"k":{"i":[[0,15.167],[69.138,0],[0,-37.219],[-15.697,-10.003],[0.467,-0.921],[-16.274,-8.245],[-6.188,0.241],[0,-1.596],[-35.347,0],[0,19.028],[0.24,1.289],[-6.701,3.503],[4.55,8.704],[1.057,0.835]],"o":[[0,-37.219],[-69.139,0],[0,15.162],[-0.71,0.707],[-4.439,8.761],[6.387,3.237],[-0.391,1.663],[0,19.028],[35.346,0],[0,-1.246],[6.462,0.343],[16.168,-8.45],[-0.637,-1.22],[15.705,-10.005]],"v":[[250.622,86.412],[125.436,0.25],[0.25,86.412],[25.249,124.508],[23.47,126.942],[42.66,162.153],[62.045,166.364],[61.436,171.264],[125.436,202.452],[189.436,171.264],[189.066,167.457],[209.43,163.041],[228.173,127.59],[225.608,124.518]],"c":true},"ix":2},"nm":"Path 2","mn":"ADBE Vector Shape - Group","hd":false},{"ty":"fl","c":{"a":0,"k":[0.792156922583,0.36862745098,0.423529441684,1],"ix":4},"o":{"a":0,"k":100,"ix":5},"r":1,"bm":0,"nm":"Fill 1","mn":"ADBE Vector Graphic - Fill","hd":false}],"ip":0,"op":720,"st":0,"bm":0},{"ddd":0,"ind":16,"ty":4,"nm":"Guts Left/JellyFish Outlines","sr":1,"ks":{"o":{"a":0,"k":100,"ix":11},"r":{"a":0,"k":0,"ix":10},"p":{"a":1,"k":[{"i":{"x":0.667,"y":1},"o":{"x":0.167,"y":0.167},"t":4,"s":[202,342,0],"to":[0.333,4.333,0],"ti":[0,0,0]},{"i":{"x":0.833,"y":0.833},"o":{"x":0.333,"y":0},"t":9,"s":[204,368,0],"to":[0,0,0],"ti":[0.333,4.333,0]},{"t":12,"s":[202,342,0]}],"ix":2,"l":2},"a":{"a":0,"k":[25,28,0],"ix":1,"l":2},"s":{"a":1,"k":[{"i":{"x":[0.36,0.36,0.667],"y":[1,1,1]},"o":{"x":[0.167,0.167,0.167],"y":[0.167,0.167,-0.231]},"t":4,"s":[100,100,100]},{"i":{"x":[0.833,0.833,0.833],"y":[0.833,0.833,0.769]},"o":{"x":[0.67,0.67,0.333],"y":[0,0,0]},"t":9,"s":[71,71,100]},{"t":12,"s":[100,100,100]}],"ix":6,"l":2}},"ao":0,"shapes":[{"ind":0,"ty":"sh","ix":1,"ks":{"a":0,"k":{"i":[[2.761,0],[0,-2.761],[-2.761,0],[0,2.761]],"o":[[-2.761,0],[0,2.761],[2.761,0],[0,-2.761]],"v":[[5.25,45.25],[0.25,50.25],[5.25,55.25],[10.25,50.25]],"c":true},"ix":2},"nm":"Path 1","mn":"ADBE Vector Shape - Group","hd":false},{"ind":1,"ty":"sh","ix":2,"ks":{"a":0,"k":{"i":[[4.418,0],[0,-4.418],[-4.418,0],[0,4.418]],"o":[[-4.418,0],[0,4.418],[4.418,0],[0,-4.418]],"v":[[41.25,38.25],[33.25,46.25],[41.25,54.25],[49.25,46.25]],"c":true},"ix":2},"nm":"Path 2","mn":"ADBE Vector Shape - Group","hd":false},{"ind":2,"ty":"sh","ix":3,"ks":{"a":0,"k":{"i":[[0,-6.075],[6.904,0],[0,6.075],[-6.904,0]],"o":[[0,6.075],[-6.904,0],[0,-6.075],[6.904,0]],"v":[[29.25,11.25],[16.75,22.25],[4.25,11.25],[16.75,0.25]],"c":true},"ix":2},"nm":"Path 3","mn":"ADBE Vector Shape - Group","hd":false},{"ty":"fl","c":{"a":0,"k":[0.792156922583,0.36862745098,0.423529441684,1],"ix":4},"o":{"a":0,"k":100,"ix":5},"r":1,"bm":0,"nm":"Fill 1","mn":"ADBE Vector Graphic - Fill","hd":false}],"ip":0,"op":720,"st":0,"bm":0},{"ddd":0,"ind":17,"ty":4,"nm":"Guts Right/JellyFish Outlines","sr":1,"ks":{"o":{"a":0,"k":100,"ix":11},"r":{"a":0,"k":0,"ix":10},"p":{"a":1,"k":[{"i":{"x":0.667,"y":1},"o":{"x":0.167,"y":0.167},"t":4,"s":[429,340,0],"to":[-0.667,3.667,0],"ti":[0,0,0]},{"i":{"x":0.833,"y":0.833},"o":{"x":0.333,"y":0},"t":9,"s":[425,362,0],"to":[0,0,0],"ti":[-0.667,3.667,0]},{"t":12,"s":[429,340,0]}],"ix":2,"l":2},"a":{"a":0,"k":[30.5,35,0],"ix":1,"l":2},"s":{"a":1,"k":[{"i":{"x":[0.32,0.32,0.667],"y":[1,1,1]},"o":{"x":[0.167,0.167,0.167],"y":[0.167,0.167,-0.225]},"t":4,"s":[100,100,100]},{"i":{"x":[0.833,0.833,0.833],"y":[0.833,0.833,0.775]},"o":{"x":[0.63,0.63,0.333],"y":[0,0,0]},"t":9,"s":[73,73,100]},{"t":12,"s":[100,100,100]}],"ix":6,"l":2}},"ao":0,"shapes":[{"ind":0,"ty":"sh","ix":1,"ks":{"a":0,"k":{"i":[[3.866,0],[0,-3.866],[-3.866,0],[0,3.866]],"o":[[-3.866,0],[0,3.866],[3.866,0],[0,-3.866]],"v":[[7.25,52.25],[0.25,59.25],[7.25,66.25],[14.25,59.25]],"c":true},"ix":2},"nm":"Path 1","mn":"ADBE Vector Shape - Group","hd":false},{"ind":1,"ty":"sh","ix":2,"ks":{"a":0,"k":{"i":[[7.18,0],[0,-7.18],[-7.18,0],[0,7.18]],"o":[[-7.18,0],[0,7.18],[7.18,0],[0,-7.18]],"v":[[41.25,43.25],[28.25,56.25],[41.25,69.25],[54.25,56.25]],"c":true},"ix":2},"nm":"Path 2","mn":"ADBE Vector Shape - Group","hd":false},{"ind":2,"ty":"sh","ix":3,"ks":{"a":0,"k":{"i":[[0,-4.971],[4.971,0],[0,4.971],[-4.971,0]],"o":[[0,4.971],[-4.971,0],[0,-4.971],[4.971,0]],"v":[[60.25,9.25],[51.25,18.25],[42.25,9.25],[51.25,0.25]],"c":true},"ix":2},"nm":"Path 3","mn":"ADBE Vector Shape - Group","hd":false},{"ty":"fl","c":{"a":0,"k":[0.792156922583,0.36862745098,0.423529441684,1],"ix":4},"o":{"a":0,"k":100,"ix":5},"r":1,"bm":0,"nm":"Fill 1","mn":"ADBE Vector Graphic - Fill","hd":false}],"ip":0,"op":720,"st":0,"bm":0},{"ddd":0,"ind":18,"ty":4,"nm":"Main Body/JellyFish Outlines","sr":1,"ks":{"o":{"a":0,"k":100,"ix":11},"r":{"a":0,"k":0,"ix":10},"p":{"a":0,"k":[319,276,0],"ix":2,"l":2},"a":{"a":0,"k":[185,140.5,0],"ix":1,"l":2},"s":{"a":1,"k":[{"i":{"x":[0.18,0.18,0.667],"y":[1,1,1]},"o":{"x":[0.167,0.167,0.167],"y":[0.167,0.167,0]},"t":2,"s":[100,100,100]},{"i":{"x":[0.833,0.833,0.833],"y":[0.833,0.833,1]},"o":{"x":[0.71,0.71,0.333],"y":[0,0,0]},"t":7,"s":[89,111,100]},{"t":10,"s":[100,100,100]}],"ix":6,"l":2}},"ao":0,"shapes":[{"ind":0,"ty":"sh","ix":1,"ks":{"a":0,"k":{"i":[[0,-70.969],[152.5,0],[0,70.969],[-120.5,0]],"o":[[0,70.969],[-152.5,0],[0,-70.969],[120.5,0]],"v":[[369.25,183.25],[184.75,280.25],[0.25,183.25],[184.75,0.25]],"c":true},"ix":2},"nm":"Path 1","mn":"ADBE Vector Shape - Group","hd":false},{"ty":"fl","c":{"a":0,"k":[0.894117706897,0.505882352941,0.552941176471,1],"ix":4},"o":{"a":0,"k":100,"ix":5},"r":1,"bm":0,"nm":"Fill 1","mn":"ADBE Vector Graphic - Fill","hd":false}],"ip":0,"op":720,"st":0,"bm":0},{"ddd":0,"ind":19,"ty":4,"nm":"Center Right Tent Shadow","sr":1,"ks":{"o":{"a":0,"k":100,"ix":11},"r":{"a":0,"k":0,"ix":10},"p":{"a":0,"k":[305,540,0],"ix":2,"l":2},"a":{"a":0,"k":[0,0,0],"ix":1,"l":2},"s":{"a":0,"k":[-100,100,100],"ix":6,"l":2}},"ao":0,"shapes":[{"ty":"gr","it":[{"ind":0,"ty":"sh","ix":1,"ks":{"a":0,"k":{"i":[[-8,-176],[-114,-182]],"o":[[8,176],[114,182]],"v":[[-56,-148],[-88,346]],"c":false},"ix":2,"x":"var $bm_rt;\n$bm_rt = thisComp.layer('Center Left Tent').content('Shape 1').content('Path 1').path;"},"nm":"Path 1","mn":"ADBE Vector Shape - Group","hd":false},{"ty":"st","c":{"a":0,"k":[0.643137276173,0.227450996637,0.403921604156,1],"ix":3},"o":{"a":0,"k":100,"ix":4},"w":{"a":0,"k":65,"ix":5},"lc":1,"lj":1,"ml":4,"bm":0,"nm":"Stroke 1","mn":"ADBE Vector Graphic - Stroke","hd":false},{"ty":"tr","p":{"a":0,"k":[0,0],"ix":2},"a":{"a":0,"k":[0,0],"ix":1},"s":{"a":0,"k":[100,100],"ix":3},"r":{"a":0,"k":0,"ix":6},"o":{"a":0,"k":100,"ix":7},"sk":{"a":0,"k":0,"ix":4},"sa":{"a":0,"k":0,"ix":5},"nm":"Transform"}],"nm":"Shape 1","np":3,"cix":2,"bm":0,"ix":1,"mn":"ADBE Vector Group","hd":false},{"ty":"tm","s":{"a":0,"k":0,"ix":1},"e":{"a":0,"k":13,"ix":2},"o":{"a":0,"k":0,"ix":3},"m":1,"ix":2,"nm":"Trim Paths 1","mn":"ADBE Vector Filter - Trim","hd":false}],"ip":0,"op":720,"st":0,"bm":0},{"ddd":0,"ind":20,"ty":4,"nm":"Center Right Tent","sr":1,"ks":{"o":{"a":0,"k":100,"ix":11},"r":{"a":0,"k":0,"ix":10},"p":{"a":0,"k":[305,540,0],"ix":2,"l":2},"a":{"a":0,"k":[0,0,0],"ix":1,"l":2},"s":{"a":0,"k":[-100,100,100],"ix":6,"l":2}},"ao":0,"shapes":[{"ty":"gr","it":[{"ind":0,"ty":"sh","ix":1,"ks":{"a":1,"k":[{"i":{"x":0.667,"y":1},"o":{"x":0.333,"y":0},"t":2,"s":[{"i":[[-8,-176],[-114,-182]],"o":[[8,176],[114,182]],"v":[[-56,-148],[-68,324]],"c":false}]},{"i":{"x":0.667,"y":1},"o":{"x":0.333,"y":0},"t":5,"s":[{"i":[[-59.144,-165.958],[-135,-242]],"o":[[67,188],[104.623,187.547]],"v":[[-56,-148],[-156,148]],"c":false}]},{"i":{"x":0.667,"y":1},"o":{"x":0.333,"y":0},"t":7,"s":[{"i":[[-45.506,-168.636],[84.333,38.267]],"o":[[51.267,184.8],[107.124,186.068]],"v":[[-56,-148],[-175.333,173.733]],"c":false}]},{"i":{"x":0.667,"y":1},"o":{"x":0.333,"y":0},"t":10,"s":[{"i":[[-25.048,-172.653],[78.333,-69.333]],"o":[[27.667,180],[110.874,183.849]],"v":[[-56,-148],[-99.333,357.333]],"c":false}]},{"t":21,"s":[{"i":[[-8,-176],[-114,-182]],"o":[[8,176],[114,182]],"v":[[-56,-148],[-68,324]],"c":false}]}],"ix":2},"nm":"Path 1","mn":"ADBE Vector Shape - Group","hd":false},{"ty":"gs","o":{"a":0,"k":100,"ix":9},"w":{"a":0,"k":65,"ix":10},"g":{"p":3,"k":{"a":0,"k":[0,0.499,0.246,0.479,0.5,0.638,0.302,0.457,1,0.776,0.357,0.435],"ix":8}},"s":{"a":0,"k":[57,250],"ix":4},"e":{"a":0,"k":[53,-4],"ix":5},"t":1,"lc":2,"lj":1,"ml":4,"ml2":{"a":0,"k":4,"ix":13},"bm":0,"nm":"Gradient Stroke 1","mn":"ADBE Vector Graphic - G-Stroke","hd":false},{"ty":"tr","p":{"a":0,"k":[0,0],"ix":2},"a":{"a":0,"k":[0,0],"ix":1},"s":{"a":0,"k":[100,100],"ix":3},"r":{"a":0,"k":0,"ix":6},"o":{"a":0,"k":100,"ix":7},"sk":{"a":0,"k":0,"ix":4},"sa":{"a":0,"k":0,"ix":5},"nm":"Transform"}],"nm":"Shape 1","np":3,"cix":2,"bm":0,"ix":1,"mn":"ADBE Vector Group","hd":false}],"ip":0,"op":720,"st":0,"bm":0},{"ddd":0,"ind":21,"ty":4,"nm":"Center Left Tent Shadow","sr":1,"ks":{"o":{"a":0,"k":100,"ix":11},"r":{"a":0,"k":0,"ix":10},"p":{"a":0,"k":[319,540,0],"ix":2,"l":2},"a":{"a":0,"k":[0,0,0],"ix":1,"l":2},"s":{"a":0,"k":[100,100,100],"ix":6,"l":2}},"ao":0,"shapes":[{"ty":"gr","it":[{"ind":0,"ty":"sh","ix":1,"ks":{"a":0,"k":{"i":[[-8,-176],[-114,-182]],"o":[[8,176],[114,182]],"v":[[-56,-148],[-88,346]],"c":false},"ix":2,"x":"var $bm_rt;\n$bm_rt = thisComp.layer('Center Left Tent').content('Shape 1').content('Path 1').path;"},"nm":"Path 1","mn":"ADBE Vector Shape - Group","hd":false},{"ty":"st","c":{"a":0,"k":[0.643137276173,0.227450996637,0.403921604156,1],"ix":3},"o":{"a":0,"k":100,"ix":4},"w":{"a":0,"k":65,"ix":5},"lc":1,"lj":1,"ml":4,"bm":0,"nm":"Stroke 1","mn":"ADBE Vector Graphic - Stroke","hd":false},{"ty":"tr","p":{"a":0,"k":[0,0],"ix":2},"a":{"a":0,"k":[0,0],"ix":1},"s":{"a":0,"k":[100,100],"ix":3},"r":{"a":0,"k":0,"ix":6},"o":{"a":0,"k":100,"ix":7},"sk":{"a":0,"k":0,"ix":4},"sa":{"a":0,"k":0,"ix":5},"nm":"Transform"}],"nm":"Shape 1","np":3,"cix":2,"bm":0,"ix":1,"mn":"ADBE Vector Group","hd":false},{"ty":"tm","s":{"a":0,"k":0,"ix":1},"e":{"a":0,"k":13,"ix":2},"o":{"a":0,"k":0,"ix":3},"m":1,"ix":2,"nm":"Trim Paths 1","mn":"ADBE Vector Filter - Trim","hd":false}],"ip":0,"op":720,"st":0,"bm":0},{"ddd":0,"ind":22,"ty":4,"nm":"Center Left Tent","sr":1,"ks":{"o":{"a":0,"k":100,"ix":11},"r":{"a":0,"k":0,"ix":10},"p":{"a":0,"k":[319,540,0],"ix":2,"l":2},"a":{"a":0,"k":[0,0,0],"ix":1,"l":2},"s":{"a":0,"k":[100,100,100],"ix":6,"l":2}},"ao":0,"shapes":[{"ty":"gr","it":[{"ind":0,"ty":"sh","ix":1,"ks":{"a":1,"k":[{"i":{"x":0.667,"y":1},"o":{"x":0.333,"y":0},"t":2,"s":[{"i":[[-8,-176],[-114,-182]],"o":[[8,176],[114,182]],"v":[[-56,-148],[-68,324]],"c":false}]},{"i":{"x":0.667,"y":1},"o":{"x":0.333,"y":0},"t":5,"s":[{"i":[[-59.144,-165.958],[-135,-242]],"o":[[67,188],[104.623,187.547]],"v":[[-56,-148],[-156,148]],"c":false}]},{"i":{"x":0.667,"y":1},"o":{"x":0.333,"y":0},"t":7,"s":[{"i":[[-45.506,-168.636],[84.333,38.267]],"o":[[51.267,184.8],[107.124,186.068]],"v":[[-56,-148],[-175.333,173.733]],"c":false}]},{"i":{"x":0.667,"y":1},"o":{"x":0.333,"y":0},"t":10,"s":[{"i":[[-25.048,-172.653],[78.333,-69.333]],"o":[[27.667,180],[110.874,183.849]],"v":[[-56,-148],[-99.333,357.333]],"c":false}]},{"t":21,"s":[{"i":[[-8,-176],[-114,-182]],"o":[[8,176],[114,182]],"v":[[-56,-148],[-68,324]],"c":false}]}],"ix":2},"nm":"Path 1","mn":"ADBE Vector Shape - Group","hd":false},{"ty":"gs","o":{"a":0,"k":100,"ix":9},"w":{"a":0,"k":65,"ix":10},"g":{"p":3,"k":{"a":0,"k":[0,0.498,0.247,0.478,0.5,0.637,0.302,0.457,1,0.776,0.357,0.435],"ix":8}},"s":{"a":0,"k":[57,251],"ix":4},"e":{"a":0,"k":[56,0],"ix":5},"t":1,"lc":2,"lj":1,"ml":4,"ml2":{"a":0,"k":4,"ix":13},"bm":0,"nm":"Gradient Stroke 1","mn":"ADBE Vector Graphic - G-Stroke","hd":false},{"ty":"tr","p":{"a":0,"k":[0,0],"ix":2},"a":{"a":0,"k":[0,0],"ix":1},"s":{"a":0,"k":[100,100],"ix":3},"r":{"a":0,"k":0,"ix":6},"o":{"a":0,"k":100,"ix":7},"sk":{"a":0,"k":0,"ix":4},"sa":{"a":0,"k":0,"ix":5},"nm":"Transform"}],"nm":"Shape 1","np":3,"cix":2,"bm":0,"ix":1,"mn":"ADBE Vector Group","hd":false}],"ip":0,"op":720,"st":0,"bm":0},{"ddd":0,"ind":23,"ty":4,"nm":"Far Right Tent Shadow","sr":1,"ks":{"o":{"a":0,"k":100,"ix":11},"r":{"a":0,"k":-22.997,"ix":10},"p":{"a":0,"k":[383,526,0],"ix":2,"l":2},"a":{"a":0,"k":[0,0,0],"ix":1,"l":2},"s":{"a":0,"k":[-100,100,100],"ix":6,"l":2}},"ao":0,"shapes":[{"ty":"gr","it":[{"ind":0,"ty":"sh","ix":1,"ks":{"a":0,"k":{"i":[[-8,-176],[-114,-182]],"o":[[8,176],[114,182]],"v":[[-56,-148],[-88,346]],"c":false},"ix":2,"x":"var $bm_rt;\n$bm_rt = thisComp.layer('Far Left Tent').content('Shape 1').content('Path 1').path;"},"nm":"Path 1","mn":"ADBE Vector Shape - Group","hd":false},{"ty":"st","c":{"a":0,"k":[0.643137276173,0.227450996637,0.403921604156,1],"ix":3},"o":{"a":0,"k":100,"ix":4},"w":{"a":0,"k":65,"ix":5},"lc":1,"lj":1,"ml":4,"bm":0,"nm":"Stroke 1","mn":"ADBE Vector Graphic - Stroke","hd":false},{"ty":"tr","p":{"a":0,"k":[0,0],"ix":2},"a":{"a":0,"k":[0,0],"ix":1},"s":{"a":0,"k":[100,100],"ix":3},"r":{"a":0,"k":0,"ix":6},"o":{"a":0,"k":100,"ix":7},"sk":{"a":0,"k":0,"ix":4},"sa":{"a":0,"k":0,"ix":5},"nm":"Transform"}],"nm":"Shape 1","np":3,"cix":2,"bm":0,"ix":1,"mn":"ADBE Vector Group","hd":false},{"ty":"tm","s":{"a":0,"k":0,"ix":1},"e":{"a":0,"k":18,"ix":2},"o":{"a":0,"k":0,"ix":3},"m":1,"ix":2,"nm":"Trim Paths 1","mn":"ADBE Vector Filter - Trim","hd":false}],"ip":0,"op":720,"st":0,"bm":0},{"ddd":0,"ind":24,"ty":4,"nm":"Far Right Tent","sr":1,"ks":{"o":{"a":0,"k":100,"ix":11},"r":{"a":0,"k":-22.997,"ix":10},"p":{"a":0,"k":[383,526,0],"ix":2,"l":2},"a":{"a":0,"k":[0,0,0],"ix":1,"l":2},"s":{"a":0,"k":[-100,100,100],"ix":6,"l":2}},"ao":0,"shapes":[{"ty":"gr","it":[{"ind":0,"ty":"sh","ix":1,"ks":{"a":1,"k":[{"i":{"x":0.667,"y":1},"o":{"x":0.333,"y":0},"t":2,"s":[{"i":[[-31.681,-173.31],[-93.308,-182.222]],"o":[[24.42,133.589],[97.881,191.153]],"v":[[-56,-148],[-50.559,215.557]],"c":false}]},{"i":{"x":0.667,"y":1},"o":{"x":0.333,"y":0},"t":5,"s":[{"i":[[-21.918,-174.813],[-102.609,-151.194]],"o":[[19.754,157.552],[120.596,177.697]],"v":[[-56,-148],[-166.565,124.243]],"c":false}]},{"i":{"x":0.667,"y":1},"o":{"x":0.333,"y":0},"t":7,"s":[{"i":[[-45.506,-168.636],[102.977,0.719]],"o":[[32.353,195.726],[107.124,186.067]],"v":[[-56,-148],[-148.945,124.788]],"c":false}]},{"i":{"x":0.667,"y":1},"o":{"x":0.333,"y":0},"t":10,"s":[{"i":[[-25.048,-172.653],[64.97,-92.525]],"o":[[27.667,180],[110.874,183.849]],"v":[[-56,-148],[6.65,270.804]],"c":false}]},{"t":21,"s":[{"i":[[-31.681,-173.31],[-93.308,-182.222]],"o":[[24.42,133.589],[97.881,191.153]],"v":[[-56,-148],[-50.559,215.557]],"c":false}]}],"ix":2},"nm":"Path 1","mn":"ADBE Vector Shape - Group","hd":false},{"ty":"gs","o":{"a":0,"k":100,"ix":9},"w":{"a":0,"k":65,"ix":10},"g":{"p":3,"k":{"a":0,"k":[0,0.498,0.247,0.478,0.499,0.637,0.302,0.457,0.999,0.776,0.357,0.435],"ix":8}},"s":{"a":0,"k":[57,249],"ix":4},"e":{"a":0,"k":[55,0],"ix":5},"t":1,"lc":2,"lj":1,"ml":4,"ml2":{"a":0,"k":4,"ix":13},"bm":0,"nm":"Gradient Stroke 1","mn":"ADBE Vector Graphic - G-Stroke","hd":false},{"ty":"tr","p":{"a":0,"k":[0,0],"ix":2},"a":{"a":0,"k":[0,0],"ix":1},"s":{"a":0,"k":[100,100],"ix":3},"r":{"a":0,"k":0,"ix":6},"o":{"a":0,"k":100,"ix":7},"sk":{"a":0,"k":0,"ix":4},"sa":{"a":0,"k":0,"ix":5},"nm":"Transform"}],"nm":"Shape 1","np":3,"cix":2,"bm":0,"ix":1,"mn":"ADBE Vector Group","hd":false}],"ip":0,"op":720,"st":0,"bm":0},{"ddd":0,"ind":25,"ty":4,"nm":"Far Left Tent Shadow","sr":1,"ks":{"o":{"a":0,"k":100,"ix":11},"r":{"a":0,"k":23.975,"ix":10},"p":{"a":0,"k":[249,532,0],"ix":2,"l":2},"a":{"a":0,"k":[0,0,0],"ix":1,"l":2},"s":{"a":0,"k":[100,100,100],"ix":6,"l":2}},"ao":0,"shapes":[{"ty":"gr","it":[{"ind":0,"ty":"sh","ix":1,"ks":{"a":0,"k":{"i":[[-8,-176],[-114,-182]],"o":[[8,176],[114,182]],"v":[[-56,-148],[-88,346]],"c":false},"ix":2,"x":"var $bm_rt;\n$bm_rt = thisComp.layer('Far Left Tent').content('Shape 1').content('Path 1').path;"},"nm":"Path 1","mn":"ADBE Vector Shape - Group","hd":false},{"ty":"st","c":{"a":0,"k":[0.643137276173,0.227450996637,0.403921604156,1],"ix":3},"o":{"a":0,"k":100,"ix":4},"w":{"a":0,"k":65,"ix":5},"lc":1,"lj":1,"ml":4,"bm":0,"nm":"Stroke 1","mn":"ADBE Vector Graphic - Stroke","hd":false},{"ty":"tr","p":{"a":0,"k":[0,0],"ix":2},"a":{"a":0,"k":[0,0],"ix":1},"s":{"a":0,"k":[100,100],"ix":3},"r":{"a":0,"k":0,"ix":6},"o":{"a":0,"k":100,"ix":7},"sk":{"a":0,"k":0,"ix":4},"sa":{"a":0,"k":0,"ix":5},"nm":"Transform"}],"nm":"Shape 1","np":3,"cix":2,"bm":0,"ix":1,"mn":"ADBE Vector Group","hd":false},{"ty":"tm","s":{"a":0,"k":0,"ix":1},"e":{"a":0,"k":18,"ix":2},"o":{"a":0,"k":0,"ix":3},"m":1,"ix":2,"nm":"Trim Paths 1","mn":"ADBE Vector Filter - Trim","hd":false}],"ip":0,"op":720,"st":0,"bm":0},{"ddd":0,"ind":26,"ty":4,"nm":"Far Left Tent","sr":1,"ks":{"o":{"a":0,"k":100,"ix":11},"r":{"a":0,"k":23.975,"ix":10},"p":{"a":0,"k":[249,532,0],"ix":2,"l":2},"a":{"a":0,"k":[0,0,0],"ix":1,"l":2},"s":{"a":0,"k":[100,100,100],"ix":6,"l":2}},"ao":0,"shapes":[{"ty":"gr","it":[{"ind":0,"ty":"sh","ix":1,"ks":{"a":1,"k":[{"i":{"x":0.667,"y":1},"o":{"x":0.333,"y":0},"t":2,"s":[{"i":[[-31.681,-173.31],[-93.308,-182.222]],"o":[[24.42,133.589],[97.881,191.153]],"v":[[-56,-148],[-50.559,215.557]],"c":false}]},{"i":{"x":0.667,"y":1},"o":{"x":0.333,"y":0},"t":5,"s":[{"i":[[-21.918,-174.813],[-102.609,-151.194]],"o":[[19.754,157.552],[120.596,177.697]],"v":[[-56,-148],[-166.565,124.243]],"c":false}]},{"i":{"x":0.667,"y":1},"o":{"x":0.333,"y":0},"t":7,"s":[{"i":[[-45.506,-168.636],[102.977,0.719]],"o":[[32.353,195.726],[107.124,186.067]],"v":[[-56,-148],[-148.945,124.788]],"c":false}]},{"i":{"x":0.667,"y":1},"o":{"x":0.333,"y":0},"t":10,"s":[{"i":[[-25.048,-172.653],[64.97,-92.525]],"o":[[27.667,180],[110.874,183.849]],"v":[[-56,-148],[6.65,270.804]],"c":false}]},{"t":21,"s":[{"i":[[-31.681,-173.31],[-93.308,-182.222]],"o":[[24.42,133.589],[97.881,191.153]],"v":[[-56,-148],[-50.559,215.557]],"c":false}]}],"ix":2},"nm":"Path 1","mn":"ADBE Vector Shape - Group","hd":false},{"ty":"gs","o":{"a":0,"k":100,"ix":9},"w":{"a":0,"k":65,"ix":10},"g":{"p":3,"k":{"a":0,"k":[0,0.498,0.247,0.478,0.499,0.637,0.302,0.457,0.999,0.776,0.357,0.435],"ix":8}},"s":{"a":0,"k":[56,256],"ix":4},"e":{"a":0,"k":[56,0],"ix":5},"t":1,"lc":2,"lj":1,"ml":4,"ml2":{"a":0,"k":4,"ix":13},"bm":0,"nm":"Gradient Stroke 1","mn":"ADBE Vector Graphic - G-Stroke","hd":false},{"ty":"tr","p":{"a":0,"k":[0,0],"ix":2},"a":{"a":0,"k":[0,0],"ix":1},"s":{"a":0,"k":[100,100],"ix":3},"r":{"a":0,"k":0,"ix":6},"o":{"a":0,"k":100,"ix":7},"sk":{"a":0,"k":0,"ix":4},"sa":{"a":0,"k":0,"ix":5},"nm":"Transform"}],"nm":"Shape 1","np":3,"cix":2,"bm":0,"ix":1,"mn":"ADBE Vector Group","hd":false}],"ip":0,"op":720,"st":0,"bm":0},{"ddd":0,"ind":27,"ty":4,"nm":"Bubble 10","sr":1,"ks":{"o":{"a":1,"k":[{"i":{"x":[0.667],"y":[1]},"o":{"x":[0.333],"y":[0]},"t":9,"s":[0]},{"i":{"x":[0.667],"y":[1]},"o":{"x":[0.333],"y":[0]},"t":14,"s":[50]},{"i":{"x":[0.667],"y":[1]},"o":{"x":[0.333],"y":[0]},"t":21,"s":[50]},{"t":26,"s":[0]}],"ix":11},"r":{"a":0,"k":0,"ix":10},"p":{"a":1,"k":[{"i":{"x":0.173,"y":1},"o":{"x":0.286,"y":0},"t":5,"s":[141.546,94.474,0],"to":[0,98.56,0],"ti":[0,-98.56,0]},{"t":26,"s":[141.546,685.834,0]}],"ix":2,"l":2},"a":{"a":0,"k":[-396.221,-203.221,0],"ix":1,"l":2},"s":{"a":0,"k":[-46.283,46.283,100],"ix":6,"l":2}},"ao":0,"shapes":[{"ty":"gr","it":[{"d":1,"ty":"el","s":{"a":0,"k":[53.558,53.558],"ix":2},"p":{"a":0,"k":[0,0],"ix":3},"nm":"Ellipse Path 1","mn":"ADBE Vector Shape - Ellipse","hd":false},{"ty":"gf","o":{"a":0,"k":100,"ix":10},"r":1,"bm":0,"g":{"p":3,"k":{"a":0,"k":[0,1,1,1,0.5,1,1,1,0.999,1,1,1,0,0,0.5,0.5,0.999,1],"ix":9}},"s":{"a":0,"k":[14,44],"ix":5},"e":{"a":0,"k":[46,2],"ix":6},"t":1,"nm":"Gradient Fill 1","mn":"ADBE Vector Graphic - G-Fill","hd":false},{"ty":"tr","p":{"a":0,"k":[-396.221,-203.221],"ix":2},"a":{"a":0,"k":[0,0],"ix":1},"s":{"a":0,"k":[100,100],"ix":3},"r":{"a":0,"k":0,"ix":6},"o":{"a":0,"k":100,"ix":7},"sk":{"a":0,"k":0,"ix":4},"sa":{"a":0,"k":0,"ix":5},"nm":"Transform"}],"nm":"Ellipse 1","np":2,"cix":2,"bm":0,"ix":1,"mn":"ADBE Vector Group","hd":false}],"ip":0,"op":720,"st":0,"bm":0},{"ddd":0,"ind":28,"ty":4,"nm":"Bubble 9","sr":1,"ks":{"o":{"a":1,"k":[{"i":{"x":[0.667],"y":[1]},"o":{"x":[0.333],"y":[0]},"t":3,"s":[0]},{"i":{"x":[0.667],"y":[1]},"o":{"x":[0.333],"y":[0]},"t":8,"s":[50]},{"i":{"x":[0.667],"y":[1]},"o":{"x":[0.333],"y":[0]},"t":19,"s":[50]},{"t":24,"s":[0]}],"ix":11},"r":{"a":0,"k":0,"ix":10},"p":{"a":1,"k":[{"i":{"x":0.173,"y":1},"o":{"x":0.286,"y":0},"t":3,"s":[236.586,205.354,0],"to":[0,98.56,0],"ti":[0,-98.56,0]},{"t":24,"s":[236.586,796.714,0]}],"ix":2,"l":2},"a":{"a":0,"k":[-396.221,-203.221,0],"ix":1,"l":2},"s":{"a":0,"k":[-66,66,100],"ix":6,"l":2}},"ao":0,"shapes":[{"ty":"gr","it":[{"d":1,"ty":"el","s":{"a":0,"k":[53.558,53.558],"ix":2},"p":{"a":0,"k":[0,0],"ix":3},"nm":"Ellipse Path 1","mn":"ADBE Vector Shape - Ellipse","hd":false},{"ty":"gf","o":{"a":0,"k":100,"ix":10},"r":1,"bm":0,"g":{"p":3,"k":{"a":0,"k":[0,1,1,1,0.5,1,1,1,0.999,1,1,1,0,0,0.5,0.5,0.999,1],"ix":9}},"s":{"a":0,"k":[14,44],"ix":5},"e":{"a":0,"k":[46,2],"ix":6},"t":1,"nm":"Gradient Fill 1","mn":"ADBE Vector Graphic - G-Fill","hd":false},{"ty":"tr","p":{"a":0,"k":[-396.221,-203.221],"ix":2},"a":{"a":0,"k":[0,0],"ix":1},"s":{"a":0,"k":[100,100],"ix":3},"r":{"a":0,"k":0,"ix":6},"o":{"a":0,"k":100,"ix":7},"sk":{"a":0,"k":0,"ix":4},"sa":{"a":0,"k":0,"ix":5},"nm":"Transform"}],"nm":"Ellipse 1","np":2,"cix":2,"bm":0,"ix":1,"mn":"ADBE Vector Group","hd":false}],"ip":0,"op":720,"st":0,"bm":0},{"ddd":0,"ind":29,"ty":4,"nm":"Bubble 8","sr":1,"ks":{"o":{"a":1,"k":[{"i":{"x":[0.667],"y":[1]},"o":{"x":[0.333],"y":[0]},"t":6,"s":[0]},{"i":{"x":[0.667],"y":[1]},"o":{"x":[0.333],"y":[0]},"t":11,"s":[50]},{"i":{"x":[0.667],"y":[1]},"o":{"x":[0.333],"y":[0]},"t":22,"s":[50]},{"t":27,"s":[0]}],"ix":11},"r":{"a":0,"k":0,"ix":10},"p":{"a":1,"k":[{"i":{"x":0.173,"y":1},"o":{"x":0.286,"y":0},"t":6,"s":[306.546,305.674,0],"to":[0,59.07,0],"ti":[0,-59.07,0]},{"t":27,"s":[306.546,660.094,0]}],"ix":2,"l":2},"a":{"a":0,"k":[-396.221,-203.221,0],"ix":1,"l":2},"s":{"a":0,"k":[-26.566,26.566,100],"ix":6,"l":2}},"ao":0,"shapes":[{"ty":"gr","it":[{"d":1,"ty":"el","s":{"a":0,"k":[53.558,53.558],"ix":2},"p":{"a":0,"k":[0,0],"ix":3},"nm":"Ellipse Path 1","mn":"ADBE Vector Shape - Ellipse","hd":false},{"ty":"gf","o":{"a":0,"k":100,"ix":10},"r":1,"bm":0,"g":{"p":3,"k":{"a":0,"k":[0,1,1,1,0.5,1,1,1,0.999,1,1,1,0,0,0.5,0.5,0.999,1],"ix":9}},"s":{"a":0,"k":[14,44],"ix":5},"e":{"a":0,"k":[46,2],"ix":6},"t":1,"nm":"Gradient Fill 1","mn":"ADBE Vector Graphic - G-Fill","hd":false},{"ty":"tr","p":{"a":0,"k":[-396.221,-203.221],"ix":2},"a":{"a":0,"k":[0,0],"ix":1},"s":{"a":0,"k":[100,100],"ix":3},"r":{"a":0,"k":0,"ix":6},"o":{"a":0,"k":100,"ix":7},"sk":{"a":0,"k":0,"ix":4},"sa":{"a":0,"k":0,"ix":5},"nm":"Transform"}],"nm":"Ellipse 1","np":2,"cix":2,"bm":0,"ix":1,"mn":"ADBE Vector Group","hd":false}],"ip":0,"op":720,"st":0,"bm":0},{"ddd":0,"ind":30,"ty":4,"nm":"Bubble 7","sr":1,"ks":{"o":{"a":1,"k":[{"i":{"x":[0.667],"y":[1]},"o":{"x":[0.333],"y":[0]},"t":6,"s":[0]},{"i":{"x":[0.667],"y":[1]},"o":{"x":[0.333],"y":[0]},"t":11,"s":[50]},{"i":{"x":[0.667],"y":[1]},"o":{"x":[0.333],"y":[0]},"t":24,"s":[50]},{"t":29,"s":[0]}],"ix":11},"r":{"a":0,"k":0,"ix":10},"p":{"a":1,"k":[{"i":{"x":0.173,"y":1},"o":{"x":0.286,"y":0},"t":6,"s":[359.346,130.114,0],"to":[0,84.48,0],"ti":[0,-84.48,0]},{"t":29,"s":[359.346,636.994,0]}],"ix":2,"l":2},"a":{"a":0,"k":[-396.221,-203.221,0],"ix":1,"l":2},"s":{"a":0,"k":[-46.283,46.283,100],"ix":6,"l":2}},"ao":0,"shapes":[{"ty":"gr","it":[{"d":1,"ty":"el","s":{"a":0,"k":[53.558,53.558],"ix":2},"p":{"a":0,"k":[0,0],"ix":3},"nm":"Ellipse Path 1","mn":"ADBE Vector Shape - Ellipse","hd":false},{"ty":"gf","o":{"a":0,"k":100,"ix":10},"r":1,"bm":0,"g":{"p":3,"k":{"a":0,"k":[0,1,1,1,0.5,1,1,1,0.999,1,1,1,0,0,0.5,0.5,0.999,1],"ix":9}},"s":{"a":0,"k":[14,44],"ix":5},"e":{"a":0,"k":[46,2],"ix":6},"t":1,"nm":"Gradient Fill 1","mn":"ADBE Vector Graphic - G-Fill","hd":false},{"ty":"tr","p":{"a":0,"k":[-396.221,-203.221],"ix":2},"a":{"a":0,"k":[0,0],"ix":1},"s":{"a":0,"k":[100,100],"ix":3},"r":{"a":0,"k":0,"ix":6},"o":{"a":0,"k":100,"ix":7},"sk":{"a":0,"k":0,"ix":4},"sa":{"a":0,"k":0,"ix":5},"nm":"Transform"}],"nm":"Ellipse 1","np":2,"cix":2,"bm":0,"ix":1,"mn":"ADBE Vector Group","hd":false}],"ip":0,"op":720,"st":0,"bm":0},{"ddd":0,"ind":31,"ty":4,"nm":"Bubble 6","sr":1,"ks":{"o":{"a":1,"k":[{"i":{"x":[0.667],"y":[1]},"o":{"x":[0.333],"y":[0]},"t":8,"s":[0]},{"i":{"x":[0.667],"y":[1]},"o":{"x":[0.333],"y":[0]},"t":13,"s":[50]},{"i":{"x":[0.667],"y":[1]},"o":{"x":[0.333],"y":[0]},"t":24,"s":[50]},{"t":29,"s":[0]}],"ix":11},"r":{"a":0,"k":0,"ix":10},"p":{"a":1,"k":[{"i":{"x":0.173,"y":1},"o":{"x":0.286,"y":0},"t":8,"s":[468.906,205.354,0],"to":[0,98.56,0],"ti":[0,-98.56,0]},{"t":29,"s":[468.906,796.714,0]}],"ix":2,"l":2},"a":{"a":0,"k":[-396.221,-203.221,0],"ix":1,"l":2},"s":{"a":0,"k":[-66,66,100],"ix":6,"l":2}},"ao":0,"shapes":[{"ty":"gr","it":[{"d":1,"ty":"el","s":{"a":0,"k":[53.558,53.558],"ix":2},"p":{"a":0,"k":[0,0],"ix":3},"nm":"Ellipse Path 1","mn":"ADBE Vector Shape - Ellipse","hd":false},{"ty":"gf","o":{"a":0,"k":100,"ix":10},"r":1,"bm":0,"g":{"p":3,"k":{"a":0,"k":[0,1,1,1,0.5,1,1,1,0.999,1,1,1,0,0,0.5,0.5,0.999,1],"ix":9}},"s":{"a":0,"k":[14,44],"ix":5},"e":{"a":0,"k":[46,2],"ix":6},"t":1,"nm":"Gradient Fill 1","mn":"ADBE Vector Graphic - G-Fill","hd":false},{"ty":"tr","p":{"a":0,"k":[-396.221,-203.221],"ix":2},"a":{"a":0,"k":[0,0],"ix":1},"s":{"a":0,"k":[100,100],"ix":3},"r":{"a":0,"k":0,"ix":6},"o":{"a":0,"k":100,"ix":7},"sk":{"a":0,"k":0,"ix":4},"sa":{"a":0,"k":0,"ix":5},"nm":"Transform"}],"nm":"Ellipse 1","np":2,"cix":2,"bm":0,"ix":1,"mn":"ADBE Vector Group","hd":false}],"ip":0,"op":720,"st":0,"bm":0}],"markers":[]}