{"v":"4.8.0","meta":{"g":"LottieFiles AE 3.1.1","a":"","k":"","d":"","tc":""},"fr":24,"ip":0,"op":17,"w":1000,"h":1000,"nm":"Speaker","ddd":0,"assets":[],"layers":[{"ddd":0,"ind":1,"ty":4,"nm":"Spaker_04","sr":1,"ks":{"o":{"a":1,"k":[{"i":{"x":[0.667],"y":[1]},"o":{"x":[0.746],"y":[0]},"t":2,"s":[0]},{"i":{"x":[0.275],"y":[1]},"o":{"x":[0.333],"y":[0]},"t":9,"s":[100]},{"t":16,"s":[0]}],"ix":11},"r":{"a":0,"k":0,"ix":10},"p":{"s":true,"x":{"a":1,"k":[{"i":{"x":[0.471],"y":[1]},"o":{"x":[0.54],"y":[0]},"t":2,"s":[724.708]},{"t":16,"s":[828.708]}],"ix":3},"y":{"a":0,"k":506.407,"ix":4}},"a":{"a":0,"k":[0,0,0],"ix":1},"s":{"a":0,"k":[100,100,100],"ix":6}},"ao":0,"shapes":[{"ty":"gr","it":[{"ind":0,"ty":"sh","ix":1,"ks":{"a":0,"k":{"i":[[71.176,58.813],[9.016,-10.91],[-10.918,-9.022],[0,-76.837],[59.346,-49.029],[-9.02,-10.918],[-7.381,0],[-4.783,3.95],[0,92.186]],"o":[[-10.918,-9.021],[-9.02,10.918],[59.346,49.029],[0,76.837],[-10.918,9.022],[5.071,6.135],[5.753,0],[71.176,-58.813],[0,-92.186]],"v":[[-35.01,-237.595],[-71.114,-234.159],[-67.676,-198.056],[25.706,0],[-67.676,198.056],[-71.114,234.159],[-51.331,243.467],[-35.01,237.595],[76.988,0]],"c":true},"ix":2},"nm":"Path 1","mn":"ADBE Vector Shape - Group","hd":false},{"ty":"fl","c":{"a":0,"k":[0.40000000596,0.411764711142,0.839215695858,1],"ix":4},"o":{"a":0,"k":100,"ix":5},"r":1,"bm":0,"nm":"Fill 1","mn":"ADBE Vector Graphic - Fill","hd":false},{"ty":"tr","p":{"a":0,"k":[0,0],"ix":2},"a":{"a":0,"k":[0,0],"ix":1},"s":{"a":0,"k":[100,100],"ix":3},"r":{"a":0,"k":0,"ix":6},"o":{"a":0,"k":100,"ix":7},"sk":{"a":0,"k":0,"ix":4},"sa":{"a":0,"k":0,"ix":5},"nm":"Transform"}],"nm":"Group 1","np":2,"cix":2,"bm":0,"ix":1,"mn":"ADBE Vector Group","hd":false}],"ip":2,"op":17,"st":2,"bm":0},{"ddd":0,"ind":2,"ty":4,"nm":"Spaker_03","sr":1,"ks":{"o":{"a":1,"k":[{"i":{"x":[0.667],"y":[1]},"o":{"x":[0.746],"y":[0]},"t":1,"s":[0]},{"i":{"x":[0.275],"y":[1]},"o":{"x":[0.333],"y":[0]},"t":8,"s":[100]},{"t":15,"s":[0]}],"ix":11},"r":{"a":0,"k":0,"ix":10},"p":{"s":true,"x":{"a":1,"k":[{"i":{"x":[0.471],"y":[1]},"o":{"x":[0.54],"y":[0]},"t":1,"s":[647.847]},{"t":15,"s":[751.847]}],"ix":3},"y":{"a":0,"k":506.407,"ix":4}},"a":{"a":0,"k":[0,0,0],"ix":1},"s":{"a":0,"k":[100,100,100],"ix":6}},"ao":0,"shapes":[{"ty":"gr","it":[{"ind":0,"ty":"sh","ix":1,"ks":{"a":0,"k":{"i":[[54.57,41.073],[8.521,-11.313],[-11.318,-8.514],[0,-52.842],[42.386,-31.913],[-8.519,-11.312],[-7.782,0],[-4.613,3.48],[0,68.084]],"o":[[-11.312,-8.519],[-8.519,11.312],[42.386,31.913],[0,52.842],[-11.318,8.514],[5.04,6.699],[5.371,0],[54.57,-41.074],[0,-68.084]],"v":[[-23.043,-174.331],[-58.945,-169.266],[-53.879,-133.364],[12.821,0],[-53.879,133.364],[-58.945,169.266],[-38.442,179.489],[-23.043,174.331],[64.104,0]],"c":true},"ix":2},"nm":"Path 1","mn":"ADBE Vector Shape - Group","hd":false},{"ty":"fl","c":{"a":0,"k":[0.40000000596,0.411764711142,0.839215695858,1],"ix":4},"o":{"a":0,"k":100,"ix":5},"r":1,"bm":0,"nm":"Fill 1","mn":"ADBE Vector Graphic - Fill","hd":false},{"ty":"tr","p":{"a":0,"k":[0,0],"ix":2},"a":{"a":0,"k":[0,0],"ix":1},"s":{"a":0,"k":[100,100],"ix":3},"r":{"a":0,"k":0,"ix":6},"o":{"a":0,"k":100,"ix":7},"sk":{"a":0,"k":0,"ix":4},"sa":{"a":0,"k":0,"ix":5},"nm":"Transform"}],"nm":"Group 1","np":2,"cix":2,"bm":0,"ix":1,"mn":"ADBE Vector Group","hd":false}],"ip":1,"op":17,"st":1,"bm":0},{"ddd":0,"ind":3,"ty":4,"nm":"Spaker_02","sr":1,"ks":{"o":{"a":1,"k":[{"i":{"x":[0.667],"y":[1]},"o":{"x":[0.746],"y":[0]},"t":0,"s":[0]},{"i":{"x":[0.275],"y":[1]},"o":{"x":[0.333],"y":[0]},"t":7,"s":[100]},{"t":14,"s":[0]}],"ix":11},"r":{"a":0,"k":0,"ix":10},"p":{"s":true,"x":{"a":1,"k":[{"i":{"x":[0.471],"y":[1]},"o":{"x":[0.54],"y":[0]},"t":0,"s":[570.602]},{"t":14,"s":[674.602]}],"ix":3},"y":{"a":0,"k":506.408,"ix":4}},"a":{"a":0,"k":[0,0,0],"ix":1},"s":{"a":0,"k":[100,100,100],"ix":6}},"ao":0,"shapes":[{"ty":"gr","it":[{"ind":0,"ty":"sh","ix":1,"ks":{"a":0,"k":{"i":[[0,46.049],[40.053,22.673],[6.973,-12.327],[-12.326,-6.973],[0,-27.607],[24.002,-13.591],[-6.981,-12.32],[-8.939,0],[-3.987,2.26]],"o":[[0,-46.049],[-12.313,-6.981],[-6.981,12.319],[24.002,13.591],[0,27.607],[-12.326,6.973],[4.713,8.332],[4.276,0],[40.053,-22.673]],"v":[[51.604,-0.001],[-13.326,-111.418],[-48.269,-101.739],[-38.592,-66.797],[0.322,-0.001],[-38.592,66.795],[-48.269,101.738],[-25.934,114.753],[-13.326,111.416]],"c":true},"ix":2},"nm":"Path 1","mn":"ADBE Vector Shape - Group","hd":false},{"ty":"fl","c":{"a":0,"k":[0.40000000596,0.411764711142,0.839215695858,1],"ix":4},"o":{"a":0,"k":100,"ix":5},"r":1,"bm":0,"nm":"Fill 1","mn":"ADBE Vector Graphic - Fill","hd":false},{"ty":"tr","p":{"a":0,"k":[0,0],"ix":2},"a":{"a":0,"k":[0,0],"ix":1},"s":{"a":0,"k":[100,100],"ix":3},"r":{"a":0,"k":0,"ix":6},"o":{"a":0,"k":100,"ix":7},"sk":{"a":0,"k":0,"ix":4},"sa":{"a":0,"k":0,"ix":5},"nm":"Transform"}],"nm":"Group 1","np":2,"cix":2,"bm":0,"ix":1,"mn":"ADBE Vector Group","hd":false}],"ip":0,"op":17,"st":0,"bm":0},{"ddd":0,"ind":4,"ty":4,"nm":"Spaker_01","sr":1,"ks":{"o":{"a":0,"k":100,"ix":11},"r":{"a":0,"k":0,"ix":10},"p":{"a":0,"k":[192.304,500,0],"ix":2},"a":{"a":0,"k":[-153.848,0,0],"ix":1},"s":{"a":0,"k":[100,100,100],"ix":6}},"ao":0,"shapes":[{"ty":"gr","it":[{"ind":0,"ty":"sh","ix":1,"ks":{"a":0,"k":{"i":[[0,0],[0,0],[5.214,0],[0,0],[0,14.141],[0,0],[-14.141,0],[0,0],[-4.482,3.444],[0,0]],"o":[[0,0],[-4.288,-2.968],[0,0],[-14.141,0],[0,0],[0,-14.141],[0,0],[5.653,0],[0,0],[0,0]],"v":[[102.565,175.424],[-23.87,87.889],[-38.462,83.331],[-76.924,83.331],[-102.565,57.69],[-102.565,-44.875],[-76.924,-70.517],[-38.462,-70.517],[-22.831,-75.832],[102.565,-172.293]],"c":true},"ix":2},"nm":"Path 1","mn":"ADBE Vector Shape - Group","hd":false},{"ind":1,"ty":"sh","ix":2,"ks":{"a":0,"k":{"i":[[8.764,4.319],[7.737,-5.941],[0,0],[0,0],[0,-42.418],[0,0],[-42.419,0],[0,0],[0,0],[-5.121,0],[-3.744,1.959],[0,9.535],[0,0]],"o":[[-8.758,-4.308],[0,0],[0,0],[-42.419,0],[0,0],[0,42.419],[0,0],[0,0],[4.369,3.024],[4.076,0],[8.445,-4.426],[0,0],[0,-9.766]],"v":[[139.531,-247.37],[112.576,-244.69],[-47.182,-121.799],[-76.924,-121.799],[-153.848,-44.875],[-153.848,57.69],[-76.924,134.614],[-46.468,134.614],[113.614,245.442],[128.207,250],[140.107,247.07],[153.848,224.359],[153.848,-224.364]],"c":true},"ix":2},"nm":"Path 2","mn":"ADBE Vector Shape - Group","hd":false},{"ty":"fl","c":{"a":0,"k":[0.40000000596,0.411764711142,0.839215695858,1],"ix":4},"o":{"a":0,"k":100,"ix":5},"r":1,"bm":0,"nm":"Fill 1","mn":"ADBE Vector Graphic - Fill","hd":false},{"ty":"tr","p":{"a":0,"k":[0,0],"ix":2},"a":{"a":0,"k":[0,0],"ix":1},"s":{"a":0,"k":[100,100],"ix":3},"r":{"a":0,"k":0,"ix":6},"o":{"a":0,"k":100,"ix":7},"sk":{"a":0,"k":0,"ix":4},"sa":{"a":0,"k":0,"ix":5},"nm":"Transform"}],"nm":"Group 1","np":3,"cix":2,"bm":0,"ix":1,"mn":"ADBE Vector Group","hd":false}],"ip":0,"op":17,"st":0,"bm":0}],"markers":[]}